entity_id,state,last_changed
sensor.ups_monitor_ah_delivered_this_outage,0.00739513197913766,2026-05-06T04:00:00.000Z
sensor.ups_monitor_ah_delivered_this_outage,0.00818242598325014,2026-05-06T10:25:12.627Z
sensor.ups_monitor_ah_delivered_this_outage,0.00980822741985321,2026-05-06T10:25:17.629Z
sensor.ups_monitor_ah_delivered_this_outage,0.0,2026-05-06T10:25:20.794Z
sensor.ups_monitor_ah_delivered_this_outage,0.00165034714154899,2026-05-06T10:25:22.630Z
sensor.ups_monitor_ah_delivered_this_outage,0.00323420111089945,2026-05-06T10:25:27.642Z
sensor.ups_monitor_ah_delivered_this_outage,0.00478611094877124,2026-05-06T10:25:32.634Z
sensor.ups_monitor_ah_delivered_this_outage,0.00637740129604936,2026-05-06T10:25:37.644Z
sensor.ups_monitor_ah_delivered_this_outage,0.00799786392599344,2026-05-06T10:25:42.631Z
sensor.ups_monitor_ah_delivered_this_outage,0.00959526002407074,2026-05-06T10:25:47.632Z
sensor.ups_monitor_ah_delivered_this_outage,0.0111526539549232,2026-05-06T10:25:52.634Z
sensor.ups_monitor_ah_delivered_this_outage,0.0127074047923088,2026-05-06T10:25:57.636Z
sensor.ups_monitor_ah_delivered_this_outage,0.0142925567924976,2026-05-06T10:26:02.640Z
sensor.ups_monitor_ah_delivered_this_outage,0.0158918630331755,2026-05-06T10:26:07.641Z
sensor.ups_monitor_ah_delivered_this_outage,0.017460785806179,2026-05-06T10:26:12.642Z
sensor.ups_monitor_ah_delivered_this_outage,0.01902842707932,2026-05-06T10:26:17.654Z
sensor.ups_monitor_ah_delivered_this_outage,0.0206688195466995,2026-05-06T10:26:22.644Z
sensor.ups_monitor_ah_delivered_this_outage,0.0222788900136948,2026-05-06T10:26:27.644Z
sensor.ups_monitor_ah_delivered_this_outage,0.0238471180200577,2026-05-06T10:26:32.644Z
sensor.ups_monitor_ah_delivered_this_outage,0.0254228133708239,2026-05-06T10:26:37.645Z
sensor.ups_monitor_ah_delivered_this_outage,0.0270280633121729,2026-05-06T10:26:42.649Z
sensor.ups_monitor_ah_delivered_this_outage,0.028642101213336,2026-05-06T10:26:47.651Z
sensor.ups_monitor_ah_delivered_this_outage,0.0301999803632498,2026-05-06T10:26:52.654Z
sensor.ups_monitor_ah_delivered_this_outage,0.0317705385386944,2026-05-06T10:26:57.657Z
sensor.ups_monitor_ah_delivered_this_outage,0.0333636812865734,2026-05-06T10:27:02.660Z
sensor.ups_monitor_ah_delivered_this_outage,0.0349794812500477,2026-05-06T10:27:07.661Z
sensor.ups_monitor_ah_delivered_this_outage,0.0365900695323944,2026-05-06T10:27:12.660Z
sensor.ups_monitor_ah_delivered_this_outage,0.038223210722208,2026-05-06T10:27:17.663Z
sensor.ups_monitor_ah_delivered_this_outage,0.0398502945899963,2026-05-06T10:27:22.661Z
sensor.ups_monitor_ah_delivered_this_outage,0.041438601911068,2026-05-06T10:27:27.675Z
sensor.ups_monitor_ah_delivered_this_outage,0.0430530123412609,2026-05-06T10:27:32.663Z
sensor.ups_monitor_ah_delivered_this_outage,0.0446488447487354,2026-05-06T10:27:37.663Z
sensor.ups_monitor_ah_delivered_this_outage,0.0463009104132652,2026-05-06T10:27:42.677Z
sensor.ups_monitor_ah_delivered_this_outage,0.0479507222771645,2026-05-06T10:27:47.666Z
sensor.ups_monitor_ah_delivered_this_outage,0.0495536737143993,2026-05-06T10:27:52.665Z
sensor.ups_monitor_ah_delivered_this_outage,0.0511567443609238,2026-05-06T10:27:57.679Z
sensor.ups_monitor_ah_delivered_this_outage,0.0527855642139912,2026-05-06T10:28:02.667Z
sensor.ups_monitor_ah_delivered_this_outage,0.054438516497612,2026-05-06T10:28:07.666Z
sensor.ups_monitor_ah_delivered_this_outage,0.0560320056974888,2026-05-06T10:28:12.670Z
sensor.ups_monitor_ah_delivered_this_outage,0.0576281845569611,2026-05-06T10:28:17.670Z
sensor.ups_monitor_ah_delivered_this_outage,0.0592248886823654,2026-05-06T10:28:22.670Z
sensor.ups_monitor_ah_delivered_this_outage,0.0608464144170284,2026-05-06T10:28:27.669Z
sensor.ups_monitor_ah_delivered_this_outage,0.0624620392918587,2026-05-06T10:28:32.670Z
sensor.ups_monitor_ah_delivered_this_outage,0.0640226304531097,2026-05-06T10:28:37.669Z
sensor.ups_monitor_ah_delivered_this_outage,0.0656404197216034,2026-05-06T10:28:42.675Z
sensor.ups_monitor_ah_delivered_this_outage,0.0672867372632027,2026-05-06T10:28:47.675Z
sensor.ups_monitor_ah_delivered_this_outage,0.0689336061477661,2026-05-06T10:28:52.676Z
sensor.ups_monitor_ah_delivered_this_outage,0.0705749318003654,2026-05-06T10:28:57.675Z
sensor.ups_monitor_ah_delivered_this_outage,0.07216677069664,2026-05-06T10:29:02.676Z
sensor.ups_monitor_ah_delivered_this_outage,0.0737820491194725,2026-05-06T10:29:07.675Z
sensor.ups_monitor_ah_delivered_this_outage,0.0754009708762169,2026-05-06T10:29:12.675Z
sensor.ups_monitor_ah_delivered_this_outage,0.0769721493124962,2026-05-06T10:29:17.679Z
sensor.ups_monitor_ah_delivered_this_outage,0.0785733684897423,2026-05-06T10:29:22.675Z
sensor.ups_monitor_ah_delivered_this_outage,0.0802082642912865,2026-05-06T10:29:27.689Z
sensor.ups_monitor_ah_delivered_this_outage,0.0818631201982498,2026-05-06T10:29:32.675Z
sensor.ups_monitor_ah_delivered_this_outage,0.083510659635067,2026-05-06T10:29:37.691Z
sensor.ups_monitor_ah_delivered_this_outage,0.0851130858063698,2026-05-06T10:29:42.678Z
sensor.ups_monitor_ah_delivered_this_outage,0.0867340937256813,2026-05-06T10:29:47.678Z
sensor.ups_monitor_ah_delivered_this_outage,0.0883368477225304,2026-05-06T10:29:52.678Z
sensor.ups_monitor_ah_delivered_this_outage,0.0899680331349373,2026-05-06T10:29:57.681Z
sensor.ups_monitor_ah_delivered_this_outage,0.0915900096297264,2026-05-06T10:30:02.684Z
sensor.ups_monitor_ah_delivered_this_outage,0.0931580662727356,2026-05-06T10:30:07.685Z
sensor.ups_monitor_ah_delivered_this_outage,0.0947772711515427,2026-05-06T10:30:12.688Z
sensor.ups_monitor_ah_delivered_this_outage,0.0964010506868362,2026-05-06T10:30:17.687Z
sensor.ups_monitor_ah_delivered_this_outage,0.0980329960584641,2026-05-06T10:30:22.688Z
sensor.ups_monitor_ah_delivered_this_outage,0.0996963679790497,2026-05-06T10:30:27.687Z
sensor.ups_monitor_ah_delivered_this_outage,0.101323798298836,2026-05-06T10:30:32.688Z
sensor.ups_monitor_ah_delivered_this_outage,0.102973625063896,2026-05-06T10:30:37.687Z
sensor.ups_monitor_ah_delivered_this_outage,0.104646690189838,2026-05-06T10:30:42.691Z
sensor.ups_monitor_ah_delivered_this_outage,0.106283664703369,2026-05-06T10:30:47.690Z
sensor.ups_monitor_ah_delivered_this_outage,0.107902243733406,2026-05-06T10:30:52.690Z
sensor.ups_monitor_ah_delivered_this_outage,0.109483316540718,2026-05-06T10:30:57.689Z
sensor.ups_monitor_ah_delivered_this_outage,0.111089572310448,2026-05-06T10:31:02.692Z
sensor.ups_monitor_ah_delivered_this_outage,0.112782970070839,2026-05-06T10:31:07.690Z
sensor.ups_monitor_ah_delivered_this_outage,0.114457279443741,2026-05-06T10:31:12.692Z
sensor.ups_monitor_ah_delivered_this_outage,0.116064049303532,2026-05-06T10:31:17.693Z
sensor.ups_monitor_ah_delivered_this_outage,0.117644086480141,2026-05-06T10:31:22.691Z
sensor.ups_monitor_ah_delivered_this_outage,0.119240440428257,2026-05-06T10:31:27.688Z
sensor.ups_monitor_ah_delivered_this_outage,0.120847553014755,2026-05-06T10:31:32.690Z
sensor.ups_monitor_ah_delivered_this_outage,0.122433319687843,2026-05-06T10:31:37.689Z
sensor.ups_monitor_ah_delivered_this_outage,0.124050676822662,2026-05-06T10:31:42.689Z
sensor.ups_monitor_ah_delivered_this_outage,0.125683799386024,2026-05-06T10:31:47.706Z
sensor.ups_monitor_ah_delivered_this_outage,0.127340391278267,2026-05-06T10:31:52.692Z
sensor.ups_monitor_ah_delivered_this_outage,0.128977030515671,2026-05-06T10:31:57.691Z
sensor.ups_monitor_ah_delivered_this_outage,0.130607739090919,2026-05-06T10:32:02.695Z
sensor.ups_monitor_ah_delivered_this_outage,0.132288426160812,2026-05-06T10:32:07.695Z
sensor.ups_monitor_ah_delivered_this_outage,0.133939474821091,2026-05-06T10:32:12.696Z
sensor.ups_monitor_ah_delivered_this_outage,0.135539472103119,2026-05-06T10:32:17.695Z
sensor.ups_monitor_ah_delivered_this_outage,0.137174710631371,2026-05-06T10:32:22.695Z
sensor.ups_monitor_ah_delivered_this_outage,0.138789102435112,2026-05-06T10:32:27.709Z
sensor.ups_monitor_ah_delivered_this_outage,0.140389949083328,2026-05-06T10:32:32.698Z
sensor.ups_monitor_ah_delivered_this_outage,0.141992539167404,2026-05-06T10:32:37.697Z
sensor.ups_monitor_ah_delivered_this_outage,0.143554180860519,2026-05-06T10:32:42.702Z
sensor.ups_monitor_ah_delivered_this_outage,0.145172700285912,2026-05-06T10:32:47.704Z
sensor.ups_monitor_ah_delivered_this_outage,0.146808639168739,2026-05-06T10:32:52.704Z
sensor.ups_monitor_ah_delivered_this_outage,0.148386046290398,2026-05-06T10:32:57.705Z
sensor.ups_monitor_ah_delivered_this_outage,0.149958267807961,2026-05-06T10:33:02.706Z
sensor.ups_monitor_ah_delivered_this_outage,0.151552528142929,2026-05-06T10:33:07.705Z
sensor.ups_monitor_ah_delivered_this_outage,0.153157398104668,2026-05-06T10:33:12.705Z
sensor.ups_monitor_ah_delivered_this_outage,0.154792979359627,2026-05-06T10:33:17.705Z
sensor.ups_monitor_ah_delivered_this_outage,0.156439855694771,2026-05-06T10:33:22.705Z
sensor.ups_monitor_ah_delivered_this_outage,0.158056676387787,2026-05-06T10:33:27.706Z
sensor.ups_monitor_ah_delivered_this_outage,0.159694001078606,2026-05-06T10:33:32.706Z
sensor.ups_monitor_ah_delivered_this_outage,0.161315187811852,2026-05-06T10:33:37.706Z
sensor.ups_monitor_ah_delivered_this_outage,0.162896603345871,2026-05-06T10:33:42.707Z
sensor.ups_monitor_ah_delivered_this_outage,0.164478719234467,2026-05-06T10:33:47.707Z
sensor.ups_monitor_ah_delivered_this_outage,0.166104763746262,2026-05-06T10:33:52.706Z
sensor.ups_monitor_ah_delivered_this_outage,0.167771607637405,2026-05-06T10:33:57.706Z
sensor.ups_monitor_ah_delivered_this_outage,0.169403374195099,2026-05-06T10:34:02.706Z
sensor.ups_monitor_ah_delivered_this_outage,0.171000257134438,2026-05-06T10:34:07.707Z
sensor.ups_monitor_ah_delivered_this_outage,0.172592088580132,2026-05-06T10:34:12.706Z
sensor.ups_monitor_ah_delivered_this_outage,0.174214839935303,2026-05-06T10:34:17.706Z
sensor.ups_monitor_ah_delivered_this_outage,0.175833940505981,2026-05-06T10:34:22.706Z
sensor.ups_monitor_ah_delivered_this_outage,0.177418038249016,2026-05-06T10:34:27.708Z
sensor.ups_monitor_ah_delivered_this_outage,0.179017409682274,2026-05-06T10:34:32.713Z
sensor.ups_monitor_ah_delivered_this_outage,0.180662706494331,2026-05-06T10:34:37.714Z
sensor.ups_monitor_ah_delivered_this_outage,0.182291999459267,2026-05-06T10:34:42.729Z
sensor.ups_monitor_ah_delivered_this_outage,0.183899641036987,2026-05-06T10:34:47.716Z
sensor.ups_monitor_ah_delivered_this_outage,0.185520470142365,2026-05-06T10:34:52.717Z
sensor.ups_monitor_ah_delivered_this_outage,0.187156185507774,2026-05-06T10:34:57.719Z
sensor.ups_monitor_ah_delivered_this_outage,0.188778057694435,2026-05-06T10:35:02.718Z
sensor.ups_monitor_ah_delivered_this_outage,0.190423712134361,2026-05-06T10:35:07.719Z
sensor.ups_monitor_ah_delivered_this_outage,0.192130491137505,2026-05-06T10:35:12.719Z
sensor.ups_monitor_ah_delivered_this_outage,0.193771630525589,2026-05-06T10:35:17.721Z
sensor.ups_monitor_ah_delivered_this_outage,0.19536517560482,2026-05-06T10:35:22.720Z
sensor.ups_monitor_ah_delivered_this_outage,0.196978464722633,2026-05-06T10:35:27.723Z
sensor.ups_monitor_ah_delivered_this_outage,0.198616147041321,2026-05-06T10:35:32.722Z
sensor.ups_monitor_ah_delivered_this_outage,0.200300171971321,2026-05-06T10:35:37.723Z
sensor.ups_monitor_ah_delivered_this_outage,0.201947748661041,2026-05-06T10:35:42.722Z
sensor.ups_monitor_ah_delivered_this_outage,0.203563198447227,2026-05-06T10:35:47.723Z
sensor.ups_monitor_ah_delivered_this_outage,0.205171704292297,2026-05-06T10:35:52.724Z
sensor.ups_monitor_ah_delivered_this_outage,0.206764414906502,2026-05-06T10:35:57.723Z
sensor.ups_monitor_ah_delivered_this_outage,0.208366841077805,2026-05-06T10:36:02.723Z
sensor.ups_monitor_ah_delivered_this_outage,0.20997516810894,2026-05-06T10:36:07.723Z
sensor.ups_monitor_ah_delivered_this_outage,0.211588367819786,2026-05-06T10:36:12.723Z
sensor.ups_monitor_ah_delivered_this_outage,0.213197574019432,2026-05-06T10:36:17.723Z
sensor.ups_monitor_ah_delivered_this_outage,0.21480955183506,2026-05-06T10:36:22.726Z
sensor.ups_monitor_ah_delivered_this_outage,0.216412246227264,2026-05-06T10:36:27.726Z
sensor.ups_monitor_ah_delivered_this_outage,0.218043088912964,2026-05-06T10:36:32.730Z
sensor.ups_monitor_ah_delivered_this_outage,0.219719961285591,2026-05-06T10:36:37.732Z
sensor.ups_monitor_ah_delivered_this_outage,0.221335753798485,2026-05-06T10:36:42.732Z
sensor.ups_monitor_ah_delivered_this_outage,0.222936972975731,2026-05-06T10:36:47.731Z
sensor.ups_monitor_ah_delivered_this_outage,0.224535867571831,2026-05-06T10:36:52.733Z
sensor.ups_monitor_ah_delivered_this_outage,0.226136565208435,2026-05-06T10:36:57.734Z
sensor.ups_monitor_ah_delivered_this_outage,0.22773639857769,2026-05-06T10:37:02.733Z
sensor.ups_monitor_ah_delivered_this_outage,0.229308024048805,2026-05-06T10:37:07.735Z
sensor.ups_monitor_ah_delivered_this_outage,0.230885535478592,2026-05-06T10:37:12.738Z
sensor.ups_monitor_ah_delivered_this_outage,0.232480332255363,2026-05-06T10:37:17.739Z
sensor.ups_monitor_ah_delivered_this_outage,0.234089538455009,2026-05-06T10:37:22.747Z
sensor.ups_monitor_ah_delivered_this_outage,0.23568207025528,2026-05-06T10:37:27.751Z
sensor.ups_monitor_ah_delivered_this_outage,0.237336754798889,2026-05-06T10:37:32.738Z
sensor.ups_monitor_ah_delivered_this_outage,0.239024415612221,2026-05-06T10:37:37.740Z
sensor.ups_monitor_ah_delivered_this_outage,0.240635588765144,2026-05-06T10:37:42.746Z
sensor.ups_monitor_ah_delivered_this_outage,0.242198437452316,2026-05-06T10:37:47.745Z
sensor.ups_monitor_ah_delivered_this_outage,0.243771359324455,2026-05-06T10:37:52.745Z
sensor.ups_monitor_ah_delivered_this_outage,0.245436459779739,2026-05-06T10:37:57.752Z
sensor.ups_monitor_ah_delivered_this_outage,0.247106552124023,2026-05-06T10:38:02.748Z
sensor.ups_monitor_ah_delivered_this_outage,0.248693749308586,2026-05-06T10:38:07.752Z
sensor.ups_monitor_ah_delivered_this_outage,0.250306755304337,2026-05-06T10:38:12.760Z
sensor.ups_monitor_ah_delivered_this_outage,0.251944929361343,2026-05-06T10:38:17.754Z
sensor.ups_monitor_ah_delivered_this_outage,0.253545820713043,2026-05-06T10:38:22.753Z
sensor.ups_monitor_ah_delivered_this_outage,0.255114376544952,2026-05-06T10:38:27.753Z
sensor.ups_monitor_ah_delivered_this_outage,0.256712287664413,2026-05-06T10:38:32.761Z
sensor.ups_monitor_ah_delivered_this_outage,0.258313149213791,2026-05-06T10:38:37.764Z
sensor.ups_monitor_ah_delivered_this_outage,0.259920448064804,2026-05-06T10:38:42.766Z
sensor.ups_monitor_ah_delivered_this_outage,0.261537104845047,2026-05-06T10:38:47.753Z
sensor.ups_monitor_ah_delivered_this_outage,0.263155341148376,2026-05-06T10:38:52.755Z
sensor.ups_monitor_ah_delivered_this_outage,0.264808624982834,2026-05-06T10:38:57.755Z
sensor.ups_monitor_ah_delivered_this_outage,0.266447007656097,2026-05-06T10:39:02.751Z
sensor.ups_monitor_ah_delivered_this_outage,0.268066257238388,2026-05-06T10:39:07.754Z
sensor.ups_monitor_ah_delivered_this_outage,0.269671410322189,2026-05-06T10:39:12.756Z
sensor.ups_monitor_ah_delivered_this_outage,0.271264046430588,2026-05-06T10:39:17.761Z
sensor.ups_monitor_ah_delivered_this_outage,0.272856593132019,2026-05-06T10:39:22.771Z
sensor.ups_monitor_ah_delivered_this_outage,0.274443328380585,2026-05-06T10:39:27.772Z
sensor.ups_monitor_ah_delivered_this_outage,0.276009231805801,2026-05-06T10:39:32.775Z
sensor.ups_monitor_ah_delivered_this_outage,0.277558535337448,2026-05-06T10:39:37.770Z
sensor.ups_monitor_ah_delivered_this_outage,0.27916356921196,2026-05-06T10:39:42.763Z
sensor.ups_monitor_ah_delivered_this_outage,0.280811846256256,2026-05-06T10:39:47.764Z
sensor.ups_monitor_ah_delivered_this_outage,0.282505929470062,2026-05-06T10:39:52.764Z
sensor.ups_monitor_ah_delivered_this_outage,0.284206628799438,2026-05-06T10:39:57.764Z
sensor.ups_monitor_ah_delivered_this_outage,0.285826355218887,2026-05-06T10:40:02.766Z
sensor.ups_monitor_ah_delivered_this_outage,0.287442147731781,2026-05-06T10:40:07.779Z
sensor.ups_monitor_ah_delivered_this_outage,0.289067476987839,2026-05-06T10:40:12.767Z
sensor.ups_monitor_ah_delivered_this_outage,0.290669292211533,2026-05-06T10:40:17.771Z
sensor.ups_monitor_ah_delivered_this_outage,0.292256385087967,2026-05-06T10:40:22.782Z
sensor.ups_monitor_ah_delivered_this_outage,0.293830662965775,2026-05-06T10:40:27.775Z
sensor.ups_monitor_ah_delivered_this_outage,0.295423716306686,2026-05-06T10:40:32.775Z
sensor.ups_monitor_ah_delivered_this_outage,0.297066569328308,2026-05-06T10:40:37.775Z
sensor.ups_monitor_ah_delivered_this_outage,0.298696964979172,2026-05-06T10:40:42.775Z
sensor.ups_monitor_ah_delivered_this_outage,0.30031430721283,2026-05-06T10:40:47.776Z
sensor.ups_monitor_ah_delivered_this_outage,0.301936149597168,2026-05-06T10:40:52.780Z
sensor.ups_monitor_ah_delivered_this_outage,0.303615123033524,2026-05-06T10:40:57.778Z
sensor.ups_monitor_ah_delivered_this_outage,0.305290132761002,2026-05-06T10:41:02.779Z
sensor.ups_monitor_ah_delivered_this_outage,0.30689013004303,2026-05-06T10:41:07.779Z
sensor.ups_monitor_ah_delivered_this_outage,0.308478623628616,2026-05-06T10:41:12.792Z
sensor.ups_monitor_ah_delivered_this_outage,0.310048609972,2026-05-06T10:41:17.780Z
sensor.ups_monitor_ah_delivered_this_outage,0.311667174100876,2026-05-06T10:41:22.779Z
sensor.ups_monitor_ah_delivered_this_outage,0.313317149877548,2026-05-06T10:41:27.781Z
sensor.ups_monitor_ah_delivered_this_outage,0.314976513385773,2026-05-06T10:41:32.781Z
sensor.ups_monitor_ah_delivered_this_outage,0.316610187292099,2026-05-06T10:41:37.782Z
sensor.ups_monitor_ah_delivered_this_outage,0.318242490291595,2026-05-06T10:41:42.782Z
sensor.ups_monitor_ah_delivered_this_outage,0.319899916648865,2026-05-06T10:41:47.785Z
sensor.ups_monitor_ah_delivered_this_outage,0.321508198976517,2026-05-06T10:41:52.799Z
sensor.ups_monitor_ah_delivered_this_outage,0.323100507259369,2026-05-06T10:41:57.802Z
sensor.ups_monitor_ah_delivered_this_outage,0.324710577726364,2026-05-06T10:42:02.788Z
sensor.ups_monitor_ah_delivered_this_outage,0.326340913772583,2026-05-06T10:42:07.790Z
sensor.ups_monitor_ah_delivered_this_outage,0.327937602996826,2026-05-06T10:42:12.790Z
sensor.ups_monitor_ah_delivered_this_outage,0.329601496458054,2026-05-06T10:42:17.791Z
sensor.ups_monitor_ah_delivered_this_outage,0.331384122371674,2026-05-06T10:42:22.790Z
sensor.ups_monitor_ah_delivered_this_outage,0.333098888397217,2026-05-06T10:42:27.792Z
sensor.ups_monitor_ah_delivered_this_outage,0.334734410047531,2026-05-06T10:42:32.795Z
sensor.ups_monitor_ah_delivered_this_outage,0.336356431245804,2026-05-06T10:42:37.795Z
sensor.ups_monitor_ah_delivered_this_outage,0.337976157665253,2026-05-06T10:42:42.809Z
sensor.ups_monitor_ah_delivered_this_outage,0.339603334665298,2026-05-06T10:42:47.802Z
sensor.ups_monitor_ah_delivered_this_outage,0.341189980506897,2026-05-06T10:42:52.815Z
sensor.ups_monitor_ah_delivered_this_outage,0.342767924070358,2026-05-06T10:42:57.802Z
sensor.ups_monitor_ah_delivered_this_outage,0.344378262758255,2026-05-06T10:43:02.805Z
sensor.ups_monitor_ah_delivered_this_outage,0.345978617668152,2026-05-06T10:43:07.805Z
sensor.ups_monitor_ah_delivered_this_outage,0.34756338596344,2026-05-06T10:43:12.808Z
sensor.ups_monitor_ah_delivered_this_outage,0.349152088165283,2026-05-06T10:43:17.809Z
sensor.ups_monitor_ah_delivered_this_outage,0.35073983669281,2026-05-06T10:43:22.813Z
sensor.ups_monitor_ah_delivered_this_outage,0.352346062660217,2026-05-06T10:43:27.826Z
sensor.ups_monitor_ah_delivered_this_outage,0.353951454162598,2026-05-06T10:43:32.813Z
sensor.ups_monitor_ah_delivered_this_outage,0.355524301528931,2026-05-06T10:43:37.814Z
sensor.ups_monitor_ah_delivered_this_outage,0.357089638710022,2026-05-06T10:43:42.818Z
sensor.ups_monitor_ah_delivered_this_outage,0.358670890331268,2026-05-06T10:43:47.818Z
sensor.ups_monitor_ah_delivered_this_outage,0.3602514564991,2026-05-06T10:43:52.821Z
sensor.ups_monitor_ah_delivered_this_outage,0.36188530921936,2026-05-06T10:43:57.818Z
sensor.ups_monitor_ah_delivered_this_outage,0.363555639982224,2026-05-06T10:44:02.920Z
sensor.ups_monitor_ah_delivered_this_outage,0.365195870399475,2026-05-06T10:44:07.818Z
sensor.ups_monitor_ah_delivered_this_outage,0.366844832897186,2026-05-06T10:44:12.825Z
sensor.ups_monitor_ah_delivered_this_outage,0.368504911661148,2026-05-06T10:44:17.818Z
sensor.ups_monitor_ah_delivered_this_outage,0.370132684707642,2026-05-06T10:44:22.916Z
sensor.ups_monitor_ah_delivered_this_outage,0.371721416711807,2026-05-06T10:44:27.818Z
sensor.ups_monitor_ah_delivered_this_outage,0.373363584280014,2026-05-06T10:44:32.823Z
sensor.ups_monitor_ah_delivered_this_outage,0.375071913003922,2026-05-06T10:44:37.819Z
sensor.ups_monitor_ah_delivered_this_outage,0.376746207475662,2026-05-06T10:44:42.823Z
sensor.ups_monitor_ah_delivered_this_outage,0.378376930952072,2026-05-06T10:44:47.820Z
sensor.ups_monitor_ah_delivered_this_outage,0.379996359348297,2026-05-06T10:44:52.823Z
sensor.ups_monitor_ah_delivered_this_outage,0.381600707769394,2026-05-06T10:44:57.820Z
sensor.ups_monitor_ah_delivered_this_outage,0.383260428905487,2026-05-06T10:45:02.822Z
sensor.ups_monitor_ah_delivered_this_outage,0.384896367788315,2026-05-06T10:45:07.821Z
sensor.ups_monitor_ah_delivered_this_outage,0.386517703533173,2026-05-06T10:45:12.821Z
sensor.ups_monitor_ah_delivered_this_outage,0.388135761022568,2026-05-06T10:45:17.821Z
sensor.ups_monitor_ah_delivered_this_outage,0.389714926481247,2026-05-06T10:45:22.920Z
sensor.ups_monitor_ah_delivered_this_outage,0.391335248947144,2026-05-06T10:45:27.821Z
sensor.ups_monitor_ah_delivered_this_outage,0.392989575862885,2026-05-06T10:45:32.825Z
sensor.ups_monitor_ah_delivered_this_outage,0.394627720117569,2026-05-06T10:45:37.824Z
sensor.ups_monitor_ah_delivered_this_outage,0.396224409341812,2026-05-06T10:45:42.823Z
sensor.ups_monitor_ah_delivered_this_outage,0.397822499275208,2026-05-06T10:45:47.825Z
sensor.ups_monitor_ah_delivered_this_outage,0.39940819144249,2026-05-06T10:45:52.916Z
sensor.ups_monitor_ah_delivered_this_outage,0.400995343923569,2026-05-06T10:45:57.827Z
sensor.ups_monitor_ah_delivered_this_outage,0.402639210224152,2026-05-06T10:46:02.920Z
sensor.ups_monitor_ah_delivered_this_outage,0.404272556304932,2026-05-06T10:46:07.829Z
sensor.ups_monitor_ah_delivered_this_outage,0.405850976705551,2026-05-06T10:46:12.915Z
sensor.ups_monitor_ah_delivered_this_outage,0.407416075468063,2026-05-06T10:46:17.831Z
sensor.ups_monitor_ah_delivered_this_outage,0.409002691507339,2026-05-06T10:46:22.918Z
sensor.ups_monitor_ah_delivered_this_outage,0.410600453615189,2026-05-06T10:46:27.830Z
sensor.ups_monitor_ah_delivered_this_outage,0.412241578102112,2026-05-06T10:46:32.921Z
sensor.ups_monitor_ah_delivered_this_outage,0.413874179124832,2026-05-06T10:46:37.834Z
sensor.ups_monitor_ah_delivered_this_outage,0.415460139513016,2026-05-06T10:46:42.919Z
sensor.ups_monitor_ah_delivered_this_outage,0.417052298784256,2026-05-06T10:46:47.834Z
sensor.ups_monitor_ah_delivered_this_outage,0.418677121400833,2026-05-06T10:46:52.915Z
sensor.ups_monitor_ah_delivered_this_outage,0.420300722122192,2026-05-06T10:46:57.834Z
sensor.ups_monitor_ah_delivered_this_outage,0.421870321035385,2026-05-06T10:47:02.918Z
sensor.ups_monitor_ah_delivered_this_outage,0.423440098762512,2026-05-06T10:47:07.835Z
sensor.ups_monitor_ah_delivered_this_outage,0.425047904253006,2026-05-06T10:47:12.914Z
sensor.ups_monitor_ah_delivered_this_outage,0.426679283380508,2026-05-06T10:47:17.838Z
sensor.ups_monitor_ah_delivered_this_outage,0.42830964922905,2026-05-06T10:47:22.915Z
sensor.ups_monitor_ah_delivered_this_outage,0.42992839217186,2026-05-06T10:47:27.839Z
sensor.ups_monitor_ah_delivered_this_outage,0.431557387113571,2026-05-06T10:47:32.926Z
sensor.ups_monitor_ah_delivered_this_outage,0.433190524578094,2026-05-06T10:47:37.840Z
sensor.ups_monitor_ah_delivered_this_outage,0.434800565242767,2026-05-06T10:47:42.918Z
sensor.ups_monitor_ah_delivered_this_outage,0.436415761709213,2026-05-06T10:47:47.843Z
sensor.ups_monitor_ah_delivered_this_outage,0.43804544210434,2026-05-06T10:47:52.917Z
sensor.ups_monitor_ah_delivered_this_outage,0.439656227827072,2026-05-06T10:47:57.843Z
sensor.ups_monitor_ah_delivered_this_outage,0.441291451454163,2026-05-06T10:48:02.921Z
sensor.ups_monitor_ah_delivered_this_outage,0.442934334278107,2026-05-06T10:48:07.843Z
sensor.ups_monitor_ah_delivered_this_outage,0.44454100728035,2026-05-06T10:48:12.922Z
sensor.ups_monitor_ah_delivered_this_outage,0.446124166250229,2026-05-06T10:48:17.847Z
sensor.ups_monitor_ah_delivered_this_outage,0.44770610332489,2026-05-06T10:48:22.920Z
sensor.ups_monitor_ah_delivered_this_outage,0.449323117733002,2026-05-06T10:48:27.847Z
sensor.ups_monitor_ah_delivered_this_outage,0.450978845357895,2026-05-06T10:48:32.922Z
sensor.ups_monitor_ah_delivered_this_outage,0.452620178461075,2026-05-06T10:48:37.860Z
sensor.ups_monitor_ah_delivered_this_outage,0.454218596220016,2026-05-06T10:48:42.918Z
sensor.ups_monitor_ah_delivered_this_outage,0.455822259187698,2026-05-06T10:48:47.848Z
sensor.ups_monitor_ah_delivered_this_outage,0.457468092441559,2026-05-06T10:48:52.920Z
sensor.ups_monitor_ah_delivered_this_outage,0.459094315767288,2026-05-06T10:48:57.847Z
sensor.ups_monitor_ah_delivered_this_outage,0.460669815540314,2026-05-06T10:49:02.919Z
sensor.ups_monitor_ah_delivered_this_outage,0.462256103754044,2026-05-06T10:49:07.847Z
sensor.ups_monitor_ah_delivered_this_outage,0.463881075382233,2026-05-06T10:49:12.916Z
sensor.ups_monitor_ah_delivered_this_outage,0.465538531541824,2026-05-06T10:49:17.850Z
sensor.ups_monitor_ah_delivered_this_outage,0.467175334692001,2026-05-06T10:49:22.922Z
sensor.ups_monitor_ah_delivered_this_outage,0.468789547681808,2026-05-06T10:49:27.850Z
sensor.ups_monitor_ah_delivered_this_outage,0.470383137464523,2026-05-06T10:49:32.917Z
sensor.ups_monitor_ah_delivered_this_outage,0.471990942955017,2026-05-06T10:49:37.850Z
sensor.ups_monitor_ah_delivered_this_outage,0.473642498254776,2026-05-06T10:49:42.919Z
sensor.ups_monitor_ah_delivered_this_outage,0.475302040576935,2026-05-06T10:49:47.851Z
sensor.ups_monitor_ah_delivered_this_outage,0.476944744586945,2026-05-06T10:49:52.917Z
sensor.ups_monitor_ah_delivered_this_outage,0.478580683469772,2026-05-06T10:49:57.851Z
sensor.ups_monitor_ah_delivered_this_outage,0.480221301317215,2026-05-06T10:50:02.922Z
sensor.ups_monitor_ah_delivered_this_outage,0.481816083192825,2026-05-06T10:50:07.852Z
sensor.ups_monitor_ah_delivered_this_outage,0.483416259288788,2026-05-06T10:50:12.922Z
sensor.ups_monitor_ah_delivered_this_outage,0.485020786523819,2026-05-06T10:50:17.851Z
sensor.ups_monitor_ah_delivered_this_outage,0.486602038145065,2026-05-06T10:50:22.917Z
sensor.ups_monitor_ah_delivered_this_outage,0.488197505474091,2026-05-06T10:50:27.851Z
sensor.ups_monitor_ah_delivered_this_outage,0.489836066961288,2026-05-06T10:50:32.917Z
sensor.ups_monitor_ah_delivered_this_outage,0.491519033908844,2026-05-06T10:50:37.852Z
sensor.ups_monitor_ah_delivered_this_outage,0.493201851844788,2026-05-06T10:50:42.915Z
sensor.ups_monitor_ah_delivered_this_outage,0.494848549365997,2026-05-06T10:50:47.851Z
sensor.ups_monitor_ah_delivered_this_outage,0.496477991342545,2026-05-06T10:50:52.922Z
sensor.ups_monitor_ah_delivered_this_outage,0.498136311769485,2026-05-06T10:50:57.856Z
sensor.ups_monitor_ah_delivered_this_outage,0.499796390533447,2026-05-06T10:51:02.916Z
sensor.ups_monitor_ah_delivered_this_outage,0.501418590545654,2026-05-06T10:51:07.855Z
sensor.ups_monitor_ah_delivered_this_outage,0.503006756305695,2026-05-06T10:51:12.927Z
sensor.ups_monitor_ah_delivered_this_outage,0.504665970802307,2026-05-06T10:51:17.870Z
sensor.ups_monitor_ah_delivered_this_outage,0.506350994110107,2026-05-06T10:51:22.914Z
sensor.ups_monitor_ah_delivered_this_outage,0.507955014705658,2026-05-06T10:51:27.859Z
sensor.ups_monitor_ah_delivered_this_outage,0.509535372257233,2026-05-06T10:51:32.919Z
sensor.ups_monitor_ah_delivered_this_outage,0.511130332946777,2026-05-06T10:51:37.859Z
sensor.ups_monitor_ah_delivered_this_outage,0.512714564800262,2026-05-06T10:51:42.916Z
sensor.ups_monitor_ah_delivered_this_outage,0.514310240745544,2026-05-06T10:51:47.863Z
sensor.ups_monitor_ah_delivered_this_outage,0.51594078540802,2026-05-06T10:51:52.919Z
sensor.ups_monitor_ah_delivered_this_outage,0.517578959465027,2026-05-06T10:51:57.865Z
sensor.ups_monitor_ah_delivered_this_outage,0.519214928150177,2026-05-06T10:52:02.916Z
sensor.ups_monitor_ah_delivered_this_outage,0.520868062973022,2026-05-06T10:52:07.865Z
sensor.ups_monitor_ah_delivered_this_outage,0.522490978240967,2026-05-06T10:52:12.916Z
sensor.ups_monitor_ah_delivered_this_outage,0.524077236652374,2026-05-06T10:52:17.865Z
sensor.ups_monitor_ah_delivered_this_outage,0.52567994594574,2026-05-06T10:52:22.922Z
sensor.ups_monitor_ah_delivered_this_outage,0.527299225330353,2026-05-06T10:52:27.866Z
sensor.ups_monitor_ah_delivered_this_outage,0.528931081295013,2026-05-06T10:52:32.922Z
sensor.ups_monitor_ah_delivered_this_outage,0.5305495262146,2026-05-06T10:52:37.870Z
sensor.ups_monitor_ah_delivered_this_outage,0.53216165304184,2026-05-06T10:52:42.915Z
sensor.ups_monitor_ah_delivered_this_outage,0.533769965171814,2026-05-06T10:52:47.872Z
sensor.ups_monitor_ah_delivered_this_outage,0.535356402397156,2026-05-06T10:52:52.919Z
sensor.ups_monitor_ah_delivered_this_outage,0.536963522434235,2026-05-06T10:52:57.873Z
sensor.ups_monitor_ah_delivered_this_outage,0.538589060306549,2026-05-06T10:53:02.918Z
sensor.ups_monitor_ah_delivered_this_outage,0.540255486965179,2026-05-06T10:53:07.873Z
sensor.ups_monitor_ah_delivered_this_outage,0.541911602020264,2026-05-06T10:53:12.919Z
sensor.ups_monitor_ah_delivered_this_outage,0.54351419210434,2026-05-06T10:53:17.873Z
sensor.ups_monitor_ah_delivered_this_outage,0.545117318630219,2026-05-06T10:53:22.916Z
sensor.ups_monitor_ah_delivered_this_outage,0.546711087226868,2026-05-06T10:53:27.872Z
sensor.ups_monitor_ah_delivered_this_outage,0.548340916633606,2026-05-06T10:53:32.921Z
sensor.ups_monitor_ah_delivered_this_outage,0.549989521503448,2026-05-06T10:53:37.873Z
sensor.ups_monitor_ah_delivered_this_outage,0.551626801490784,2026-05-06T10:53:42.921Z
sensor.ups_monitor_ah_delivered_this_outage,0.553238272666931,2026-05-06T10:53:47.875Z
sensor.ups_monitor_ah_delivered_this_outage,0.554846167564392,2026-05-06T10:53:52.918Z
sensor.ups_monitor_ah_delivered_this_outage,0.556471168994904,2026-05-06T10:53:57.880Z
sensor.ups_monitor_ah_delivered_this_outage,0.558109283447266,2026-05-06T10:54:02.919Z
sensor.ups_monitor_ah_delivered_this_outage,0.559707224369049,2026-05-06T10:54:07.883Z
sensor.ups_monitor_ah_delivered_this_outage,0.561303973197937,2026-05-06T10:54:12.924Z
sensor.ups_monitor_ah_delivered_this_outage,0.562905371189117,2026-05-06T10:54:17.885Z
sensor.ups_monitor_ah_delivered_this_outage,0.564507305622101,2026-05-06T10:54:22.914Z
sensor.ups_monitor_ah_delivered_this_outage,0.566135764122009,2026-05-06T10:54:27.885Z
sensor.ups_monitor_ah_delivered_this_outage,0.567754149436951,2026-05-06T10:54:32.918Z
sensor.ups_monitor_ah_delivered_this_outage,0.56936901807785,2026-05-06T10:54:37.888Z
sensor.ups_monitor_ah_delivered_this_outage,0.570993959903717,2026-05-06T10:54:42.920Z
sensor.ups_monitor_ah_delivered_this_outage,0.572611153125763,2026-05-06T10:54:47.891Z
sensor.ups_monitor_ah_delivered_this_outage,0.574196755886078,2026-05-06T10:54:52.916Z
sensor.ups_monitor_ah_delivered_this_outage,0.575785636901855,2026-05-06T10:54:57.891Z
sensor.ups_monitor_ah_delivered_this_outage,0.57738596200943,2026-05-06T10:55:02.923Z
sensor.ups_monitor_ah_delivered_this_outage,0.578990519046783,2026-05-06T10:55:07.890Z
sensor.ups_monitor_ah_delivered_this_outage,0.580628514289856,2026-05-06T10:55:12.915Z
sensor.ups_monitor_ah_delivered_this_outage,0.582272052764893,2026-05-06T10:55:17.893Z
sensor.ups_monitor_ah_delivered_this_outage,0.58390349149704,2026-05-06T10:55:22.916Z
sensor.ups_monitor_ah_delivered_this_outage,0.585503995418549,2026-05-06T10:55:27.893Z
sensor.ups_monitor_ah_delivered_this_outage,0.587071359157562,2026-05-06T10:55:32.919Z
sensor.ups_monitor_ah_delivered_this_outage,0.588664531707764,2026-05-06T10:55:37.894Z
sensor.ups_monitor_ah_delivered_this_outage,0.590327143669128,2026-05-06T10:55:42.921Z
sensor.ups_monitor_ah_delivered_this_outage,0.592029392719269,2026-05-06T10:55:47.899Z
sensor.ups_monitor_ah_delivered_this_outage,0.593647658824921,2026-05-06T10:55:52.917Z
sensor.ups_monitor_ah_delivered_this_outage,0.595243275165558,2026-05-06T10:55:57.899Z
sensor.ups_monitor_ah_delivered_this_outage,0.596879422664642,2026-05-06T10:56:02.920Z
sensor.ups_monitor_ah_delivered_this_outage,0.598493456840515,2026-05-06T10:56:07.901Z
sensor.ups_monitor_ah_delivered_this_outage,0.600066721439362,2026-05-06T10:56:12.918Z
sensor.ups_monitor_ah_delivered_this_outage,0.601621747016907,2026-05-06T10:56:17.914Z
sensor.ups_monitor_ah_delivered_this_outage,0.603244662284851,2026-05-06T10:56:22.924Z
sensor.ups_monitor_ah_delivered_this_outage,0.604888796806335,2026-05-06T10:56:27.901Z
sensor.ups_monitor_ah_delivered_this_outage,0.606473803520203,2026-05-06T10:56:32.916Z
sensor.ups_monitor_ah_delivered_this_outage,0.608060956001282,2026-05-06T10:56:37.908Z
sensor.ups_monitor_ah_delivered_this_outage,0.609716176986694,2026-05-06T10:56:42.916Z
sensor.ups_monitor_ah_delivered_this_outage,0.611373126506805,2026-05-06T10:56:47.908Z
sensor.ups_monitor_ah_delivered_this_outage,0.612988531589508,2026-05-06T10:56:52.917Z
sensor.ups_monitor_ah_delivered_this_outage,0.614584863185883,2026-05-06T10:56:57.910Z
sensor.ups_monitor_ah_delivered_this_outage,0.616187810897827,2026-05-06T10:57:02.921Z
sensor.ups_monitor_ah_delivered_this_outage,0.617841303348541,2026-05-06T10:57:07.910Z
sensor.ups_monitor_ah_delivered_this_outage,0.619479477405548,2026-05-06T10:57:12.918Z
sensor.ups_monitor_ah_delivered_this_outage,0.621082246303558,2026-05-06T10:57:17.910Z
sensor.ups_monitor_ah_delivered_this_outage,0.622712790966034,2026-05-06T10:57:22.918Z
sensor.ups_monitor_ah_delivered_this_outage,0.624371290206909,2026-05-06T10:57:27.913Z
sensor.ups_monitor_ah_delivered_this_outage,0.625975072383881,2026-05-06T10:57:32.919Z
sensor.ups_monitor_ah_delivered_this_outage,0.62753564119339,2026-05-06T10:57:37.927Z
sensor.ups_monitor_ah_delivered_this_outage,0.629117786884308,2026-05-06T10:57:42.919Z
sensor.ups_monitor_ah_delivered_this_outage,0.63071221113205,2026-05-06T10:57:47.915Z
sensor.ups_monitor_ah_delivered_this_outage,0.632296741008759,2026-05-06T10:57:52.918Z
sensor.ups_monitor_ah_delivered_this_outage,0.633872807025909,2026-05-06T10:57:57.914Z
sensor.ups_monitor_ah_delivered_this_outage,0.635455965995789,2026-05-06T10:58:02.920Z
sensor.ups_monitor_ah_delivered_this_outage,0.637120842933655,2026-05-06T10:58:07.917Z
sensor.ups_monitor_ah_delivered_this_outage,0.638798594474792,2026-05-06T10:58:12.917Z
sensor.ups_monitor_ah_delivered_this_outage,0.64040607213974,2026-05-06T10:58:17.916Z
sensor.ups_monitor_ah_delivered_this_outage,0.64200222492218,2026-05-06T10:58:22.918Z
sensor.ups_monitor_ah_delivered_this_outage,0.643627047538757,2026-05-06T10:58:27.916Z
sensor.ups_monitor_ah_delivered_this_outage,0.645237326622009,2026-05-06T10:58:32.918Z
sensor.ups_monitor_ah_delivered_this_outage,0.64680278301239,2026-05-06T10:58:37.917Z
sensor.ups_monitor_ah_delivered_this_outage,0.6484095454216,2026-05-06T10:58:42.914Z
sensor.ups_monitor_ah_delivered_this_outage,0.650007963180542,2026-05-06T10:58:47.920Z
sensor.ups_monitor_ah_delivered_this_outage,0.651592075824738,2026-05-06T10:58:52.920Z
sensor.ups_monitor_ah_delivered_this_outage,0.653194606304169,2026-05-06T10:58:57.922Z
sensor.ups_monitor_ah_delivered_this_outage,0.654812335968018,2026-05-06T10:59:02.922Z
sensor.ups_monitor_ah_delivered_this_outage,0.656439065933228,2026-05-06T10:59:07.927Z
sensor.ups_monitor_ah_delivered_this_outage,0.658040046691895,2026-05-06T10:59:12.924Z
sensor.ups_monitor_ah_delivered_this_outage,0.659636318683624,2026-05-06T10:59:17.927Z
sensor.ups_monitor_ah_delivered_this_outage,0.661242246627808,2026-05-06T10:59:22.927Z
sensor.ups_monitor_ah_delivered_this_outage,0.662865519523621,2026-05-06T10:59:27.927Z
sensor.ups_monitor_ah_delivered_this_outage,0.664507150650024,2026-05-06T10:59:32.929Z
sensor.ups_monitor_ah_delivered_this_outage,0.666160464286804,2026-05-06T10:59:37.928Z
sensor.ups_monitor_ah_delivered_this_outage,0.66778439283371,2026-05-06T10:59:42.922Z
sensor.ups_monitor_ah_delivered_this_outage,0.669381439685822,2026-05-06T10:59:47.942Z
sensor.ups_monitor_ah_delivered_this_outage,0.670959830284119,2026-05-06T10:59:52.930Z
sensor.ups_monitor_ah_delivered_this_outage,0.67255026102066,2026-05-06T10:59:57.933Z
sensor.ups_monitor_ah_delivered_this_outage,0.674167454242706,2026-05-06T11:00:02.932Z
sensor.ups_monitor_ah_delivered_this_outage,0.675772726535797,2026-05-06T11:00:07.937Z
sensor.ups_monitor_ah_delivered_this_outage,0.677399814128876,2026-05-06T11:00:12.936Z
sensor.ups_monitor_ah_delivered_this_outage,0.679002225399017,2026-05-06T11:00:17.936Z
sensor.ups_monitor_ah_delivered_this_outage,0.680583834648132,2026-05-06T11:00:22.939Z
sensor.ups_monitor_ah_delivered_this_outage,0.682189702987671,2026-05-06T11:00:27.936Z
sensor.ups_monitor_ah_delivered_this_outage,0.683783650398254,2026-05-06T11:00:32.949Z
sensor.ups_monitor_ah_delivered_this_outage,0.68538761138916,2026-05-06T11:00:37.938Z
sensor.ups_monitor_ah_delivered_this_outage,0.687004268169403,2026-05-06T11:00:42.915Z
sensor.ups_monitor_ah_delivered_this_outage,0.688669562339783,2026-05-06T11:00:47.939Z
sensor.ups_monitor_ah_delivered_this_outage,0.690301299095154,2026-05-06T11:00:52.939Z
sensor.ups_monitor_ah_delivered_this_outage,0.691887080669403,2026-05-06T11:00:57.939Z
sensor.ups_monitor_ah_delivered_this_outage,0.693517982959747,2026-05-06T11:01:02.939Z
sensor.ups_monitor_ah_delivered_this_outage,0.695133924484253,2026-05-06T11:01:07.939Z
sensor.ups_monitor_ah_delivered_this_outage,0.696725964546204,2026-05-06T11:01:12.939Z
sensor.ups_monitor_ah_delivered_this_outage,0.698302865028381,2026-05-06T11:01:17.938Z
sensor.ups_monitor_ah_delivered_this_outage,0.69987541437149,2026-05-06T11:01:22.951Z
sensor.ups_monitor_ah_delivered_this_outage,0.701464176177979,2026-05-06T11:01:27.938Z
sensor.ups_monitor_ah_delivered_this_outage,0.70311051607132,2026-05-06T11:01:32.939Z
sensor.ups_monitor_ah_delivered_this_outage,0.704747974872589,2026-05-06T11:01:37.941Z
sensor.ups_monitor_ah_delivered_this_outage,0.706331551074982,2026-05-06T11:01:42.917Z
sensor.ups_monitor_ah_delivered_this_outage,0.707962572574615,2026-05-06T11:01:47.946Z
sensor.ups_monitor_ah_delivered_this_outage,0.709604918956757,2026-05-06T11:01:52.947Z
sensor.ups_monitor_ah_delivered_this_outage,0.711219489574432,2026-05-06T11:01:57.946Z
sensor.ups_monitor_ah_delivered_this_outage,0.712832152843475,2026-05-06T11:02:02.947Z
sensor.ups_monitor_ah_delivered_this_outage,0.714421927928925,2026-05-06T11:02:07.946Z
sensor.ups_monitor_ah_delivered_this_outage,0.716004729270935,2026-05-06T11:02:12.947Z
sensor.ups_monitor_ah_delivered_this_outage,0.717620193958282,2026-05-06T11:02:17.946Z
sensor.ups_monitor_ah_delivered_this_outage,0.719209253787994,2026-05-06T11:02:22.951Z
sensor.ups_monitor_ah_delivered_this_outage,0.72075492143631,2026-05-06T11:02:27.946Z
sensor.ups_monitor_ah_delivered_this_outage,0.722322642803192,2026-05-06T11:02:32.947Z
sensor.ups_monitor_ah_delivered_this_outage,0.723892211914062,2026-05-06T11:02:37.947Z
sensor.ups_monitor_ah_delivered_this_outage,0.725455939769745,2026-05-06T11:02:42.921Z
sensor.ups_monitor_ah_delivered_this_outage,0.727023482322693,2026-05-06T11:02:47.947Z
sensor.ups_monitor_ah_delivered_this_outage,0.728610217571259,2026-05-06T11:02:52.956Z
sensor.ups_monitor_ah_delivered_this_outage,0.730192303657532,2026-05-06T11:02:57.950Z
sensor.ups_monitor_ah_delivered_this_outage,0.731744229793549,2026-05-06T11:03:02.950Z
sensor.ups_monitor_ah_delivered_this_outage,0.733321666717529,2026-05-06T11:03:07.951Z
sensor.ups_monitor_ah_delivered_this_outage,0.734920263290405,2026-05-06T11:03:12.950Z
sensor.ups_monitor_ah_delivered_this_outage,0.736532747745514,2026-05-06T11:03:17.950Z
sensor.ups_monitor_ah_delivered_this_outage,0.738126873970032,2026-05-06T11:03:22.950Z
sensor.ups_monitor_ah_delivered_this_outage,0.739714562892914,2026-05-06T11:03:27.950Z
sensor.ups_monitor_ah_delivered_this_outage,0.741323173046112,2026-05-06T11:03:32.951Z
sensor.ups_monitor_ah_delivered_this_outage,0.742913663387299,2026-05-06T11:03:37.951Z
sensor.ups_monitor_ah_delivered_this_outage,0.744509756565094,2026-05-06T11:03:42.929Z
sensor.ups_monitor_ah_delivered_this_outage,0.746133208274841,2026-05-06T11:03:47.957Z
sensor.ups_monitor_ah_delivered_this_outage,0.747849702835083,2026-05-06T11:03:52.956Z
sensor.ups_monitor_ah_delivered_this_outage,0.749589622020721,2026-05-06T11:03:57.953Z
sensor.ups_monitor_ah_delivered_this_outage,0.751252293586731,2026-05-06T11:04:02.955Z
sensor.ups_monitor_ah_delivered_this_outage,0.752884745597839,2026-05-06T11:04:07.953Z
sensor.ups_monitor_ah_delivered_this_outage,0.75454980134964,2026-05-06T11:04:13.656Z
sensor.ups_monitor_ah_delivered_this_outage,0.756229519844055,2026-05-06T11:04:17.966Z
sensor.ups_monitor_ah_delivered_this_outage,0.757902920246124,2026-05-06T11:04:22.959Z
sensor.ups_monitor_ah_delivered_this_outage,0.759551703929901,2026-05-06T11:04:27.969Z
sensor.ups_monitor_ah_delivered_this_outage,0.761194050312042,2026-05-06T11:04:32.959Z
sensor.ups_monitor_ah_delivered_this_outage,0.762914180755615,2026-05-06T11:04:37.965Z
sensor.ups_monitor_ah_delivered_this_outage,0.764607906341553,2026-05-06T11:04:42.950Z
sensor.ups_monitor_ah_delivered_this_outage,0.766288816928864,2026-05-06T11:04:47.971Z
sensor.ups_monitor_ah_delivered_this_outage,0.768001973628998,2026-05-06T11:04:52.966Z
sensor.ups_monitor_ah_delivered_this_outage,0.769701302051544,2026-05-06T11:04:57.965Z
sensor.ups_monitor_ah_delivered_this_outage,0.771396398544312,2026-05-06T11:05:02.967Z
sensor.ups_monitor_ah_delivered_this_outage,0.773050248622894,2026-05-06T11:05:07.965Z
sensor.ups_monitor_ah_delivered_this_outage,0.774758398532867,2026-05-06T11:05:12.976Z
sensor.ups_monitor_ah_delivered_this_outage,0.77650111913681,2026-05-06T11:05:17.976Z
sensor.ups_monitor_ah_delivered_this_outage,0.778165340423584,2026-05-06T11:05:22.965Z
sensor.ups_monitor_ah_delivered_this_outage,0.779783248901367,2026-05-06T11:05:27.965Z
sensor.ups_monitor_ah_delivered_this_outage,0.781408548355103,2026-05-06T11:05:32.966Z
sensor.ups_monitor_ah_delivered_this_outage,0.783058404922485,2026-05-06T11:05:37.967Z
sensor.ups_monitor_ah_delivered_this_outage,0.78472501039505,2026-05-06T11:05:42.923Z
sensor.ups_monitor_ah_delivered_this_outage,0.786381781101227,2026-05-06T11:05:47.969Z
sensor.ups_monitor_ah_delivered_this_outage,0.787999272346497,2026-05-06T11:05:52.975Z
sensor.ups_monitor_ah_delivered_this_outage,0.789629459381104,2026-05-06T11:05:57.972Z
sensor.ups_monitor_ah_delivered_this_outage,0.791261911392212,2026-05-06T11:06:02.972Z
sensor.ups_monitor_ah_delivered_this_outage,0.792855143547058,2026-05-06T11:06:07.984Z
sensor.ups_monitor_ah_delivered_this_outage,0.794449865818024,2026-05-06T11:06:12.974Z
sensor.ups_monitor_ah_delivered_this_outage,0.796063601970673,2026-05-06T11:06:17.974Z
sensor.ups_monitor_ah_delivered_this_outage,0.797661125659943,2026-05-06T11:06:22.974Z
sensor.ups_monitor_ah_delivered_this_outage,0.79925799369812,2026-05-06T11:06:27.974Z
sensor.ups_monitor_ah_delivered_this_outage,0.800861001014709,2026-05-06T11:06:32.974Z
sensor.ups_monitor_ah_delivered_this_outage,0.802487552165985,2026-05-06T11:06:37.974Z
sensor.ups_monitor_ah_delivered_this_outage,0.804120302200317,2026-05-06T11:06:42.918Z
sensor.ups_monitor_ah_delivered_this_outage,0.805726051330566,2026-05-06T11:06:47.973Z
sensor.ups_monitor_ah_delivered_this_outage,0.807344079017639,2026-05-06T11:06:52.973Z
sensor.ups_monitor_ah_delivered_this_outage,0.808963716030121,2026-05-06T11:06:57.975Z
sensor.ups_monitor_ah_delivered_this_outage,0.810568869113922,2026-05-06T11:07:02.981Z
sensor.ups_monitor_ah_delivered_this_outage,0.812180817127228,2026-05-06T11:07:07.980Z
sensor.ups_monitor_ah_delivered_this_outage,0.813792407512665,2026-05-06T11:07:12.981Z
sensor.ups_monitor_ah_delivered_this_outage,0.815409064292908,2026-05-06T11:07:17.980Z
sensor.ups_monitor_ah_delivered_this_outage,0.817061364650726,2026-05-06T11:07:22.981Z
sensor.ups_monitor_ah_delivered_this_outage,0.818676769733429,2026-05-06T11:07:27.980Z
sensor.ups_monitor_ah_delivered_this_outage,0.820245325565338,2026-05-06T11:07:32.981Z
sensor.ups_monitor_ah_delivered_this_outage,0.821821510791779,2026-05-06T11:07:37.981Z
sensor.ups_monitor_ah_delivered_this_outage,0.82342255115509,2026-05-06T11:07:42.918Z
sensor.ups_monitor_ah_delivered_this_outage,0.825028240680695,2026-05-06T11:07:47.997Z
sensor.ups_monitor_ah_delivered_this_outage,0.826629936695099,2026-05-06T11:07:52.982Z
sensor.ups_monitor_ah_delivered_this_outage,0.82831346988678,2026-05-06T11:07:57.987Z
sensor.ups_monitor_ah_delivered_this_outage,0.830015540122986,2026-05-06T11:08:02.990Z
sensor.ups_monitor_ah_delivered_this_outage,0.83165717124939,2026-05-06T11:08:07.990Z
sensor.ups_monitor_ah_delivered_this_outage,0.833254396915436,2026-05-06T11:08:12.991Z
sensor.ups_monitor_ah_delivered_this_outage,0.834822058677673,2026-05-06T11:08:17.991Z
sensor.ups_monitor_ah_delivered_this_outage,0.836431086063385,2026-05-06T11:08:22.995Z
sensor.ups_monitor_ah_delivered_this_outage,0.838034749031067,2026-05-06T11:08:27.999Z
sensor.ups_monitor_ah_delivered_this_outage,0.839625358581543,2026-05-06T11:08:32.992Z
sensor.ups_monitor_ah_delivered_this_outage,0.841206073760986,2026-05-06T11:08:37.987Z
sensor.ups_monitor_ah_delivered_this_outage,0.842801928520203,2026-05-06T11:08:42.920Z
sensor.ups_monitor_ah_delivered_this_outage,0.844411790370941,2026-05-06T11:08:47.994Z
sensor.ups_monitor_ah_delivered_this_outage,0.845990419387817,2026-05-06T11:08:53.003Z
sensor.ups_monitor_ah_delivered_this_outage,0.847584009170532,2026-05-06T11:08:58.001Z
sensor.ups_monitor_ah_delivered_this_outage,0.849200129508972,2026-05-06T11:09:03.003Z
sensor.ups_monitor_ah_delivered_this_outage,0.850803434848785,2026-05-06T11:09:07.993Z
sensor.ups_monitor_ah_delivered_this_outage,0.8524090051651,2026-05-06T11:09:12.994Z
sensor.ups_monitor_ah_delivered_this_outage,0.85404771566391,2026-05-06T11:09:17.993Z
sensor.ups_monitor_ah_delivered_this_outage,0.855687141418457,2026-05-06T11:09:22.994Z
sensor.ups_monitor_ah_delivered_this_outage,0.857287466526031,2026-05-06T11:09:28.007Z
sensor.ups_monitor_ah_delivered_this_outage,0.858904600143433,2026-05-06T11:09:33.009Z
sensor.ups_monitor_ah_delivered_this_outage,0.860535502433777,2026-05-06T11:09:37.995Z
sensor.ups_monitor_ah_delivered_this_outage,0.862144529819489,2026-05-06T11:09:42.923Z
sensor.ups_monitor_ah_delivered_this_outage,0.863744974136353,2026-05-06T11:09:47.999Z
sensor.ups_monitor_ah_delivered_this_outage,0.865343928337097,2026-05-06T11:09:53.011Z
sensor.ups_monitor_ah_delivered_this_outage,0.866935431957245,2026-05-06T11:09:57.999Z
sensor.ups_monitor_ah_delivered_this_outage,0.868518590927124,2026-05-06T11:10:02.998Z
sensor.ups_monitor_ah_delivered_this_outage,0.870102941989899,2026-05-06T11:10:08.011Z
sensor.ups_monitor_ah_delivered_this_outage,0.8716961145401,2026-05-06T11:10:13.001Z
sensor.ups_monitor_ah_delivered_this_outage,0.873282909393311,2026-05-06T11:10:18.001Z
sensor.ups_monitor_ah_delivered_this_outage,0.874864876270294,2026-05-06T11:10:23.014Z
sensor.ups_monitor_ah_delivered_this_outage,0.876455307006836,2026-05-06T11:10:28.002Z
sensor.ups_monitor_ah_delivered_this_outage,0.878016114234924,2026-05-06T11:10:33.004Z
sensor.ups_monitor_ah_delivered_this_outage,0.879572033882141,2026-05-06T11:10:38.004Z
sensor.ups_monitor_ah_delivered_this_outage,0.881201267242432,2026-05-06T11:10:43.009Z
sensor.ups_monitor_ah_delivered_this_outage,0.882839620113373,2026-05-06T11:10:48.014Z
sensor.ups_monitor_ah_delivered_this_outage,0.884458482265472,2026-05-06T11:10:53.013Z
sensor.ups_monitor_ah_delivered_this_outage,0.886088848114014,2026-05-06T11:10:58.013Z
sensor.ups_monitor_ah_delivered_this_outage,0.887697041034698,2026-05-06T11:11:03.013Z
sensor.ups_monitor_ah_delivered_this_outage,0.889301359653473,2026-05-06T11:11:08.013Z
sensor.ups_monitor_ah_delivered_this_outage,0.890896320343018,2026-05-06T11:11:13.026Z
sensor.ups_monitor_ah_delivered_this_outage,0.892475128173828,2026-05-06T11:11:18.013Z
sensor.ups_monitor_ah_delivered_this_outage,0.894047617912292,2026-05-06T11:11:23.017Z
sensor.ups_monitor_ah_delivered_this_outage,0.895705103874207,2026-05-06T11:11:28.016Z
sensor.ups_monitor_ah_delivered_this_outage,0.897394835948944,2026-05-06T11:11:33.029Z
sensor.ups_monitor_ah_delivered_this_outage,0.899066388607025,2026-05-06T11:11:38.016Z
sensor.ups_monitor_ah_delivered_this_outage,0.900713920593262,2026-05-06T11:11:43.016Z
sensor.ups_monitor_ah_delivered_this_outage,0.9023118019104,2026-05-06T11:11:48.018Z
sensor.ups_monitor_ah_delivered_this_outage,0.903962135314941,2026-05-06T11:11:53.019Z
sensor.ups_monitor_ah_delivered_this_outage,0.905607640743256,2026-05-06T11:11:58.017Z
sensor.ups_monitor_ah_delivered_this_outage,0.907199800014496,2026-05-06T11:12:03.031Z
sensor.ups_monitor_ah_delivered_this_outage,0.908792555332184,2026-05-06T11:12:08.017Z
sensor.ups_monitor_ah_delivered_this_outage,0.910375535488129,2026-05-06T11:12:13.018Z
sensor.ups_monitor_ah_delivered_this_outage,0.911935567855835,2026-05-06T11:12:18.018Z
sensor.ups_monitor_ah_delivered_this_outage,0.913524448871613,2026-05-06T11:12:23.018Z
sensor.ups_monitor_ah_delivered_this_outage,0.915213167667389,2026-05-06T11:12:28.018Z
sensor.ups_monitor_ah_delivered_this_outage,0.91693502664566,2026-05-06T11:12:33.018Z
sensor.ups_monitor_ah_delivered_this_outage,0.918557643890381,2026-05-06T11:12:38.020Z
sensor.ups_monitor_ah_delivered_this_outage,0.920158922672272,2026-05-06T11:12:43.022Z
sensor.ups_monitor_ah_delivered_this_outage,0.921765983104706,2026-05-06T11:12:48.024Z
sensor.ups_monitor_ah_delivered_this_outage,0.923363387584686,2026-05-06T11:12:53.037Z
sensor.ups_monitor_ah_delivered_this_outage,0.924979686737061,2026-05-06T11:12:58.024Z
sensor.ups_monitor_ah_delivered_this_outage,0.926577627658844,2026-05-06T11:13:03.024Z
sensor.ups_monitor_ah_delivered_this_outage,0.928178310394287,2026-05-06T11:13:08.025Z
sensor.ups_monitor_ah_delivered_this_outage,0.929809510707855,2026-05-06T11:13:13.026Z
sensor.ups_monitor_ah_delivered_this_outage,0.931410551071167,2026-05-06T11:13:18.026Z
sensor.ups_monitor_ah_delivered_this_outage,0.932976841926575,2026-05-06T11:13:23.026Z
sensor.ups_monitor_ah_delivered_this_outage,0.93457305431366,2026-05-06T11:13:28.026Z
sensor.ups_monitor_ah_delivered_this_outage,0.936228573322296,2026-05-06T11:13:33.026Z
sensor.ups_monitor_ah_delivered_this_outage,0.937876164913177,2026-05-06T11:13:38.027Z
sensor.ups_monitor_ah_delivered_this_outage,0.939494431018829,2026-05-06T11:13:43.031Z
sensor.ups_monitor_ah_delivered_this_outage,0.941103339195251,2026-05-06T11:13:48.033Z
sensor.ups_monitor_ah_delivered_this_outage,0.942698776721954,2026-05-06T11:13:53.031Z
sensor.ups_monitor_ah_delivered_this_outage,0.944309592247009,2026-05-06T11:13:58.032Z
sensor.ups_monitor_ah_delivered_this_outage,0.945939600467682,2026-05-06T11:14:03.044Z
sensor.ups_monitor_ah_delivered_this_outage,0.947551727294922,2026-05-06T11:14:08.032Z
sensor.ups_monitor_ah_delivered_this_outage,0.949156284332275,2026-05-06T11:14:13.031Z
sensor.ups_monitor_ah_delivered_this_outage,0.950779795646667,2026-05-06T11:14:18.035Z
sensor.ups_monitor_ah_delivered_this_outage,0.952381372451782,2026-05-06T11:14:23.034Z
sensor.ups_monitor_ah_delivered_this_outage,0.953963816165924,2026-05-06T11:14:28.036Z
sensor.ups_monitor_ah_delivered_this_outage,0.955547511577606,2026-05-06T11:14:33.035Z
sensor.ups_monitor_ah_delivered_this_outage,0.957164943218231,2026-05-06T11:14:38.042Z
sensor.ups_monitor_ah_delivered_this_outage,0.958782315254211,2026-05-06T11:14:43.038Z
sensor.ups_monitor_ah_delivered_this_outage,0.960411489009857,2026-05-06T11:14:48.039Z
sensor.ups_monitor_ah_delivered_this_outage,0.962050378322601,2026-05-06T11:14:53.038Z
sensor.ups_monitor_ah_delivered_this_outage,0.96368420124054,2026-05-06T11:14:58.039Z
sensor.ups_monitor_ah_delivered_this_outage,0.965310275554657,2026-05-06T11:15:03.038Z
sensor.ups_monitor_ah_delivered_this_outage,0.96692156791687,2026-05-06T11:15:08.039Z
sensor.ups_monitor_ah_delivered_this_outage,0.968535661697388,2026-05-06T11:15:13.043Z
sensor.ups_monitor_ah_delivered_this_outage,0.970128536224365,2026-05-06T11:15:18.045Z
sensor.ups_monitor_ah_delivered_this_outage,0.971771419048309,2026-05-06T11:15:23.042Z
sensor.ups_monitor_ah_delivered_this_outage,0.973414838314056,2026-05-06T11:15:28.057Z
sensor.ups_monitor_ah_delivered_this_outage,0.975004255771637,2026-05-06T11:15:33.044Z
sensor.ups_monitor_ah_delivered_this_outage,0.976622104644775,2026-05-06T11:15:38.044Z
sensor.ups_monitor_ah_delivered_this_outage,0.978246748447418,2026-05-06T11:15:43.043Z
sensor.ups_monitor_ah_delivered_this_outage,0.979833602905273,2026-05-06T11:15:48.044Z
sensor.ups_monitor_ah_delivered_this_outage,0.9814133644104,2026-05-06T11:15:53.045Z
sensor.ups_monitor_ah_delivered_this_outage,0.983040809631348,2026-05-06T11:15:58.046Z
sensor.ups_monitor_ah_delivered_this_outage,0.984705924987793,2026-05-06T11:16:03.046Z
sensor.ups_monitor_ah_delivered_this_outage,0.986335575580597,2026-05-06T11:16:08.048Z
sensor.ups_monitor_ah_delivered_this_outage,0.987958133220673,2026-05-06T11:16:13.047Z
sensor.ups_monitor_ah_delivered_this_outage,0.989584147930145,2026-05-06T11:16:18.048Z
sensor.ups_monitor_ah_delivered_this_outage,0.991177082061768,2026-05-06T11:16:23.047Z
sensor.ups_monitor_ah_delivered_this_outage,0.992774605751038,2026-05-06T11:16:28.048Z
sensor.ups_monitor_ah_delivered_this_outage,0.994379460811615,2026-05-06T11:16:33.047Z
sensor.ups_monitor_ah_delivered_this_outage,0.995991468429565,2026-05-06T11:16:38.048Z
sensor.ups_monitor_ah_delivered_this_outage,0.997605085372925,2026-05-06T11:16:43.050Z
sensor.ups_monitor_ah_delivered_this_outage,0.999206244945526,2026-05-06T11:16:48.053Z
sensor.ups_monitor_ah_delivered_this_outage,1.0008248090744,2026-05-06T11:16:53.053Z
sensor.ups_monitor_ah_delivered_this_outage,1.00249063968658,2026-05-06T11:16:58.054Z
sensor.ups_monitor_ah_delivered_this_outage,1.00412726402283,2026-05-06T11:17:03.055Z
sensor.ups_monitor_ah_delivered_this_outage,1.00571227073669,2026-05-06T11:17:08.055Z
sensor.ups_monitor_ah_delivered_this_outage,1.007359623909,2026-05-06T11:17:13.068Z
sensor.ups_monitor_ah_delivered_this_outage,1.00901794433594,2026-05-06T11:17:18.057Z
sensor.ups_monitor_ah_delivered_this_outage,1.01065969467163,2026-05-06T11:17:23.056Z
sensor.ups_monitor_ah_delivered_this_outage,1.01229548454285,2026-05-06T11:17:28.056Z
sensor.ups_monitor_ah_delivered_this_outage,1.01390898227692,2026-05-06T11:17:33.057Z
sensor.ups_monitor_ah_delivered_this_outage,1.01552736759186,2026-05-06T11:17:38.056Z
sensor.ups_monitor_ah_delivered_this_outage,1.01713848114014,2026-05-06T11:17:43.056Z
sensor.ups_monitor_ah_delivered_this_outage,1.0187394618988,2026-05-06T11:17:48.059Z
sensor.ups_monitor_ah_delivered_this_outage,1.02033066749573,2026-05-06T11:17:53.068Z
sensor.ups_monitor_ah_delivered_this_outage,1.02194213867188,2026-05-06T11:17:58.064Z
sensor.ups_monitor_ah_delivered_this_outage,1.02360880374908,2026-05-06T11:18:03.064Z
sensor.ups_monitor_ah_delivered_this_outage,1.02529764175415,2026-05-06T11:18:08.068Z
sensor.ups_monitor_ah_delivered_this_outage,1.02690351009369,2026-05-06T11:18:13.067Z
sensor.ups_monitor_ah_delivered_this_outage,1.02845823764801,2026-05-06T11:18:18.068Z
sensor.ups_monitor_ah_delivered_this_outage,1.03006732463837,2026-05-06T11:18:23.070Z
sensor.ups_monitor_ah_delivered_this_outage,1.03169476985931,2026-05-06T11:18:28.084Z
sensor.ups_monitor_ah_delivered_this_outage,1.03328609466553,2026-05-06T11:18:33.071Z
sensor.ups_monitor_ah_delivered_this_outage,1.03487253189087,2026-05-06T11:18:38.076Z
sensor.ups_monitor_ah_delivered_this_outage,1.03650677204132,2026-05-06T11:18:43.071Z
sensor.ups_monitor_ah_delivered_this_outage,1.03812098503113,2026-05-06T11:18:48.071Z
sensor.ups_monitor_ah_delivered_this_outage,1.03967547416687,2026-05-06T11:18:53.082Z
sensor.ups_monitor_ah_delivered_this_outage,1.0412882566452,2026-05-06T11:18:58.071Z
sensor.ups_monitor_ah_delivered_this_outage,1.04292738437653,2026-05-06T11:19:03.071Z
sensor.ups_monitor_ah_delivered_this_outage,1.04452323913574,2026-05-06T11:19:08.071Z
sensor.ups_monitor_ah_delivered_this_outage,1.04612731933594,2026-05-06T11:19:13.071Z
sensor.ups_monitor_ah_delivered_this_outage,1.04775321483612,2026-05-06T11:19:18.072Z
sensor.ups_monitor_ah_delivered_this_outage,1.04936158657074,2026-05-06T11:19:23.071Z
sensor.ups_monitor_ah_delivered_this_outage,1.05097842216492,2026-05-06T11:19:28.072Z
sensor.ups_monitor_ah_delivered_this_outage,1.05262911319733,2026-05-06T11:19:33.072Z
sensor.ups_monitor_ah_delivered_this_outage,1.05426919460297,2026-05-06T11:19:38.072Z
sensor.ups_monitor_ah_delivered_this_outage,1.05586409568787,2026-05-06T11:19:43.072Z
sensor.ups_monitor_ah_delivered_this_outage,1.05746555328369,2026-05-06T11:19:48.072Z
sensor.ups_monitor_ah_delivered_this_outage,1.05910670757294,2026-05-06T11:19:53.074Z
sensor.ups_monitor_ah_delivered_this_outage,1.06075990200043,2026-05-06T11:19:58.077Z
sensor.ups_monitor_ah_delivered_this_outage,1.06241488456726,2026-05-06T11:20:03.077Z
sensor.ups_monitor_ah_delivered_this_outage,1.06403386592865,2026-05-06T11:20:08.078Z
sensor.ups_monitor_ah_delivered_this_outage,1.06564736366272,2026-05-06T11:20:13.079Z
sensor.ups_monitor_ah_delivered_this_outage,1.06727266311646,2026-05-06T11:20:18.078Z
sensor.ups_monitor_ah_delivered_this_outage,1.06887865066528,2026-05-06T11:20:23.078Z
sensor.ups_monitor_ah_delivered_this_outage,1.07048380374908,2026-05-06T11:20:28.079Z
sensor.ups_monitor_ah_delivered_this_outage,1.0720739364624,2026-05-06T11:20:33.079Z
sensor.ups_monitor_ah_delivered_this_outage,1.07368004322052,2026-05-06T11:20:38.079Z
sensor.ups_monitor_ah_delivered_this_outage,1.07527637481689,2026-05-06T11:20:43.083Z
sensor.ups_monitor_ah_delivered_this_outage,1.07685303688049,2026-05-06T11:20:48.085Z
sensor.ups_monitor_ah_delivered_this_outage,1.07844316959381,2026-05-06T11:20:53.085Z
sensor.ups_monitor_ah_delivered_this_outage,1.08001971244812,2026-05-06T11:20:58.086Z
sensor.ups_monitor_ah_delivered_this_outage,1.08159804344177,2026-05-06T11:21:03.100Z
sensor.ups_monitor_ah_delivered_this_outage,1.08316957950592,2026-05-06T11:21:08.088Z
sensor.ups_monitor_ah_delivered_this_outage,1.08473777770996,2026-05-06T11:21:13.089Z
sensor.ups_monitor_ah_delivered_this_outage,1.08635330200195,2026-05-06T11:21:18.088Z
sensor.ups_monitor_ah_delivered_this_outage,1.08800911903381,2026-05-06T11:21:23.090Z
sensor.ups_monitor_ah_delivered_this_outage,1.08965444564819,2026-05-06T11:21:28.089Z
sensor.ups_monitor_ah_delivered_this_outage,1.09131908416748,2026-05-06T11:21:33.090Z
sensor.ups_monitor_ah_delivered_this_outage,1.09299409389496,2026-05-06T11:21:38.089Z
sensor.ups_monitor_ah_delivered_this_outage,1.09463572502136,2026-05-06T11:21:43.090Z
sensor.ups_monitor_ah_delivered_this_outage,1.09626281261444,2026-05-06T11:21:48.091Z
sensor.ups_monitor_ah_delivered_this_outage,1.09795427322388,2026-05-06T11:21:53.092Z
sensor.ups_monitor_ah_delivered_this_outage,1.09964311122894,2026-05-06T11:21:58.093Z
sensor.ups_monitor_ah_delivered_this_outage,1.10126566886902,2026-05-06T11:22:03.094Z
sensor.ups_monitor_ah_delivered_this_outage,1.10287582874298,2026-05-06T11:22:08.094Z
sensor.ups_monitor_ah_delivered_this_outage,1.10447657108307,2026-05-06T11:22:13.095Z
sensor.ups_monitor_ah_delivered_this_outage,1.10609126091003,2026-05-06T11:22:18.095Z
sensor.ups_monitor_ah_delivered_this_outage,1.10776329040527,2026-05-06T11:22:23.095Z
sensor.ups_monitor_ah_delivered_this_outage,1.10940313339233,2026-05-06T11:22:28.095Z
sensor.ups_monitor_ah_delivered_this_outage,1.11098122596741,2026-05-06T11:22:33.097Z
sensor.ups_monitor_ah_delivered_this_outage,1.1125864982605,2026-05-06T11:22:38.097Z
sensor.ups_monitor_ah_delivered_this_outage,1.11417281627655,2026-05-06T11:22:43.101Z
sensor.ups_monitor_ah_delivered_this_outage,1.11574566364288,2026-05-06T11:22:48.100Z
sensor.ups_monitor_ah_delivered_this_outage,1.11736667156219,2026-05-06T11:22:53.116Z
sensor.ups_monitor_ah_delivered_this_outage,1.11898970603943,2026-05-06T11:22:58.105Z
sensor.ups_monitor_ah_delivered_this_outage,1.12056362628937,2026-05-06T11:23:03.104Z
sensor.ups_monitor_ah_delivered_this_outage,1.12214314937592,2026-05-06T11:23:08.105Z
sensor.ups_monitor_ah_delivered_this_outage,1.12375497817993,2026-05-06T11:23:13.109Z
sensor.ups_monitor_ah_delivered_this_outage,1.12536561489105,2026-05-06T11:23:18.109Z
sensor.ups_monitor_ah_delivered_this_outage,1.12694621086121,2026-05-06T11:23:23.112Z
sensor.ups_monitor_ah_delivered_this_outage,1.1285103559494,2026-05-06T11:23:28.111Z
sensor.ups_monitor_ah_delivered_this_outage,1.13008236885071,2026-05-06T11:23:33.112Z
sensor.ups_monitor_ah_delivered_this_outage,1.13168597221375,2026-05-06T11:23:38.127Z
sensor.ups_monitor_ah_delivered_this_outage,1.13328516483307,2026-05-06T11:23:43.116Z
sensor.ups_monitor_ah_delivered_this_outage,1.1349002122879,2026-05-06T11:23:48.118Z
sensor.ups_monitor_ah_delivered_this_outage,1.13656771183014,2026-05-06T11:23:53.123Z
sensor.ups_monitor_ah_delivered_this_outage,1.13822865486145,2026-05-06T11:23:58.122Z
sensor.ups_monitor_ah_delivered_this_outage,1.13986098766327,2026-05-06T11:24:03.122Z
sensor.ups_monitor_ah_delivered_this_outage,1.14144802093506,2026-05-06T11:24:08.124Z
sensor.ups_monitor_ah_delivered_this_outage,1.14304685592651,2026-05-06T11:24:13.124Z
sensor.ups_monitor_ah_delivered_this_outage,1.14470243453979,2026-05-06T11:24:18.124Z
sensor.ups_monitor_ah_delivered_this_outage,1.14634668827057,2026-05-06T11:24:23.126Z
sensor.ups_monitor_ah_delivered_this_outage,1.14795815944672,2026-05-06T11:24:28.124Z
sensor.ups_monitor_ah_delivered_this_outage,1.1495703458786,2026-05-06T11:24:33.136Z
sensor.ups_monitor_ah_delivered_this_outage,1.15120840072632,2026-05-06T11:24:38.126Z
sensor.ups_monitor_ah_delivered_this_outage,1.1528240442276,2026-05-06T11:24:43.126Z
sensor.ups_monitor_ah_delivered_this_outage,1.15441906452179,2026-05-06T11:24:48.126Z
sensor.ups_monitor_ah_delivered_this_outage,1.15602886676788,2026-05-06T11:24:53.129Z
sensor.ups_monitor_ah_delivered_this_outage,1.15770101547241,2026-05-06T11:24:58.132Z
sensor.ups_monitor_ah_delivered_this_outage,1.15937507152557,2026-05-06T11:25:03.135Z
sensor.ups_monitor_ah_delivered_this_outage,1.16099941730499,2026-05-06T11:25:08.138Z
sensor.ups_monitor_ah_delivered_this_outage,1.16263949871063,2026-05-06T11:25:13.137Z
sensor.ups_monitor_ah_delivered_this_outage,1.16424489021301,2026-05-06T11:25:18.137Z
sensor.ups_monitor_ah_delivered_this_outage,1.16587817668915,2026-05-06T11:25:23.137Z
sensor.ups_monitor_ah_delivered_this_outage,1.16751348972321,2026-05-06T11:25:28.150Z
sensor.ups_monitor_ah_delivered_this_outage,1.16918361186981,2026-05-06T11:25:33.151Z
sensor.ups_monitor_ah_delivered_this_outage,1.17087578773499,2026-05-06T11:25:38.138Z
sensor.ups_monitor_ah_delivered_this_outage,1.17252266407013,2026-05-06T11:25:43.137Z
sensor.ups_monitor_ah_delivered_this_outage,1.17413640022278,2026-05-06T11:25:48.138Z
sensor.ups_monitor_ah_delivered_this_outage,1.17574834823608,2026-05-06T11:25:53.137Z
sensor.ups_monitor_ah_delivered_this_outage,1.17741429805756,2026-05-06T11:25:58.137Z
sensor.ups_monitor_ah_delivered_this_outage,1.17906296253204,2026-05-06T11:26:03.137Z
sensor.ups_monitor_ah_delivered_this_outage,1.18066155910492,2026-05-06T11:26:08.137Z
sensor.ups_monitor_ah_delivered_this_outage,1.18224453926086,2026-05-06T11:26:13.140Z
sensor.ups_monitor_ah_delivered_this_outage,1.18384385108948,2026-05-06T11:26:18.138Z
sensor.ups_monitor_ah_delivered_this_outage,1.18546652793884,2026-05-06T11:26:23.138Z
sensor.ups_monitor_ah_delivered_this_outage,1.18710768222809,2026-05-06T11:26:28.138Z
sensor.ups_monitor_ah_delivered_this_outage,1.18874096870422,2026-05-06T11:26:33.139Z
sensor.ups_monitor_ah_delivered_this_outage,1.19044303894043,2026-05-06T11:26:38.139Z
sensor.ups_monitor_ah_delivered_this_outage,1.19217681884766,2026-05-06T11:26:43.142Z
sensor.ups_monitor_ah_delivered_this_outage,1.19381666183472,2026-05-06T11:26:48.144Z
sensor.ups_monitor_ah_delivered_this_outage,1.1954231262207,2026-05-06T11:26:53.144Z
sensor.ups_monitor_ah_delivered_this_outage,1.19706869125366,2026-05-06T11:26:58.144Z
sensor.ups_monitor_ah_delivered_this_outage,1.19870698451996,2026-05-06T11:27:03.144Z
sensor.ups_monitor_ah_delivered_this_outage,1.20030558109283,2026-05-06T11:27:08.144Z
sensor.ups_monitor_ah_delivered_this_outage,1.20190536975861,2026-05-06T11:27:13.145Z
sensor.ups_monitor_ah_delivered_this_outage,1.20356690883636,2026-05-06T11:27:18.147Z
sensor.ups_monitor_ah_delivered_this_outage,1.20523190498352,2026-05-06T11:27:23.147Z
sensor.ups_monitor_ah_delivered_this_outage,1.20685005187988,2026-05-06T11:27:28.147Z
sensor.ups_monitor_ah_delivered_this_outage,1.20849800109863,2026-05-06T11:27:33.148Z
sensor.ups_monitor_ah_delivered_this_outage,1.21017873287201,2026-05-06T11:27:38.148Z
sensor.ups_monitor_ah_delivered_this_outage,1.21185457706451,2026-05-06T11:27:43.160Z
sensor.ups_monitor_ah_delivered_this_outage,1.21353459358215,2026-05-06T11:27:48.162Z
sensor.ups_monitor_ah_delivered_this_outage,1.21517241001129,2026-05-06T11:27:53.152Z
sensor.ups_monitor_ah_delivered_this_outage,1.21678352355957,2026-05-06T11:27:58.154Z
sensor.ups_monitor_ah_delivered_this_outage,1.21839034557343,2026-05-06T11:28:03.155Z
sensor.ups_monitor_ah_delivered_this_outage,1.21998846530914,2026-05-06T11:28:08.157Z
sensor.ups_monitor_ah_delivered_this_outage,1.22161293029785,2026-05-06T11:28:13.159Z
sensor.ups_monitor_ah_delivered_this_outage,1.22321665287018,2026-05-06T11:28:18.157Z
sensor.ups_monitor_ah_delivered_this_outage,1.22480857372284,2026-05-06T11:28:23.158Z
sensor.ups_monitor_ah_delivered_this_outage,1.22641324996948,2026-05-06T11:28:28.159Z
sensor.ups_monitor_ah_delivered_this_outage,1.22803020477295,2026-05-06T11:28:33.160Z
sensor.ups_monitor_ah_delivered_this_outage,1.22967827320099,2026-05-06T11:28:38.160Z
sensor.ups_monitor_ah_delivered_this_outage,1.23133385181427,2026-05-06T11:28:43.162Z
sensor.ups_monitor_ah_delivered_this_outage,1.23293280601501,2026-05-06T11:28:48.161Z
sensor.ups_monitor_ah_delivered_this_outage,1.23451852798462,2026-05-06T11:28:53.161Z
sensor.ups_monitor_ah_delivered_this_outage,1.23616075515747,2026-05-06T11:28:58.160Z
sensor.ups_monitor_ah_delivered_this_outage,1.2377849817276,2026-05-06T11:29:03.163Z
sensor.ups_monitor_ah_delivered_this_outage,1.23937475681305,2026-05-06T11:29:08.161Z
sensor.ups_monitor_ah_delivered_this_outage,1.24096524715424,2026-05-06T11:29:13.160Z
sensor.ups_monitor_ah_delivered_this_outage,1.24254250526428,2026-05-06T11:29:18.174Z
sensor.ups_monitor_ah_delivered_this_outage,1.24412941932678,2026-05-06T11:29:23.164Z
sensor.ups_monitor_ah_delivered_this_outage,1.24572622776031,2026-05-06T11:29:28.163Z
sensor.ups_monitor_ah_delivered_this_outage,1.24731636047363,2026-05-06T11:29:33.164Z
sensor.ups_monitor_ah_delivered_this_outage,1.24889314174652,2026-05-06T11:29:38.163Z
sensor.ups_monitor_ah_delivered_this_outage,1.25050640106201,2026-05-06T11:29:43.169Z
sensor.ups_monitor_ah_delivered_this_outage,1.2521299123764,2026-05-06T11:29:48.171Z
sensor.ups_monitor_ah_delivered_this_outage,1.25369477272034,2026-05-06T11:29:53.171Z
sensor.ups_monitor_ah_delivered_this_outage,1.25527226924896,2026-05-06T11:29:58.175Z
sensor.ups_monitor_ah_delivered_this_outage,1.25692248344421,2026-05-06T11:30:03.171Z
sensor.ups_monitor_ah_delivered_this_outage,1.25859236717224,2026-05-06T11:30:08.171Z
sensor.ups_monitor_ah_delivered_this_outage,1.26028263568878,2026-05-06T11:30:13.174Z
sensor.ups_monitor_ah_delivered_this_outage,1.26192462444305,2026-05-06T11:30:18.174Z
sensor.ups_monitor_ah_delivered_this_outage,1.26355016231537,2026-05-06T11:30:23.174Z
sensor.ups_monitor_ah_delivered_this_outage,1.26518416404724,2026-05-06T11:30:28.176Z
sensor.ups_monitor_ah_delivered_this_outage,1.26677775382996,2026-05-06T11:30:33.174Z
sensor.ups_monitor_ah_delivered_this_outage,1.26838684082031,2026-05-06T11:30:38.173Z
sensor.ups_monitor_ah_delivered_this_outage,1.269984126091,2026-05-06T11:30:43.176Z
sensor.ups_monitor_ah_delivered_this_outage,1.27158725261688,2026-05-06T11:30:48.176Z
sensor.ups_monitor_ah_delivered_this_outage,1.27320027351379,2026-05-06T11:30:53.176Z
sensor.ups_monitor_ah_delivered_this_outage,1.27478969097137,2026-05-06T11:30:58.176Z
sensor.ups_monitor_ah_delivered_this_outage,1.27642393112183,2026-05-06T11:31:03.191Z
sensor.ups_monitor_ah_delivered_this_outage,1.27805948257446,2026-05-06T11:31:08.177Z
sensor.ups_monitor_ah_delivered_this_outage,1.27962839603424,2026-05-06T11:31:13.179Z
sensor.ups_monitor_ah_delivered_this_outage,1.28121078014374,2026-05-06T11:31:18.178Z
sensor.ups_monitor_ah_delivered_this_outage,1.28282475471497,2026-05-06T11:31:23.178Z
sensor.ups_monitor_ah_delivered_this_outage,1.2844113111496,2026-05-06T11:31:28.178Z
sensor.ups_monitor_ah_delivered_this_outage,1.28602802753448,2026-05-06T11:31:33.178Z
sensor.ups_monitor_ah_delivered_this_outage,1.28767156600952,2026-05-06T11:31:38.178Z
sensor.ups_monitor_ah_delivered_this_outage,1.28927969932556,2026-05-06T11:31:43.190Z
sensor.ups_monitor_ah_delivered_this_outage,1.29087376594543,2026-05-06T11:31:48.191Z
sensor.ups_monitor_ah_delivered_this_outage,1.29243469238281,2026-05-06T11:31:53.197Z
sensor.ups_monitor_ah_delivered_this_outage,1.29399931430817,2026-05-06T11:31:58.186Z
sensor.ups_monitor_ah_delivered_this_outage,1.29558920860291,2026-05-06T11:32:03.183Z
sensor.ups_monitor_ah_delivered_this_outage,1.29722952842712,2026-05-06T11:32:08.184Z
sensor.ups_monitor_ah_delivered_this_outage,1.29890918731689,2026-05-06T11:32:13.193Z
sensor.ups_monitor_ah_delivered_this_outage,1.30054914951324,2026-05-06T11:32:18.195Z
sensor.ups_monitor_ah_delivered_this_outage,1.30215907096863,2026-05-06T11:32:23.184Z
sensor.ups_monitor_ah_delivered_this_outage,1.30377125740051,2026-05-06T11:32:28.190Z
sensor.ups_monitor_ah_delivered_this_outage,1.30535495281219,2026-05-06T11:32:33.189Z
sensor.ups_monitor_ah_delivered_this_outage,1.30694925785065,2026-05-06T11:32:38.193Z
sensor.ups_monitor_ah_delivered_this_outage,1.30855429172516,2026-05-06T11:32:43.206Z
sensor.ups_monitor_ah_delivered_this_outage,1.31016278266907,2026-05-06T11:32:48.193Z
sensor.ups_monitor_ah_delivered_this_outage,1.31177794933319,2026-05-06T11:32:53.205Z
sensor.ups_monitor_ah_delivered_this_outage,1.31337368488312,2026-05-06T11:32:58.194Z
sensor.ups_monitor_ah_delivered_this_outage,1.31495726108551,2026-05-06T11:33:03.194Z
sensor.ups_monitor_ah_delivered_this_outage,1.31659269332886,2026-05-06T11:33:08.202Z
sensor.ups_monitor_ah_delivered_this_outage,1.31824851036072,2026-05-06T11:33:13.202Z
sensor.ups_monitor_ah_delivered_this_outage,1.31983983516693,2026-05-06T11:33:18.203Z
sensor.ups_monitor_ah_delivered_this_outage,1.32141542434692,2026-05-06T11:33:23.196Z
sensor.ups_monitor_ah_delivered_this_outage,1.32299101352692,2026-05-06T11:33:28.194Z
sensor.ups_monitor_ah_delivered_this_outage,1.32458770275116,2026-05-06T11:33:33.196Z
sensor.ups_monitor_ah_delivered_this_outage,1.32620179653168,2026-05-06T11:33:38.208Z
sensor.ups_monitor_ah_delivered_this_outage,1.32782387733459,2026-05-06T11:33:43.202Z
sensor.ups_monitor_ah_delivered_this_outage,1.32946968078613,2026-05-06T11:33:48.203Z
sensor.ups_monitor_ah_delivered_this_outage,1.33110976219177,2026-05-06T11:33:53.204Z
sensor.ups_monitor_ah_delivered_this_outage,1.33271586894989,2026-05-06T11:33:58.206Z
sensor.ups_monitor_ah_delivered_this_outage,1.33429193496704,2026-05-06T11:34:03.205Z
sensor.ups_monitor_ah_delivered_this_outage,1.33592212200165,2026-05-06T11:34:08.204Z
sensor.ups_monitor_ah_delivered_this_outage,1.33760762214661,2026-05-06T11:34:13.205Z
sensor.ups_monitor_ah_delivered_this_outage,1.33923435211182,2026-05-06T11:34:18.204Z
sensor.ups_monitor_ah_delivered_this_outage,1.34084117412567,2026-05-06T11:34:23.207Z
sensor.ups_monitor_ah_delivered_this_outage,1.34243535995483,2026-05-06T11:34:28.207Z
sensor.ups_monitor_ah_delivered_this_outage,1.34402024745941,2026-05-06T11:34:33.209Z
sensor.ups_monitor_ah_delivered_this_outage,1.34563505649567,2026-05-06T11:34:38.634Z
sensor.ups_monitor_ah_delivered_this_outage,1.34722924232483,2026-05-06T11:34:43.206Z
sensor.ups_monitor_ah_delivered_this_outage,1.34882736206055,2026-05-06T11:34:48.208Z
sensor.ups_monitor_ah_delivered_this_outage,1.3504364490509,2026-05-06T11:34:53.212Z
sensor.ups_monitor_ah_delivered_this_outage,1.35204136371613,2026-05-06T11:34:58.224Z
sensor.ups_monitor_ah_delivered_this_outage,1.35367512702942,2026-05-06T11:35:03.214Z
sensor.ups_monitor_ah_delivered_this_outage,1.35533142089844,2026-05-06T11:35:08.212Z
sensor.ups_monitor_ah_delivered_this_outage,1.35706079006195,2026-05-06T11:35:13.215Z
sensor.ups_monitor_ah_delivered_this_outage,1.35873973369598,2026-05-06T11:35:18.214Z
sensor.ups_monitor_ah_delivered_this_outage,1.36031317710876,2026-05-06T11:35:23.214Z
sensor.ups_monitor_ah_delivered_this_outage,1.36188471317291,2026-05-06T11:35:28.215Z
sensor.ups_monitor_ah_delivered_this_outage,1.36351442337036,2026-05-06T11:35:33.216Z
sensor.ups_monitor_ah_delivered_this_outage,1.36516761779785,2026-05-06T11:35:38.216Z
sensor.ups_monitor_ah_delivered_this_outage,1.36678838729858,2026-05-06T11:35:43.221Z
sensor.ups_monitor_ah_delivered_this_outage,1.36838555335999,2026-05-06T11:35:48.221Z
sensor.ups_monitor_ah_delivered_this_outage,1.36999666690826,2026-05-06T11:35:53.221Z
sensor.ups_monitor_ah_delivered_this_outage,1.37161147594452,2026-05-06T11:35:58.223Z
sensor.ups_monitor_ah_delivered_this_outage,1.37322115898132,2026-05-06T11:36:03.236Z
sensor.ups_monitor_ah_delivered_this_outage,1.37483656406403,2026-05-06T11:36:08.237Z
sensor.ups_monitor_ah_delivered_this_outage,1.37644279003143,2026-05-06T11:36:13.223Z
sensor.ups_monitor_ah_delivered_this_outage,1.37805354595184,2026-05-06T11:36:18.230Z
sensor.ups_monitor_ah_delivered_this_outage,1.37962055206299,2026-05-06T11:36:23.223Z
sensor.ups_monitor_ah_delivered_this_outage,1.38124406337738,2026-05-06T11:36:28.238Z
sensor.ups_monitor_ah_delivered_this_outage,1.38291752338409,2026-05-06T11:36:33.237Z
sensor.ups_monitor_ah_delivered_this_outage,1.38452780246735,2026-05-06T11:36:38.225Z
sensor.ups_monitor_ah_delivered_this_outage,1.3860958814621,2026-05-06T11:36:43.221Z
sensor.ups_monitor_ah_delivered_this_outage,1.38768148422241,2026-05-06T11:36:48.224Z
sensor.ups_monitor_ah_delivered_this_outage,1.38926076889038,2026-05-06T11:36:53.224Z
sensor.ups_monitor_ah_delivered_this_outage,1.3908851146698,2026-05-06T11:36:58.224Z
sensor.ups_monitor_ah_delivered_this_outage,1.39250802993774,2026-05-06T11:37:03.237Z
sensor.ups_monitor_ah_delivered_this_outage,1.39409184455872,2026-05-06T11:37:08.224Z
sensor.ups_monitor_ah_delivered_this_outage,1.39571559429169,2026-05-06T11:37:13.237Z
sensor.ups_monitor_ah_delivered_this_outage,1.39733123779297,2026-05-06T11:37:18.240Z
sensor.ups_monitor_ah_delivered_this_outage,1.39893484115601,2026-05-06T11:37:23.225Z
sensor.ups_monitor_ah_delivered_this_outage,1.40053820610046,2026-05-06T11:37:28.226Z
sensor.ups_monitor_ah_delivered_this_outage,1.40212714672089,2026-05-06T11:37:33.228Z
sensor.ups_monitor_ah_delivered_this_outage,1.40375447273254,2026-05-06T11:37:38.227Z
sensor.ups_monitor_ah_delivered_this_outage,1.40538322925568,2026-05-06T11:37:43.221Z
sensor.ups_monitor_ah_delivered_this_outage,1.40698671340942,2026-05-06T11:37:48.227Z
sensor.ups_monitor_ah_delivered_this_outage,1.40857005119324,2026-05-06T11:37:53.240Z
sensor.ups_monitor_ah_delivered_this_outage,1.41019546985626,2026-05-06T11:37:58.227Z
sensor.ups_monitor_ah_delivered_this_outage,1.41186690330505,2026-05-06T11:38:03.227Z
sensor.ups_monitor_ah_delivered_this_outage,1.41351020336151,2026-05-06T11:38:08.227Z
sensor.ups_monitor_ah_delivered_this_outage,1.41519558429718,2026-05-06T11:38:13.231Z
sensor.ups_monitor_ah_delivered_this_outage,1.41690063476562,2026-05-06T11:38:18.228Z
sensor.ups_monitor_ah_delivered_this_outage,1.41854798793793,2026-05-06T11:38:23.229Z
sensor.ups_monitor_ah_delivered_this_outage,1.42014193534851,2026-05-06T11:38:28.228Z
sensor.ups_monitor_ah_delivered_this_outage,1.42176723480225,2026-05-06T11:38:33.228Z
sensor.ups_monitor_ah_delivered_this_outage,1.4234664440155,2026-05-06T11:38:38.228Z
sensor.ups_monitor_ah_delivered_this_outage,1.42512810230255,2026-05-06T11:38:43.220Z
sensor.ups_monitor_ah_delivered_this_outage,1.42673468589783,2026-05-06T11:38:48.228Z
sensor.ups_monitor_ah_delivered_this_outage,1.42834961414337,2026-05-06T11:38:53.230Z
sensor.ups_monitor_ah_delivered_this_outage,1.42996299266815,2026-05-06T11:38:58.228Z
sensor.ups_monitor_ah_delivered_this_outage,1.43158185482025,2026-05-06T11:39:03.228Z
sensor.ups_monitor_ah_delivered_this_outage,1.43321907520294,2026-05-06T11:39:08.228Z
sensor.ups_monitor_ah_delivered_this_outage,1.43483150005341,2026-05-06T11:39:13.230Z
sensor.ups_monitor_ah_delivered_this_outage,1.43641841411591,2026-05-06T11:39:18.231Z
sensor.ups_monitor_ah_delivered_this_outage,1.43803584575653,2026-05-06T11:39:23.236Z
sensor.ups_monitor_ah_delivered_this_outage,1.43962800502777,2026-05-06T11:39:28.231Z
sensor.ups_monitor_ah_delivered_this_outage,1.44120407104492,2026-05-06T11:39:33.231Z
sensor.ups_monitor_ah_delivered_this_outage,1.44281339645386,2026-05-06T11:39:38.234Z
sensor.ups_monitor_ah_delivered_this_outage,1.44447433948517,2026-05-06T11:39:43.231Z
sensor.ups_monitor_ah_delivered_this_outage,1.44616162776947,2026-05-06T11:39:48.234Z
sensor.ups_monitor_ah_delivered_this_outage,1.44778633117676,2026-05-06T11:39:53.231Z
sensor.ups_monitor_ah_delivered_this_outage,1.44939947128296,2026-05-06T11:39:58.231Z
sensor.ups_monitor_ah_delivered_this_outage,1.45106542110443,2026-05-06T11:40:03.231Z
sensor.ups_monitor_ah_delivered_this_outage,1.45270049571991,2026-05-06T11:40:08.234Z
sensor.ups_monitor_ah_delivered_this_outage,1.45432567596436,2026-05-06T11:40:13.249Z
sensor.ups_monitor_ah_delivered_this_outage,1.45601439476013,2026-05-06T11:40:18.234Z
sensor.ups_monitor_ah_delivered_this_outage,1.45767080783844,2026-05-06T11:40:23.234Z
sensor.ups_monitor_ah_delivered_this_outage,1.45925772190094,2026-05-06T11:40:28.234Z
sensor.ups_monitor_ah_delivered_this_outage,1.46083986759186,2026-05-06T11:40:33.234Z
sensor.ups_monitor_ah_delivered_this_outage,1.46243345737457,2026-05-06T11:40:38.234Z
sensor.ups_monitor_ah_delivered_this_outage,1.46403479576111,2026-05-06T11:40:43.237Z
sensor.ups_monitor_ah_delivered_this_outage,1.46562373638153,2026-05-06T11:40:48.238Z
sensor.ups_monitor_ah_delivered_this_outage,1.46722638607025,2026-05-06T11:40:53.243Z
sensor.ups_monitor_ah_delivered_this_outage,1.46884858608246,2026-05-06T11:40:58.238Z
sensor.ups_monitor_ah_delivered_this_outage,1.47044169902802,2026-05-06T11:41:03.240Z
sensor.ups_monitor_ah_delivered_this_outage,1.47203683853149,2026-05-06T11:41:08.243Z
sensor.ups_monitor_ah_delivered_this_outage,1.47363996505737,2026-05-06T11:41:13.243Z
sensor.ups_monitor_ah_delivered_this_outage,1.47524070739746,2026-05-06T11:41:18.242Z
sensor.ups_monitor_ah_delivered_this_outage,1.47684156894684,2026-05-06T11:41:23.243Z
sensor.ups_monitor_ah_delivered_this_outage,1.47842764854431,2026-05-06T11:41:28.242Z
sensor.ups_monitor_ah_delivered_this_outage,1.480024933815,2026-05-06T11:41:33.243Z
sensor.ups_monitor_ah_delivered_this_outage,1.48165166378021,2026-05-06T11:41:38.242Z
sensor.ups_monitor_ah_delivered_this_outage,1.48331308364868,2026-05-06T11:41:43.237Z
sensor.ups_monitor_ah_delivered_this_outage,1.48495817184448,2026-05-06T11:41:48.242Z
sensor.ups_monitor_ah_delivered_this_outage,1.48655521869659,2026-05-06T11:41:53.258Z
sensor.ups_monitor_ah_delivered_this_outage,1.48816299438477,2026-05-06T11:41:58.246Z
sensor.ups_monitor_ah_delivered_this_outage,1.4897928237915,2026-05-06T11:42:03.249Z
sensor.ups_monitor_ah_delivered_this_outage,1.49139666557312,2026-05-06T11:42:08.248Z
sensor.ups_monitor_ah_delivered_this_outage,1.49301826953888,2026-05-06T11:42:13.249Z
sensor.ups_monitor_ah_delivered_this_outage,1.49464571475983,2026-05-06T11:42:18.251Z
sensor.ups_monitor_ah_delivered_this_outage,1.49626135826111,2026-05-06T11:42:23.250Z
sensor.ups_monitor_ah_delivered_this_outage,1.49787425994873,2026-05-06T11:42:28.249Z
sensor.ups_monitor_ah_delivered_this_outage,1.49950242042542,2026-05-06T11:42:33.252Z
sensor.ups_monitor_ah_delivered_this_outage,1.50123131275177,2026-05-06T11:42:38.254Z
sensor.ups_monitor_ah_delivered_this_outage,1.50295770168304,2026-05-06T11:42:43.266Z
sensor.ups_monitor_ah_delivered_this_outage,1.5046079158783,2026-05-06T11:42:48.258Z
sensor.ups_monitor_ah_delivered_this_outage,1.50620710849762,2026-05-06T11:42:53.258Z
sensor.ups_monitor_ah_delivered_this_outage,1.5077760219574,2026-05-06T11:42:58.258Z
sensor.ups_monitor_ah_delivered_this_outage,1.50944602489471,2026-05-06T11:43:03.258Z
sensor.ups_monitor_ah_delivered_this_outage,1.51116597652435,2026-05-06T11:43:08.258Z
sensor.ups_monitor_ah_delivered_this_outage,1.51281869411469,2026-05-06T11:43:13.258Z
sensor.ups_monitor_ah_delivered_this_outage,1.51448273658752,2026-05-06T11:43:18.259Z
sensor.ups_monitor_ah_delivered_this_outage,1.51611852645874,2026-05-06T11:43:23.261Z
sensor.ups_monitor_ah_delivered_this_outage,1.51768815517426,2026-05-06T11:43:28.262Z
sensor.ups_monitor_ah_delivered_this_outage,1.51928067207336,2026-05-06T11:43:33.261Z
sensor.ups_monitor_ah_delivered_this_outage,1.52089977264404,2026-05-06T11:43:38.261Z
sensor.ups_monitor_ah_delivered_this_outage,1.52254247665405,2026-05-06T11:43:43.256Z
sensor.ups_monitor_ah_delivered_this_outage,1.52415752410889,2026-05-06T11:43:48.261Z
sensor.ups_monitor_ah_delivered_this_outage,1.52572882175446,2026-05-06T11:43:53.264Z
sensor.ups_monitor_ah_delivered_this_outage,1.52732312679291,2026-05-06T11:43:58.263Z
sensor.ups_monitor_ah_delivered_this_outage,1.52892971038818,2026-05-06T11:44:03.263Z
sensor.ups_monitor_ah_delivered_this_outage,1.53052830696106,2026-05-06T11:44:08.264Z
sensor.ups_monitor_ah_delivered_this_outage,1.53211617469788,2026-05-06T11:44:13.269Z
sensor.ups_monitor_ah_delivered_this_outage,1.53369534015656,2026-05-06T11:44:18.268Z
sensor.ups_monitor_ah_delivered_this_outage,1.5353422164917,2026-05-06T11:44:23.267Z
sensor.ups_monitor_ah_delivered_this_outage,1.53697347640991,2026-05-06T11:44:28.268Z
sensor.ups_monitor_ah_delivered_this_outage,1.53853118419647,2026-05-06T11:44:33.267Z
sensor.ups_monitor_ah_delivered_this_outage,1.5401052236557,2026-05-06T11:44:38.268Z
sensor.ups_monitor_ah_delivered_this_outage,1.54174959659576,2026-05-06T11:44:43.272Z
sensor.ups_monitor_ah_delivered_this_outage,1.54338383674622,2026-05-06T11:44:48.274Z
sensor.ups_monitor_ah_delivered_this_outage,1.54501295089722,2026-05-06T11:44:53.274Z
sensor.ups_monitor_ah_delivered_this_outage,1.54664313793182,2026-05-06T11:44:58.274Z
sensor.ups_monitor_ah_delivered_this_outage,1.54834997653961,2026-05-06T11:45:03.273Z
sensor.ups_monitor_ah_delivered_this_outage,1.55006623268127,2026-05-06T11:45:08.274Z
sensor.ups_monitor_ah_delivered_this_outage,1.55165004730225,2026-05-06T11:45:13.274Z
sensor.ups_monitor_ah_delivered_this_outage,1.55327785015106,2026-05-06T11:45:18.275Z
sensor.ups_monitor_ah_delivered_this_outage,1.55497491359711,2026-05-06T11:45:23.274Z
sensor.ups_monitor_ah_delivered_this_outage,1.55666255950928,2026-05-06T11:45:28.274Z
sensor.ups_monitor_ah_delivered_this_outage,1.55830049514771,2026-05-06T11:45:33.274Z
sensor.ups_monitor_ah_delivered_this_outage,1.55991888046265,2026-05-06T11:45:38.275Z
sensor.ups_monitor_ah_delivered_this_outage,1.5615086555481,2026-05-06T11:45:43.284Z
sensor.ups_monitor_ah_delivered_this_outage,1.56309235095978,2026-05-06T11:45:48.279Z
sensor.ups_monitor_ah_delivered_this_outage,1.56467998027802,2026-05-06T11:45:53.279Z
sensor.ups_monitor_ah_delivered_this_outage,1.56626629829407,2026-05-06T11:45:58.279Z
sensor.ups_monitor_ah_delivered_this_outage,1.56789004802704,2026-05-06T11:46:03.278Z
sensor.ups_monitor_ah_delivered_this_outage,1.56953537464142,2026-05-06T11:46:08.279Z
sensor.ups_monitor_ah_delivered_this_outage,1.57116723060608,2026-05-06T11:46:13.281Z
sensor.ups_monitor_ah_delivered_this_outage,1.57277607917786,2026-05-06T11:46:18.284Z
sensor.ups_monitor_ah_delivered_this_outage,1.57440590858459,2026-05-06T11:46:23.297Z
sensor.ups_monitor_ah_delivered_this_outage,1.57605481147766,2026-05-06T11:46:28.284Z
sensor.ups_monitor_ah_delivered_this_outage,1.57765054702759,2026-05-06T11:46:33.284Z
sensor.ups_monitor_ah_delivered_this_outage,1.5792453289032,2026-05-06T11:46:38.284Z
sensor.ups_monitor_ah_delivered_this_outage,1.58086836338043,2026-05-06T11:46:43.284Z
sensor.ups_monitor_ah_delivered_this_outage,1.58245742321014,2026-05-06T11:46:48.284Z
sensor.ups_monitor_ah_delivered_this_outage,1.58402299880981,2026-05-06T11:46:53.286Z
sensor.ups_monitor_ah_delivered_this_outage,1.58561968803406,2026-05-06T11:46:58.287Z
sensor.ups_monitor_ah_delivered_this_outage,1.58725273609161,2026-05-06T11:47:03.287Z
sensor.ups_monitor_ah_delivered_this_outage,1.58886623382568,2026-05-06T11:47:08.287Z
sensor.ups_monitor_ah_delivered_this_outage,1.59050214290619,2026-05-06T11:47:13.300Z
sensor.ups_monitor_ah_delivered_this_outage,1.59211814403534,2026-05-06T11:47:18.287Z
sensor.ups_monitor_ah_delivered_this_outage,1.59369397163391,2026-05-06T11:47:23.287Z
sensor.ups_monitor_ah_delivered_this_outage,1.59530508518219,2026-05-06T11:47:28.287Z
sensor.ups_monitor_ah_delivered_this_outage,1.59691154956818,2026-05-06T11:47:33.287Z
sensor.ups_monitor_ah_delivered_this_outage,1.59851133823395,2026-05-06T11:47:38.300Z
sensor.ups_monitor_ah_delivered_this_outage,1.60014522075653,2026-05-06T11:47:43.302Z
sensor.ups_monitor_ah_delivered_this_outage,1.6017735004425,2026-05-06T11:47:48.287Z
sensor.ups_monitor_ah_delivered_this_outage,1.60337662696838,2026-05-06T11:47:53.287Z
sensor.ups_monitor_ah_delivered_this_outage,1.60501503944397,2026-05-06T11:47:58.286Z
sensor.ups_monitor_ah_delivered_this_outage,1.6066517829895,2026-05-06T11:48:03.299Z
sensor.ups_monitor_ah_delivered_this_outage,1.60828220844269,2026-05-06T11:48:08.287Z
sensor.ups_monitor_ah_delivered_this_outage,1.6099351644516,2026-05-06T11:48:13.301Z
sensor.ups_monitor_ah_delivered_this_outage,1.61156380176544,2026-05-06T11:48:18.289Z
sensor.ups_monitor_ah_delivered_this_outage,1.61316096782684,2026-05-06T11:48:23.291Z
sensor.ups_monitor_ah_delivered_this_outage,1.61477267742157,2026-05-06T11:48:28.300Z
sensor.ups_monitor_ah_delivered_this_outage,1.61638271808624,2026-05-06T11:48:33.288Z
sensor.ups_monitor_ah_delivered_this_outage,1.61797821521759,2026-05-06T11:48:38.287Z
sensor.ups_monitor_ah_delivered_this_outage,1.61957657337189,2026-05-06T11:48:43.301Z
sensor.ups_monitor_ah_delivered_this_outage,1.62116706371307,2026-05-06T11:48:48.287Z
sensor.ups_monitor_ah_delivered_this_outage,1.62278652191162,2026-05-06T11:48:53.288Z
sensor.ups_monitor_ah_delivered_this_outage,1.62440955638885,2026-05-06T11:48:58.302Z
sensor.ups_monitor_ah_delivered_this_outage,1.62601149082184,2026-05-06T11:49:03.302Z
sensor.ups_monitor_ah_delivered_this_outage,1.62766182422638,2026-05-06T11:49:08.292Z
sensor.ups_monitor_ah_delivered_this_outage,1.62931835651398,2026-05-06T11:49:13.292Z
sensor.ups_monitor_ah_delivered_this_outage,1.63096010684967,2026-05-06T11:49:18.292Z
sensor.ups_monitor_ah_delivered_this_outage,1.63263010978699,2026-05-06T11:49:23.295Z
sensor.ups_monitor_ah_delivered_this_outage,1.63432896137238,2026-05-06T11:49:28.297Z
sensor.ups_monitor_ah_delivered_this_outage,1.63600265979767,2026-05-06T11:49:33.298Z
sensor.ups_monitor_ah_delivered_this_outage,1.63766014575958,2026-05-06T11:49:38.298Z
sensor.ups_monitor_ah_delivered_this_outage,1.6392879486084,2026-05-06T11:49:43.298Z
sensor.ups_monitor_ah_delivered_this_outage,1.6408931016922,2026-05-06T11:49:48.297Z
sensor.ups_monitor_ah_delivered_this_outage,1.64254248142242,2026-05-06T11:49:53.300Z
sensor.ups_monitor_ah_delivered_this_outage,1.64418196678162,2026-05-06T11:49:58.313Z
sensor.ups_monitor_ah_delivered_this_outage,1.64580965042114,2026-05-06T11:50:03.303Z
sensor.ups_monitor_ah_delivered_this_outage,1.64744281768799,2026-05-06T11:50:08.303Z
sensor.ups_monitor_ah_delivered_this_outage,1.64909851551056,2026-05-06T11:50:13.311Z
sensor.ups_monitor_ah_delivered_this_outage,1.65076780319214,2026-05-06T11:50:18.306Z
sensor.ups_monitor_ah_delivered_this_outage,1.65242528915405,2026-05-06T11:50:23.306Z
sensor.ups_monitor_ah_delivered_this_outage,1.65409421920776,2026-05-06T11:50:28.306Z
sensor.ups_monitor_ah_delivered_this_outage,1.65574371814728,2026-05-06T11:50:33.306Z
sensor.ups_monitor_ah_delivered_this_outage,1.65738117694855,2026-05-06T11:50:38.307Z
sensor.ups_monitor_ah_delivered_this_outage,1.65900468826294,2026-05-06T11:50:43.309Z
sensor.ups_monitor_ah_delivered_this_outage,1.66060960292816,2026-05-06T11:50:48.310Z
sensor.ups_monitor_ah_delivered_this_outage,1.66224193572998,2026-05-06T11:50:53.310Z
sensor.ups_monitor_ah_delivered_this_outage,1.66388809680939,2026-05-06T11:50:58.310Z
sensor.ups_monitor_ah_delivered_this_outage,1.66551983356476,2026-05-06T11:51:03.310Z
sensor.ups_monitor_ah_delivered_this_outage,1.66713738441467,2026-05-06T11:51:08.310Z
sensor.ups_monitor_ah_delivered_this_outage,1.66879165172577,2026-05-06T11:51:13.310Z
sensor.ups_monitor_ah_delivered_this_outage,1.67042696475983,2026-05-06T11:51:18.313Z
sensor.ups_monitor_ah_delivered_this_outage,1.67205059528351,2026-05-06T11:51:23.310Z
sensor.ups_monitor_ah_delivered_this_outage,1.67367517948151,2026-05-06T11:51:28.324Z
sensor.ups_monitor_ah_delivered_this_outage,1.67529761791229,2026-05-06T11:51:33.311Z
sensor.ups_monitor_ah_delivered_this_outage,1.67691946029663,2026-05-06T11:51:38.324Z
sensor.ups_monitor_ah_delivered_this_outage,1.67853486537933,2026-05-06T11:51:43.310Z
sensor.ups_monitor_ah_delivered_this_outage,1.68016684055328,2026-05-06T11:51:48.311Z
sensor.ups_monitor_ah_delivered_this_outage,1.68179881572723,2026-05-06T11:51:53.325Z
sensor.ups_monitor_ah_delivered_this_outage,1.68345725536346,2026-05-06T11:51:58.310Z
sensor.ups_monitor_ah_delivered_this_outage,1.68511474132538,2026-05-06T11:52:03.310Z
sensor.ups_monitor_ah_delivered_this_outage,1.68673348426819,2026-05-06T11:52:08.310Z
sensor.ups_monitor_ah_delivered_this_outage,1.68833541870117,2026-05-06T11:52:13.310Z
sensor.ups_monitor_ah_delivered_this_outage,1.68994081020355,2026-05-06T11:52:18.310Z
sensor.ups_monitor_ah_delivered_this_outage,1.69158017635345,2026-05-06T11:52:23.310Z
sensor.ups_monitor_ah_delivered_this_outage,1.69319450855255,2026-05-06T11:52:28.310Z
sensor.ups_monitor_ah_delivered_this_outage,1.69479632377625,2026-05-06T11:52:33.310Z
sensor.ups_monitor_ah_delivered_this_outage,1.69642221927643,2026-05-06T11:52:38.310Z
sensor.ups_monitor_ah_delivered_this_outage,1.69804620742798,2026-05-06T11:52:43.310Z
sensor.ups_monitor_ah_delivered_this_outage,1.69964933395386,2026-05-06T11:52:48.310Z
sensor.ups_monitor_ah_delivered_this_outage,1.70123910903931,2026-05-06T11:52:53.310Z
sensor.ups_monitor_ah_delivered_this_outage,1.70291769504547,2026-05-06T11:52:58.311Z
sensor.ups_monitor_ah_delivered_this_outage,1.70458614826202,2026-05-06T11:53:03.310Z
sensor.ups_monitor_ah_delivered_this_outage,1.70617723464966,2026-05-06T11:53:08.311Z
sensor.ups_monitor_ah_delivered_this_outage,1.70777034759521,2026-05-06T11:53:13.310Z
sensor.ups_monitor_ah_delivered_this_outage,1.70938873291016,2026-05-06T11:53:18.311Z
sensor.ups_monitor_ah_delivered_this_outage,1.71100294589996,2026-05-06T11:53:23.311Z
sensor.ups_monitor_ah_delivered_this_outage,1.71259248256683,2026-05-06T11:53:28.312Z
sensor.ups_monitor_ah_delivered_this_outage,1.71417713165283,2026-05-06T11:53:33.311Z
sensor.ups_monitor_ah_delivered_this_outage,1.71577131748199,2026-05-06T11:53:38.311Z
sensor.ups_monitor_ah_delivered_this_outage,1.71736216545105,2026-05-06T11:53:43.311Z
sensor.ups_monitor_ah_delivered_this_outage,1.71896231174469,2026-05-06T11:53:48.311Z
sensor.ups_monitor_ah_delivered_this_outage,1.72057139873505,2026-05-06T11:53:53.311Z
sensor.ups_monitor_ah_delivered_this_outage,1.72218954563141,2026-05-06T11:53:58.311Z
sensor.ups_monitor_ah_delivered_this_outage,1.72378814220428,2026-05-06T11:54:03.312Z
sensor.ups_monitor_ah_delivered_this_outage,1.7253565788269,2026-05-06T11:54:08.311Z
sensor.ups_monitor_ah_delivered_this_outage,1.72695124149323,2026-05-06T11:54:13.311Z
sensor.ups_monitor_ah_delivered_this_outage,1.72856092453003,2026-05-06T11:54:18.311Z
sensor.ups_monitor_ah_delivered_this_outage,1.73019754886627,2026-05-06T11:54:23.312Z
sensor.ups_monitor_ah_delivered_this_outage,1.73192846775055,2026-05-06T11:54:28.314Z
sensor.ups_monitor_ah_delivered_this_outage,1.73363852500916,2026-05-06T11:54:33.314Z
sensor.ups_monitor_ah_delivered_this_outage,1.73524475097656,2026-05-06T11:54:38.313Z
sensor.ups_monitor_ah_delivered_this_outage,1.7368311882019,2026-05-06T11:54:43.314Z
sensor.ups_monitor_ah_delivered_this_outage,1.73844039440155,2026-05-06T11:54:48.316Z
sensor.ups_monitor_ah_delivered_this_outage,1.74006724357605,2026-05-06T11:54:53.319Z
sensor.ups_monitor_ah_delivered_this_outage,1.74167573451996,2026-05-06T11:54:58.318Z
sensor.ups_monitor_ah_delivered_this_outage,1.7432678937912,2026-05-06T11:55:03.319Z
sensor.ups_monitor_ah_delivered_this_outage,1.74485421180725,2026-05-06T11:55:08.319Z
sensor.ups_monitor_ah_delivered_this_outage,1.74644410610199,2026-05-06T11:55:13.319Z
sensor.ups_monitor_ah_delivered_this_outage,1.74806249141693,2026-05-06T11:55:18.319Z
sensor.ups_monitor_ah_delivered_this_outage,1.74968957901001,2026-05-06T11:55:23.319Z
sensor.ups_monitor_ah_delivered_this_outage,1.75130391120911,2026-05-06T11:55:28.319Z
sensor.ups_monitor_ah_delivered_this_outage,1.75292348861694,2026-05-06T11:55:33.319Z
sensor.ups_monitor_ah_delivered_this_outage,1.75455415248871,2026-05-06T11:55:38.320Z
sensor.ups_monitor_ah_delivered_this_outage,1.75618636608124,2026-05-06T11:55:43.335Z
sensor.ups_monitor_ah_delivered_this_outage,1.75777018070221,2026-05-06T11:55:48.319Z
sensor.ups_monitor_ah_delivered_this_outage,1.7593686580658,2026-05-06T11:55:53.322Z
sensor.ups_monitor_ah_delivered_this_outage,1.76098251342773,2026-05-06T11:55:58.324Z
sensor.ups_monitor_ah_delivered_this_outage,1.76260888576508,2026-05-06T11:56:03.324Z
sensor.ups_monitor_ah_delivered_this_outage,1.76423728466034,2026-05-06T11:56:08.325Z
sensor.ups_monitor_ah_delivered_this_outage,1.76584005355835,2026-05-06T11:56:13.325Z
sensor.ups_monitor_ah_delivered_this_outage,1.76743650436401,2026-05-06T11:56:18.324Z
sensor.ups_monitor_ah_delivered_this_outage,1.76903891563416,2026-05-06T11:56:23.324Z
sensor.ups_monitor_ah_delivered_this_outage,1.7706595659256,2026-05-06T11:56:28.327Z
sensor.ups_monitor_ah_delivered_this_outage,1.7722669839859,2026-05-06T11:56:33.329Z
sensor.ups_monitor_ah_delivered_this_outage,1.77390027046204,2026-05-06T11:56:38.331Z
sensor.ups_monitor_ah_delivered_this_outage,1.77553880214691,2026-05-06T11:56:43.331Z
sensor.ups_monitor_ah_delivered_this_outage,1.77713429927826,2026-05-06T11:56:48.332Z
sensor.ups_monitor_ah_delivered_this_outage,1.77870213985443,2026-05-06T11:56:53.334Z
sensor.ups_monitor_ah_delivered_this_outage,1.78029203414917,2026-05-06T11:56:58.333Z
sensor.ups_monitor_ah_delivered_this_outage,1.78194117546082,2026-05-06T11:57:03.334Z
sensor.ups_monitor_ah_delivered_this_outage,1.78357625007629,2026-05-06T11:57:08.333Z
sensor.ups_monitor_ah_delivered_this_outage,1.78515648841858,2026-05-06T11:57:13.336Z
sensor.ups_monitor_ah_delivered_this_outage,1.78675150871277,2026-05-06T11:57:18.337Z
sensor.ups_monitor_ah_delivered_this_outage,1.78836464881897,2026-05-06T11:57:23.337Z
sensor.ups_monitor_ah_delivered_this_outage,1.78999423980713,2026-05-06T11:57:28.337Z
sensor.ups_monitor_ah_delivered_this_outage,1.79162406921387,2026-05-06T11:57:33.336Z
sensor.ups_monitor_ah_delivered_this_outage,1.7932356595993,2026-05-06T11:57:38.336Z
sensor.ups_monitor_ah_delivered_this_outage,1.79492282867432,2026-05-06T11:57:43.351Z
sensor.ups_monitor_ah_delivered_this_outage,1.79660224914551,2026-05-06T11:57:48.337Z
sensor.ups_monitor_ah_delivered_this_outage,1.79825687408447,2026-05-06T11:57:53.337Z
sensor.ups_monitor_ah_delivered_this_outage,1.80004918575287,2026-05-06T11:57:58.336Z
sensor.ups_monitor_ah_delivered_this_outage,1.80198359489441,2026-05-06T11:58:03.336Z
sensor.ups_monitor_ah_delivered_this_outage,1.80392980575562,2026-05-06T11:58:08.336Z
sensor.ups_monitor_ah_delivered_this_outage,1.80581724643707,2026-05-06T11:58:13.336Z
sensor.ups_monitor_ah_delivered_this_outage,1.80768954753876,2026-05-06T11:58:18.336Z
sensor.ups_monitor_ah_delivered_this_outage,1.80954718589783,2026-05-06T11:58:23.337Z
sensor.ups_monitor_ah_delivered_this_outage,1.81136882305145,2026-05-06T11:58:28.351Z
sensor.ups_monitor_ah_delivered_this_outage,1.81320190429688,2026-05-06T11:58:33.338Z
sensor.ups_monitor_ah_delivered_this_outage,1.81505572795868,2026-05-06T11:58:38.347Z
sensor.ups_monitor_ah_delivered_this_outage,1.81687676906586,2026-05-06T11:58:43.344Z
sensor.ups_monitor_ah_delivered_this_outage,1.81872034072876,2026-05-06T11:58:48.353Z
sensor.ups_monitor_ah_delivered_this_outage,1.8206068277359,2026-05-06T11:58:53.343Z
sensor.ups_monitor_ah_delivered_this_outage,1.82248306274414,2026-05-06T11:58:58.343Z
sensor.ups_monitor_ah_delivered_this_outage,1.82428276538849,2026-05-06T11:59:03.347Z
sensor.ups_monitor_ah_delivered_this_outage,1.82600450515747,2026-05-06T11:59:08.356Z
sensor.ups_monitor_ah_delivered_this_outage,1.8276698589325,2026-05-06T11:59:13.355Z
sensor.ups_monitor_ah_delivered_this_outage,1.82932484149933,2026-05-06T11:59:18.356Z
sensor.ups_monitor_ah_delivered_this_outage,1.83097505569458,2026-05-06T11:59:23.355Z
sensor.ups_monitor_ah_delivered_this_outage,1.83258712291718,2026-05-06T11:59:28.350Z
sensor.ups_monitor_ah_delivered_this_outage,1.8342250585556,2026-05-06T11:59:33.365Z
sensor.ups_monitor_ah_delivered_this_outage,1.83586299419403,2026-05-06T11:59:38.368Z
sensor.ups_monitor_ah_delivered_this_outage,1.83744812011719,2026-05-06T11:59:43.360Z
sensor.ups_monitor_ah_delivered_this_outage,1.83906054496765,2026-05-06T11:59:48.364Z
sensor.ups_monitor_ah_delivered_this_outage,1.84068310260773,2026-05-06T11:59:53.373Z
sensor.ups_monitor_ah_delivered_this_outage,1.84230327606201,2026-05-06T11:59:58.365Z
sensor.ups_monitor_ah_delivered_this_outage,1.84396696090698,2026-05-06T12:00:03.364Z
sensor.ups_monitor_ah_delivered_this_outage,1.84567892551422,2026-05-06T12:00:08.372Z
sensor.ups_monitor_ah_delivered_this_outage,1.84735476970673,2026-05-06T12:00:13.371Z
sensor.ups_monitor_ah_delivered_this_outage,1.848961353302,2026-05-06T12:00:18.384Z
sensor.ups_monitor_ah_delivered_this_outage,1.85058927536011,2026-05-06T12:00:23.375Z
sensor.ups_monitor_ah_delivered_this_outage,1.85220336914062,2026-05-06T12:00:28.373Z
sensor.ups_monitor_ah_delivered_this_outage,1.85382449626923,2026-05-06T12:00:33.374Z
sensor.ups_monitor_ah_delivered_this_outage,1.85546183586121,2026-05-06T12:00:38.368Z
sensor.ups_monitor_ah_delivered_this_outage,1.85711944103241,2026-05-06T12:00:43.375Z
sensor.ups_monitor_ah_delivered_this_outage,1.85876095294952,2026-05-06T12:00:48.375Z
sensor.ups_monitor_ah_delivered_this_outage,1.86035394668579,2026-05-06T12:00:53.369Z
sensor.ups_monitor_ah_delivered_this_outage,1.8619292974472,2026-05-06T12:00:58.369Z
sensor.ups_monitor_ah_delivered_this_outage,1.86361801624298,2026-05-06T12:01:03.385Z
sensor.ups_monitor_ah_delivered_this_outage,1.86531007289886,2026-05-06T12:01:08.387Z
sensor.ups_monitor_ah_delivered_this_outage,1.86694490909576,2026-05-06T12:01:13.376Z
sensor.ups_monitor_ah_delivered_this_outage,1.86858344078064,2026-05-06T12:01:18.376Z
sensor.ups_monitor_ah_delivered_this_outage,1.87018644809723,2026-05-06T12:01:23.370Z
sensor.ups_monitor_ah_delivered_this_outage,1.87181651592255,2026-05-06T12:01:28.371Z
sensor.ups_monitor_ah_delivered_this_outage,1.87342977523804,2026-05-06T12:01:33.388Z
sensor.ups_monitor_ah_delivered_this_outage,1.87503671646118,2026-05-06T12:01:38.390Z
sensor.ups_monitor_ah_delivered_this_outage,1.87667334079742,2026-05-06T12:01:43.380Z
sensor.ups_monitor_ah_delivered_this_outage,1.87830471992493,2026-05-06T12:01:48.379Z
sensor.ups_monitor_ah_delivered_this_outage,1.87990927696228,2026-05-06T12:01:53.392Z
sensor.ups_monitor_ah_delivered_this_outage,1.88151216506958,2026-05-06T12:01:58.374Z
sensor.ups_monitor_ah_delivered_this_outage,1.88317537307739,2026-05-06T12:02:03.391Z
sensor.ups_monitor_ah_delivered_this_outage,1.88481688499451,2026-05-06T12:02:08.382Z
sensor.ups_monitor_ah_delivered_this_outage,1.88641488552094,2026-05-06T12:02:13.395Z
sensor.ups_monitor_ah_delivered_this_outage,1.88801491260529,2026-05-06T12:02:18.385Z
sensor.ups_monitor_ah_delivered_this_outage,1.88961267471313,2026-05-06T12:02:23.384Z
sensor.ups_monitor_ah_delivered_this_outage,1.89121747016907,2026-05-06T12:02:28.385Z
sensor.ups_monitor_ah_delivered_this_outage,1.89281415939331,2026-05-06T12:02:33.384Z
sensor.ups_monitor_ah_delivered_this_outage,1.89441418647766,2026-05-06T12:02:38.385Z
sensor.ups_monitor_ah_delivered_this_outage,1.89603567123413,2026-05-06T12:02:43.384Z
sensor.ups_monitor_ah_delivered_this_outage,1.89768350124359,2026-05-06T12:02:48.385Z
sensor.ups_monitor_ah_delivered_this_outage,1.89928662776947,2026-05-06T12:02:53.389Z
sensor.ups_monitor_ah_delivered_this_outage,1.90088367462158,2026-05-06T12:02:58.402Z
sensor.ups_monitor_ah_delivered_this_outage,1.90253841876984,2026-05-06T12:03:03.402Z
sensor.ups_monitor_ah_delivered_this_outage,1.90421652793884,2026-05-06T12:03:08.388Z
sensor.ups_monitor_ah_delivered_this_outage,1.90591442584991,2026-05-06T12:03:13.390Z
sensor.ups_monitor_ah_delivered_this_outage,1.90755450725555,2026-05-06T12:03:18.391Z
sensor.ups_monitor_ah_delivered_this_outage,1.90914535522461,2026-05-06T12:03:23.391Z
sensor.ups_monitor_ah_delivered_this_outage,1.91076993942261,2026-05-06T12:03:28.390Z
sensor.ups_monitor_ah_delivered_this_outage,1.91237914562225,2026-05-06T12:03:33.391Z
sensor.ups_monitor_ah_delivered_this_outage,1.91397202014923,2026-05-06T12:03:38.392Z
sensor.ups_monitor_ah_delivered_this_outage,1.91556072235107,2026-05-06T12:03:43.398Z
sensor.ups_monitor_ah_delivered_this_outage,1.91715085506439,2026-05-06T12:03:48.398Z
sensor.ups_monitor_ah_delivered_this_outage,1.91875493526459,2026-05-06T12:03:53.412Z
sensor.ups_monitor_ah_delivered_this_outage,1.92038238048553,2026-05-06T12:03:58.400Z
sensor.ups_monitor_ah_delivered_this_outage,1.92198407649994,2026-05-06T12:04:03.399Z
sensor.ups_monitor_ah_delivered_this_outage,1.92358410358429,2026-05-06T12:04:08.399Z
sensor.ups_monitor_ah_delivered_this_outage,1.92519176006317,2026-05-06T12:04:13.407Z
sensor.ups_monitor_ah_delivered_this_outage,1.92676043510437,2026-05-06T12:04:18.406Z
sensor.ups_monitor_ah_delivered_this_outage,1.92836809158325,2026-05-06T12:04:23.422Z
sensor.ups_monitor_ah_delivered_this_outage,1.93001270294189,2026-05-06T12:04:28.422Z
sensor.ups_monitor_ah_delivered_this_outage,1.93166422843933,2026-05-06T12:04:33.409Z
sensor.ups_monitor_ah_delivered_this_outage,1.93330764770508,2026-05-06T12:04:38.409Z
sensor.ups_monitor_ah_delivered_this_outage,1.93492305278778,2026-05-06T12:04:43.414Z
sensor.ups_monitor_ah_delivered_this_outage,1.93653118610382,2026-05-06T12:04:48.418Z
sensor.ups_monitor_ah_delivered_this_outage,1.93811821937561,2026-05-06T12:04:53.418Z
sensor.ups_monitor_ah_delivered_this_outage,1.93968951702118,2026-05-06T12:04:58.417Z
sensor.ups_monitor_ah_delivered_this_outage,1.94132256507874,2026-05-06T12:05:03.417Z
sensor.ups_monitor_ah_delivered_this_outage,1.94301402568817,2026-05-06T12:05:08.432Z
sensor.ups_monitor_ah_delivered_this_outage,1.94464707374573,2026-05-06T12:05:13.422Z
sensor.ups_monitor_ah_delivered_this_outage,1.94626200199127,2026-05-06T12:05:18.421Z
sensor.ups_monitor_ah_delivered_this_outage,1.94787979125977,2026-05-06T12:05:23.422Z
sensor.ups_monitor_ah_delivered_this_outage,1.94949543476105,2026-05-06T12:05:28.435Z
sensor.ups_monitor_ah_delivered_this_outage,1.95113170146942,2026-05-06T12:05:33.422Z
sensor.ups_monitor_ah_delivered_this_outage,1.95274174213409,2026-05-06T12:05:38.422Z
sensor.ups_monitor_ah_delivered_this_outage,1.95435035228729,2026-05-06T12:05:43.437Z
sensor.ups_monitor_ah_delivered_this_outage,1.95598769187927,2026-05-06T12:05:48.422Z
sensor.ups_monitor_ah_delivered_this_outage,1.95761942863464,2026-05-06T12:05:53.437Z
sensor.ups_monitor_ah_delivered_this_outage,1.95923912525177,2026-05-06T12:05:58.436Z
sensor.ups_monitor_ah_delivered_this_outage,1.96085107326508,2026-05-06T12:06:03.424Z
sensor.ups_monitor_ah_delivered_this_outage,1.96244537830353,2026-05-06T12:06:08.427Z
sensor.ups_monitor_ah_delivered_this_outage,1.96405637264252,2026-05-06T12:06:13.427Z
sensor.ups_monitor_ah_delivered_this_outage,1.96566617488861,2026-05-06T12:06:18.428Z
sensor.ups_monitor_ah_delivered_this_outage,1.96726667881012,2026-05-06T12:06:23.430Z
sensor.ups_monitor_ah_delivered_this_outage,1.96891117095947,2026-05-06T12:06:28.430Z
sensor.ups_monitor_ah_delivered_this_outage,1.97055506706238,2026-05-06T12:06:33.429Z
sensor.ups_monitor_ah_delivered_this_outage,1.97213923931122,2026-05-06T12:06:38.430Z
sensor.ups_monitor_ah_delivered_this_outage,1.97373139858246,2026-05-06T12:06:43.432Z
sensor.ups_monitor_ah_delivered_this_outage,1.97532820701599,2026-05-06T12:06:48.433Z
sensor.ups_monitor_ah_delivered_this_outage,1.97691941261292,2026-05-06T12:06:53.433Z
sensor.ups_monitor_ah_delivered_this_outage,1.97854244709015,2026-05-06T12:06:58.432Z
sensor.ups_monitor_ah_delivered_this_outage,1.98016178607941,2026-05-06T12:07:03.433Z
sensor.ups_monitor_ah_delivered_this_outage,1.98179054260254,2026-05-06T12:07:08.433Z
sensor.ups_monitor_ah_delivered_this_outage,1.98344469070435,2026-05-06T12:07:13.432Z
sensor.ups_monitor_ah_delivered_this_outage,1.98505342006683,2026-05-06T12:07:18.433Z
sensor.ups_monitor_ah_delivered_this_outage,1.98664820194244,2026-05-06T12:07:23.433Z
sensor.ups_monitor_ah_delivered_this_outage,1.98825657367706,2026-05-06T12:07:28.432Z
sensor.ups_monitor_ah_delivered_this_outage,1.98987114429474,2026-05-06T12:07:33.432Z
sensor.ups_monitor_ah_delivered_this_outage,1.99147999286652,2026-05-06T12:07:38.433Z
sensor.ups_monitor_ah_delivered_this_outage,1.99306154251099,2026-05-06T12:07:43.435Z
sensor.ups_monitor_ah_delivered_this_outage,1.99464797973633,2026-05-06T12:07:48.436Z
sensor.ups_monitor_ah_delivered_this_outage,1.99623072147369,2026-05-06T12:07:53.437Z
sensor.ups_monitor_ah_delivered_this_outage,1.99783682823181,2026-05-06T12:07:58.436Z
sensor.ups_monitor_ah_delivered_this_outage,1.99947535991669,2026-05-06T12:08:03.436Z
sensor.ups_monitor_ah_delivered_this_outage,2.00110054016113,2026-05-06T12:08:08.436Z
sensor.ups_monitor_ah_delivered_this_outage,2.0027379989624,2026-05-06T12:08:13.435Z
sensor.ups_monitor_ah_delivered_this_outage,2.00439167022705,2026-05-06T12:08:18.439Z
sensor.ups_monitor_ah_delivered_this_outage,2.00601005554199,2026-05-06T12:08:23.454Z
sensor.ups_monitor_ah_delivered_this_outage,2.00760865211487,2026-05-06T12:08:28.454Z
sensor.ups_monitor_ah_delivered_this_outage,2.00925183296204,2026-05-06T12:08:33.441Z
sensor.ups_monitor_ah_delivered_this_outage,2.01089859008789,2026-05-06T12:08:38.455Z
sensor.ups_monitor_ah_delivered_this_outage,2.01250505447388,2026-05-06T12:08:43.441Z
sensor.ups_monitor_ah_delivered_this_outage,2.01411747932434,2026-05-06T12:08:48.442Z
sensor.ups_monitor_ah_delivered_this_outage,2.01571464538574,2026-05-06T12:08:53.458Z
sensor.ups_monitor_ah_delivered_this_outage,2.01736307144165,2026-05-06T12:08:58.442Z
sensor.ups_monitor_ah_delivered_this_outage,2.01906514167786,2026-05-06T12:09:03.444Z
sensor.ups_monitor_ah_delivered_this_outage,2.02070116996765,2026-05-06T12:09:08.445Z
sensor.ups_monitor_ah_delivered_this_outage,2.02228188514709,2026-05-06T12:09:13.444Z
sensor.ups_monitor_ah_delivered_this_outage,2.02390170097351,2026-05-06T12:09:18.445Z
sensor.ups_monitor_ah_delivered_this_outage,2.02555561065674,2026-05-06T12:09:23.444Z
sensor.ups_monitor_ah_delivered_this_outage,2.02722525596619,2026-05-06T12:09:28.446Z
sensor.ups_monitor_ah_delivered_this_outage,2.02889943122864,2026-05-06T12:09:33.448Z
sensor.ups_monitor_ah_delivered_this_outage,2.03052592277527,2026-05-06T12:09:38.448Z
sensor.ups_monitor_ah_delivered_this_outage,2.03218364715576,2026-05-06T12:09:43.453Z
sensor.ups_monitor_ah_delivered_this_outage,2.03385210037231,2026-05-06T12:09:48.452Z
sensor.ups_monitor_ah_delivered_this_outage,2.03545451164246,2026-05-06T12:09:53.452Z
sensor.ups_monitor_ah_delivered_this_outage,2.03710889816284,2026-05-06T12:09:58.453Z
sensor.ups_monitor_ah_delivered_this_outage,2.03878593444824,2026-05-06T12:10:03.453Z
sensor.ups_monitor_ah_delivered_this_outage,2.04039168357849,2026-05-06T12:10:08.466Z
sensor.ups_monitor_ah_delivered_this_outage,2.04200601577759,2026-05-06T12:10:13.452Z
sensor.ups_monitor_ah_delivered_this_outage,2.04367995262146,2026-05-06T12:10:18.452Z
sensor.ups_monitor_ah_delivered_this_outage,2.04533982276917,2026-05-06T12:10:23.452Z
sensor.ups_monitor_ah_delivered_this_outage,2.0469286441803,2026-05-06T12:10:28.453Z
sensor.ups_monitor_ah_delivered_this_outage,2.0485315322876,2026-05-06T12:10:33.453Z
sensor.ups_monitor_ah_delivered_this_outage,2.0501720905304,2026-05-06T12:10:38.455Z
sensor.ups_monitor_ah_delivered_this_outage,2.051833152771,2026-05-06T12:10:43.456Z
sensor.ups_monitor_ah_delivered_this_outage,2.05347371101379,2026-05-06T12:10:48.470Z
sensor.ups_monitor_ah_delivered_this_outage,2.05512475967407,2026-05-06T12:10:53.457Z
sensor.ups_monitor_ah_delivered_this_outage,2.05678033828735,2026-05-06T12:10:58.457Z
sensor.ups_monitor_ah_delivered_this_outage,2.05846166610718,2026-05-06T12:11:03.459Z
sensor.ups_monitor_ah_delivered_this_outage,2.06014728546143,2026-05-06T12:11:08.460Z
sensor.ups_monitor_ah_delivered_this_outage,2.06183362007141,2026-05-06T12:11:13.462Z
sensor.ups_monitor_ah_delivered_this_outage,2.06349587440491,2026-05-06T12:11:18.463Z
sensor.ups_monitor_ah_delivered_this_outage,2.06515645980835,2026-05-06T12:11:23.464Z
sensor.ups_monitor_ah_delivered_this_outage,2.06682968139648,2026-05-06T12:11:28.466Z
sensor.ups_monitor_ah_delivered_this_outage,2.0684232711792,2026-05-06T12:11:33.465Z
sensor.ups_monitor_ah_delivered_this_outage,2.07000613212585,2026-05-06T12:11:38.465Z
sensor.ups_monitor_ah_delivered_this_outage,2.07163119316101,2026-05-06T12:11:43.469Z
sensor.ups_monitor_ah_delivered_this_outage,2.07329273223877,2026-05-06T12:11:48.470Z
sensor.ups_monitor_ah_delivered_this_outage,2.07492971420288,2026-05-06T12:11:53.469Z
sensor.ups_monitor_ah_delivered_this_outage,2.076584815979,2026-05-06T12:11:58.470Z
sensor.ups_monitor_ah_delivered_this_outage,2.07823896408081,2026-05-06T12:12:03.470Z
sensor.ups_monitor_ah_delivered_this_outage,2.07984662055969,2026-05-06T12:12:08.470Z
sensor.ups_monitor_ah_delivered_this_outage,2.08147478103638,2026-05-06T12:12:13.472Z
sensor.ups_monitor_ah_delivered_this_outage,2.08308863639832,2026-05-06T12:12:18.470Z
sensor.ups_monitor_ah_delivered_this_outage,2.08468198776245,2026-05-06T12:12:23.472Z
sensor.ups_monitor_ah_delivered_this_outage,2.08631753921509,2026-05-06T12:12:28.472Z
sensor.ups_monitor_ah_delivered_this_outage,2.08795595169067,2026-05-06T12:12:33.472Z
sensor.ups_monitor_ah_delivered_this_outage,2.08958268165588,2026-05-06T12:12:38.473Z
sensor.ups_monitor_ah_delivered_this_outage,2.09129953384399,2026-05-06T12:12:43.473Z
sensor.ups_monitor_ah_delivered_this_outage,2.09307527542114,2026-05-06T12:12:48.472Z
sensor.ups_monitor_ah_delivered_this_outage,2.09474754333496,2026-05-06T12:12:53.475Z
sensor.ups_monitor_ah_delivered_this_outage,2.09639430046082,2026-05-06T12:12:58.476Z
sensor.ups_monitor_ah_delivered_this_outage,2.09805464744568,2026-05-06T12:13:03.476Z
sensor.ups_monitor_ah_delivered_this_outage,2.09968304634094,2026-05-06T12:13:08.475Z
sensor.ups_monitor_ah_delivered_this_outage,2.10133361816406,2026-05-06T12:13:13.489Z
sensor.ups_monitor_ah_delivered_this_outage,2.10300588607788,2026-05-06T12:13:18.476Z
sensor.ups_monitor_ah_delivered_this_outage,2.10464024543762,2026-05-06T12:13:23.476Z
sensor.ups_monitor_ah_delivered_this_outage,2.10627889633179,2026-05-06T12:13:28.475Z
sensor.ups_monitor_ah_delivered_this_outage,2.10792350769043,2026-05-06T12:13:33.476Z
sensor.ups_monitor_ah_delivered_this_outage,2.1095564365387,2026-05-06T12:13:38.476Z
sensor.ups_monitor_ah_delivered_this_outage,2.11123466491699,2026-05-06T12:13:43.491Z
sensor.ups_monitor_ah_delivered_this_outage,2.11293768882751,2026-05-06T12:13:48.478Z
sensor.ups_monitor_ah_delivered_this_outage,2.11458301544189,2026-05-06T12:13:53.479Z
sensor.ups_monitor_ah_delivered_this_outage,2.11617517471313,2026-05-06T12:13:58.482Z
sensor.ups_monitor_ah_delivered_this_outage,2.11778712272644,2026-05-06T12:14:03.481Z
sensor.ups_monitor_ah_delivered_this_outage,2.11940240859985,2026-05-06T12:14:08.481Z
sensor.ups_monitor_ah_delivered_this_outage,2.12100028991699,2026-05-06T12:14:13.481Z
sensor.ups_monitor_ah_delivered_this_outage,2.12259984016418,2026-05-06T12:14:18.495Z
sensor.ups_monitor_ah_delivered_this_outage,2.12421035766602,2026-05-06T12:14:23.482Z
sensor.ups_monitor_ah_delivered_this_outage,2.12583184242249,2026-05-06T12:14:28.482Z
sensor.ups_monitor_ah_delivered_this_outage,2.12744379043579,2026-05-06T12:14:33.482Z
sensor.ups_monitor_ah_delivered_this_outage,2.12910938262939,2026-05-06T12:14:38.482Z
sensor.ups_monitor_ah_delivered_this_outage,2.13078045845032,2026-05-06T12:14:43.497Z
sensor.ups_monitor_ah_delivered_this_outage,2.13243389129639,2026-05-06T12:14:48.482Z
sensor.ups_monitor_ah_delivered_this_outage,2.13409495353699,2026-05-06T12:14:53.484Z
sensor.ups_monitor_ah_delivered_this_outage,2.13570141792297,2026-05-06T12:14:58.498Z
sensor.ups_monitor_ah_delivered_this_outage,2.1372971534729,2026-05-06T12:15:03.485Z
sensor.ups_monitor_ah_delivered_this_outage,2.13889503479004,2026-05-06T12:15:08.485Z
sensor.ups_monitor_ah_delivered_this_outage,2.14051699638367,2026-05-06T12:15:13.485Z
sensor.ups_monitor_ah_delivered_this_outage,2.14215278625488,2026-05-06T12:15:18.485Z
sensor.ups_monitor_ah_delivered_this_outage,2.14379239082336,2026-05-06T12:15:23.486Z
sensor.ups_monitor_ah_delivered_this_outage,2.14546632766724,2026-05-06T12:15:28.499Z
sensor.ups_monitor_ah_delivered_this_outage,2.1471266746521,2026-05-06T12:15:33.486Z
sensor.ups_monitor_ah_delivered_this_outage,2.14872789382935,2026-05-06T12:15:38.499Z
sensor.ups_monitor_ah_delivered_this_outage,2.15031981468201,2026-05-06T12:15:43.493Z
sensor.ups_monitor_ah_delivered_this_outage,2.15198540687561,2026-05-06T12:15:48.493Z
sensor.ups_monitor_ah_delivered_this_outage,2.15364003181458,2026-05-06T12:15:53.493Z
sensor.ups_monitor_ah_delivered_this_outage,2.15531778335571,2026-05-06T12:15:58.495Z
sensor.ups_monitor_ah_delivered_this_outage,2.1570303440094,2026-05-06T12:16:03.495Z
sensor.ups_monitor_ah_delivered_this_outage,2.1586537361145,2026-05-06T12:16:08.495Z
sensor.ups_monitor_ah_delivered_this_outage,2.16029405593872,2026-05-06T12:16:13.497Z
sensor.ups_monitor_ah_delivered_this_outage,2.16194581985474,2026-05-06T12:16:18.495Z
sensor.ups_monitor_ah_delivered_this_outage,2.16360688209534,2026-05-06T12:16:23.495Z
sensor.ups_monitor_ah_delivered_this_outage,2.16530609130859,2026-05-06T12:16:28.495Z
sensor.ups_monitor_ah_delivered_this_outage,2.16695809364319,2026-05-06T12:16:33.495Z
sensor.ups_monitor_ah_delivered_this_outage,2.16854453086853,2026-05-06T12:16:38.495Z
sensor.ups_monitor_ah_delivered_this_outage,2.17016553878784,2026-05-06T12:16:43.495Z
sensor.ups_monitor_ah_delivered_this_outage,2.17181468009949,2026-05-06T12:16:48.495Z
sensor.ups_monitor_ah_delivered_this_outage,2.17341923713684,2026-05-06T12:16:53.497Z
sensor.ups_monitor_ah_delivered_this_outage,2.17500472068787,2026-05-06T12:16:58.499Z
sensor.ups_monitor_ah_delivered_this_outage,2.17659521102905,2026-05-06T12:17:03.497Z
sensor.ups_monitor_ah_delivered_this_outage,2.17821860313416,2026-05-06T12:17:08.499Z
sensor.ups_monitor_ah_delivered_this_outage,2.17985415458679,2026-05-06T12:17:13.499Z
sensor.ups_monitor_ah_delivered_this_outage,2.18146753311157,2026-05-06T12:17:18.498Z
sensor.ups_monitor_ah_delivered_this_outage,2.18307423591614,2026-05-06T12:17:23.498Z
sensor.ups_monitor_ah_delivered_this_outage,2.18468761444092,2026-05-06T12:17:28.498Z
sensor.ups_monitor_ah_delivered_this_outage,2.1863157749176,2026-05-06T12:17:33.499Z
sensor.ups_monitor_ah_delivered_this_outage,2.18795537948608,2026-05-06T12:17:38.499Z
sensor.ups_monitor_ah_delivered_this_outage,2.18956780433655,2026-05-06T12:17:43.512Z
sensor.ups_monitor_ah_delivered_this_outage,2.19115591049194,2026-05-06T12:17:48.523Z
sensor.ups_monitor_ah_delivered_this_outage,2.19282531738281,2026-05-06T12:17:53.548Z
sensor.ups_monitor_ah_delivered_this_outage,2.19453120231628,2026-05-06T12:17:58.504Z
sensor.ups_monitor_ah_delivered_this_outage,2.19621443748474,2026-05-06T12:18:03.508Z
sensor.ups_monitor_ah_delivered_this_outage,2.19790530204773,2026-05-06T12:18:08.505Z
sensor.ups_monitor_ah_delivered_this_outage,2.1995906829834,2026-05-06T12:18:13.509Z
sensor.ups_monitor_ah_delivered_this_outage,2.20130753517151,2026-05-06T12:18:18.510Z
sensor.ups_monitor_ah_delivered_this_outage,2.20300507545471,2026-05-06T12:18:23.525Z
sensor.ups_monitor_ah_delivered_this_outage,2.20465350151062,2026-05-06T12:18:28.523Z
sensor.ups_monitor_ah_delivered_this_outage,2.20633220672607,2026-05-06T12:18:33.509Z
sensor.ups_monitor_ah_delivered_this_outage,2.20799899101257,2026-05-06T12:18:38.512Z
sensor.ups_monitor_ah_delivered_this_outage,2.20964384078979,2026-05-06T12:18:43.508Z
sensor.ups_monitor_ah_delivered_this_outage,2.2112762928009,2026-05-06T12:18:48.511Z
sensor.ups_monitor_ah_delivered_this_outage,2.21290922164917,2026-05-06T12:18:53.516Z
sensor.ups_monitor_ah_delivered_this_outage,2.21453356742859,2026-05-06T12:18:58.513Z
sensor.ups_monitor_ah_delivered_this_outage,2.21612143516541,2026-05-06T12:19:03.512Z
sensor.ups_monitor_ah_delivered_this_outage,2.21775102615356,2026-05-06T12:19:08.513Z
sensor.ups_monitor_ah_delivered_this_outage,2.2194459438324,2026-05-06T12:19:13.515Z
sensor.ups_monitor_ah_delivered_this_outage,2.22111463546753,2026-05-06T12:19:18.515Z
sensor.ups_monitor_ah_delivered_this_outage,2.22275519371033,2026-05-06T12:19:23.514Z
sensor.ups_monitor_ah_delivered_this_outage,2.22439670562744,2026-05-06T12:19:28.529Z
sensor.ups_monitor_ah_delivered_this_outage,2.22599601745605,2026-05-06T12:19:33.515Z
sensor.ups_monitor_ah_delivered_this_outage,2.22760486602783,2026-05-06T12:19:38.515Z
sensor.ups_monitor_ah_delivered_this_outage,2.22925019264221,2026-05-06T12:19:43.529Z
sensor.ups_monitor_ah_delivered_this_outage,2.23087120056152,2026-05-06T12:19:48.515Z
sensor.ups_monitor_ah_delivered_this_outage,2.23249053955078,2026-05-06T12:19:53.517Z
sensor.ups_monitor_ah_delivered_this_outage,2.23414158821106,2026-05-06T12:19:58.517Z
sensor.ups_monitor_ah_delivered_this_outage,2.23579478263855,2026-05-06T12:20:03.519Z
sensor.ups_monitor_ah_delivered_this_outage,2.23740816116333,2026-05-06T12:20:08.518Z
sensor.ups_monitor_ah_delivered_this_outage,2.23902535438538,2026-05-06T12:20:13.526Z
sensor.ups_monitor_ah_delivered_this_outage,2.24066185951233,2026-05-06T12:20:18.519Z
sensor.ups_monitor_ah_delivered_this_outage,2.24231600761414,2026-05-06T12:20:23.519Z
sensor.ups_monitor_ah_delivered_this_outage,2.24398493766785,2026-05-06T12:20:28.519Z
sensor.ups_monitor_ah_delivered_this_outage,2.24563097953796,2026-05-06T12:20:33.518Z
sensor.ups_monitor_ah_delivered_this_outage,2.24724864959717,2026-05-06T12:20:38.519Z
sensor.ups_monitor_ah_delivered_this_outage,2.24884510040283,2026-05-06T12:20:43.518Z
sensor.ups_monitor_ah_delivered_this_outage,2.25045466423035,2026-05-06T12:20:48.519Z
sensor.ups_monitor_ah_delivered_this_outage,2.25209355354309,2026-05-06T12:20:53.518Z
sensor.ups_monitor_ah_delivered_this_outage,2.25370860099792,2026-05-06T12:20:58.519Z
sensor.ups_monitor_ah_delivered_this_outage,2.25533175468445,2026-05-06T12:21:03.519Z
sensor.ups_monitor_ah_delivered_this_outage,2.25698924064636,2026-05-06T12:21:08.519Z
sensor.ups_monitor_ah_delivered_this_outage,2.25863862037659,2026-05-06T12:21:13.521Z
sensor.ups_monitor_ah_delivered_this_outage,2.26024770736694,2026-05-06T12:21:18.523Z
sensor.ups_monitor_ah_delivered_this_outage,2.26183581352234,2026-05-06T12:21:23.522Z
sensor.ups_monitor_ah_delivered_this_outage,2.26344323158264,2026-05-06T12:21:28.523Z
sensor.ups_monitor_ah_delivered_this_outage,2.26503896713257,2026-05-06T12:21:33.524Z
sensor.ups_monitor_ah_delivered_this_outage,2.26663899421692,2026-05-06T12:21:38.524Z
sensor.ups_monitor_ah_delivered_this_outage,2.26825857162476,2026-05-06T12:21:43.525Z
sensor.ups_monitor_ah_delivered_this_outage,2.26990389823914,2026-05-06T12:21:48.526Z
sensor.ups_monitor_ah_delivered_this_outage,2.27154445648193,2026-05-06T12:21:53.529Z
sensor.ups_monitor_ah_delivered_this_outage,2.27316236495972,2026-05-06T12:21:58.529Z
sensor.ups_monitor_ah_delivered_this_outage,2.27479839324951,2026-05-06T12:22:03.529Z
sensor.ups_monitor_ah_delivered_this_outage,2.27642488479614,2026-05-06T12:22:08.533Z
sensor.ups_monitor_ah_delivered_this_outage,2.2780327796936,2026-05-06T12:22:13.539Z
sensor.ups_monitor_ah_delivered_this_outage,2.2796585559845,2026-05-06T12:22:18.533Z
sensor.ups_monitor_ah_delivered_this_outage,2.28129744529724,2026-05-06T12:22:23.532Z
sensor.ups_monitor_ah_delivered_this_outage,2.28291344642639,2026-05-06T12:22:28.532Z
sensor.ups_monitor_ah_delivered_this_outage,2.28450584411621,2026-05-06T12:22:33.532Z
sensor.ups_monitor_ah_delivered_this_outage,2.28613233566284,2026-05-06T12:22:38.533Z
sensor.ups_monitor_ah_delivered_this_outage,2.28776526451111,2026-05-06T12:22:43.532Z
sensor.ups_monitor_ah_delivered_this_outage,2.28935384750366,2026-05-06T12:22:48.535Z
sensor.ups_monitor_ah_delivered_this_outage,2.29092955589294,2026-05-06T12:22:53.534Z
sensor.ups_monitor_ah_delivered_this_outage,2.29255104064941,2026-05-06T12:22:58.534Z
sensor.ups_monitor_ah_delivered_this_outage,2.29420137405396,2026-05-06T12:23:03.535Z
sensor.ups_monitor_ah_delivered_this_outage,2.29581046104431,2026-05-06T12:23:08.535Z
sensor.ups_monitor_ah_delivered_this_outage,2.29740285873413,2026-05-06T12:23:13.538Z
sensor.ups_monitor_ah_delivered_this_outage,2.29902601242065,2026-05-06T12:23:18.540Z
sensor.ups_monitor_ah_delivered_this_outage,2.30065226554871,2026-05-06T12:23:23.540Z
sensor.ups_monitor_ah_delivered_this_outage,2.30224466323853,2026-05-06T12:23:28.541Z
sensor.ups_monitor_ah_delivered_this_outage,2.30381369590759,2026-05-06T12:23:33.541Z
sensor.ups_monitor_ah_delivered_this_outage,2.30538988113403,2026-05-06T12:23:38.542Z
sensor.ups_monitor_ah_delivered_this_outage,2.30699753761292,2026-05-06T12:23:43.542Z
sensor.ups_monitor_ah_delivered_this_outage,2.30866813659668,2026-05-06T12:23:48.556Z
sensor.ups_monitor_ah_delivered_this_outage,2.31033968925476,2026-05-06T12:23:53.544Z
sensor.ups_monitor_ah_delivered_this_outage,2.31194686889648,2026-05-06T12:23:58.543Z
sensor.ups_monitor_ah_delivered_this_outage,2.3135769367218,2026-05-06T12:24:03.548Z
sensor.ups_monitor_ah_delivered_this_outage,2.31522178649902,2026-05-06T12:24:08.551Z
sensor.ups_monitor_ah_delivered_this_outage,2.31684494018555,2026-05-06T12:24:13.551Z
sensor.ups_monitor_ah_delivered_this_outage,2.31849122047424,2026-05-06T12:24:18.551Z
sensor.ups_monitor_ah_delivered_this_outage,2.32019209861755,2026-05-06T12:24:23.552Z
sensor.ups_monitor_ah_delivered_this_outage,2.32190012931824,2026-05-06T12:24:28.567Z
sensor.ups_monitor_ah_delivered_this_outage,2.32353281974792,2026-05-06T12:24:33.554Z
sensor.ups_monitor_ah_delivered_this_outage,2.32512545585632,2026-05-06T12:24:38.555Z
sensor.ups_monitor_ah_delivered_this_outage,2.32674956321716,2026-05-06T12:24:43.555Z
sensor.ups_monitor_ah_delivered_this_outage,2.32841658592224,2026-05-06T12:24:48.554Z
sensor.ups_monitor_ah_delivered_this_outage,2.33004331588745,2026-05-06T12:24:53.554Z
sensor.ups_monitor_ah_delivered_this_outage,2.33165144920349,2026-05-06T12:24:58.555Z
sensor.ups_monitor_ah_delivered_this_outage,2.33332371711731,2026-05-06T12:25:03.554Z
sensor.ups_monitor_ah_delivered_this_outage,2.33501100540161,2026-05-06T12:25:08.557Z
sensor.ups_monitor_ah_delivered_this_outage,2.33667039871216,2026-05-06T12:25:13.557Z
sensor.ups_monitor_ah_delivered_this_outage,2.33834528923035,2026-05-06T12:25:18.559Z
sensor.ups_monitor_ah_delivered_this_outage,2.34004902839661,2026-05-06T12:25:23.562Z
sensor.ups_monitor_ah_delivered_this_outage,2.34173250198364,2026-05-06T12:25:28.562Z
sensor.ups_monitor_ah_delivered_this_outage,2.34342980384827,2026-05-06T12:25:33.562Z
sensor.ups_monitor_ah_delivered_this_outage,2.34512567520142,2026-05-06T12:25:38.562Z
sensor.ups_monitor_ah_delivered_this_outage,2.3468062877655,2026-05-06T12:25:43.563Z
sensor.ups_monitor_ah_delivered_this_outage,2.34850907325745,2026-05-06T12:25:48.562Z
sensor.ups_monitor_ah_delivered_this_outage,2.35021948814392,2026-05-06T12:25:53.565Z
sensor.ups_monitor_ah_delivered_this_outage,2.35189986228943,2026-05-06T12:25:58.566Z
sensor.ups_monitor_ah_delivered_this_outage,2.35357904434204,2026-05-06T12:26:03.565Z
sensor.ups_monitor_ah_delivered_this_outage,2.35525727272034,2026-05-06T12:26:08.567Z
sensor.ups_monitor_ah_delivered_this_outage,2.35693883895874,2026-05-06T12:26:13.567Z
sensor.ups_monitor_ah_delivered_this_outage,2.35863971710205,2026-05-06T12:26:18.567Z
sensor.ups_monitor_ah_delivered_this_outage,2.36031103134155,2026-05-06T12:26:23.568Z
sensor.ups_monitor_ah_delivered_this_outage,2.3620240688324,2026-05-06T12:26:28.569Z
sensor.ups_monitor_ah_delivered_this_outage,2.36369681358337,2026-05-06T12:26:33.572Z
sensor.ups_monitor_ah_delivered_this_outage,2.36532235145569,2026-05-06T12:26:38.572Z
sensor.ups_monitor_ah_delivered_this_outage,2.36701011657715,2026-05-06T12:26:43.576Z
sensor.ups_monitor_ah_delivered_this_outage,2.36869120597839,2026-05-06T12:26:48.576Z
sensor.ups_monitor_ah_delivered_this_outage,2.37037515640259,2026-05-06T12:26:53.576Z
sensor.ups_monitor_ah_delivered_this_outage,2.37203311920166,2026-05-06T12:26:58.576Z
sensor.ups_monitor_ah_delivered_this_outage,2.37369918823242,2026-05-06T12:27:03.576Z
sensor.ups_monitor_ah_delivered_this_outage,2.37538194656372,2026-05-06T12:27:08.577Z
sensor.ups_monitor_ah_delivered_this_outage,2.3770055770874,2026-05-06T12:27:13.584Z
sensor.ups_monitor_ah_delivered_this_outage,2.37861585617065,2026-05-06T12:27:18.586Z
sensor.ups_monitor_ah_delivered_this_outage,2.3802604675293,2026-05-06T12:27:23.580Z
sensor.ups_monitor_ah_delivered_this_outage,2.38191962242126,2026-05-06T12:27:28.577Z
sensor.ups_monitor_ah_delivered_this_outage,2.38357186317444,2026-05-06T12:27:33.575Z
sensor.ups_monitor_ah_delivered_this_outage,2.38518452644348,2026-05-06T12:27:38.589Z
sensor.ups_monitor_ah_delivered_this_outage,2.3867712020874,2026-05-06T12:27:43.581Z
sensor.ups_monitor_ah_delivered_this_outage,2.38840866088867,2026-05-06T12:27:48.579Z
sensor.ups_monitor_ah_delivered_this_outage,2.39004015922546,2026-05-06T12:27:53.579Z
sensor.ups_monitor_ah_delivered_this_outage,2.39168572425842,2026-05-06T12:27:58.580Z
sensor.ups_monitor_ah_delivered_this_outage,2.39332818984985,2026-05-06T12:28:03.581Z
sensor.ups_monitor_ah_delivered_this_outage,2.39495015144348,2026-05-06T12:28:08.581Z
sensor.ups_monitor_ah_delivered_this_outage,2.39657473564148,2026-05-06T12:28:13.581Z
sensor.ups_monitor_ah_delivered_this_outage,2.39822173118591,2026-05-06T12:28:18.581Z
sensor.ups_monitor_ah_delivered_this_outage,2.39986610412598,2026-05-06T12:28:23.581Z
sensor.ups_monitor_ah_delivered_this_outage,2.40147304534912,2026-05-06T12:28:28.581Z
sensor.ups_monitor_ah_delivered_this_outage,2.40309715270996,2026-05-06T12:28:33.581Z
sensor.ups_monitor_ah_delivered_this_outage,2.40469813346863,2026-05-06T12:28:38.581Z
sensor.ups_monitor_ah_delivered_this_outage,2.40629839897156,2026-05-06T12:28:43.582Z
sensor.ups_monitor_ah_delivered_this_outage,2.40793108940125,2026-05-06T12:28:48.583Z
sensor.ups_monitor_ah_delivered_this_outage,2.40955781936646,2026-05-06T12:28:53.596Z
sensor.ups_monitor_ah_delivered_this_outage,2.41119813919067,2026-05-06T12:28:58.586Z
sensor.ups_monitor_ah_delivered_this_outage,2.41281771659851,2026-05-06T12:29:03.585Z
sensor.ups_monitor_ah_delivered_this_outage,2.41443133354187,2026-05-06T12:29:08.585Z
sensor.ups_monitor_ah_delivered_this_outage,2.41604328155518,2026-05-06T12:29:13.598Z
sensor.ups_monitor_ah_delivered_this_outage,2.41763687133789,2026-05-06T12:29:18.585Z
sensor.ups_monitor_ah_delivered_this_outage,2.41923332214355,2026-05-06T12:29:23.584Z
sensor.ups_monitor_ah_delivered_this_outage,2.42081332206726,2026-05-06T12:29:28.585Z
sensor.ups_monitor_ah_delivered_this_outage,2.42244577407837,2026-05-06T12:29:33.586Z
sensor.ups_monitor_ah_delivered_this_outage,2.42408180236816,2026-05-06T12:29:38.585Z
sensor.ups_monitor_ah_delivered_this_outage,2.42569756507874,2026-05-06T12:29:43.599Z
sensor.ups_monitor_ah_delivered_this_outage,2.42734980583191,2026-05-06T12:29:48.588Z
sensor.ups_monitor_ah_delivered_this_outage,2.4290246963501,2026-05-06T12:29:53.587Z
sensor.ups_monitor_ah_delivered_this_outage,2.43073987960815,2026-05-06T12:29:58.587Z
sensor.ups_monitor_ah_delivered_this_outage,2.43246936798096,2026-05-06T12:30:03.597Z
sensor.ups_monitor_ah_delivered_this_outage,2.43412613868713,2026-05-06T12:30:08.588Z
sensor.ups_monitor_ah_delivered_this_outage,2.43573784828186,2026-05-06T12:30:13.587Z
sensor.ups_monitor_ah_delivered_this_outage,2.4373950958252,2026-05-06T12:30:18.586Z
sensor.ups_monitor_ah_delivered_this_outage,2.43911480903625,2026-05-06T12:30:23.590Z
sensor.ups_monitor_ah_delivered_this_outage,2.44083189964294,2026-05-06T12:30:28.590Z
sensor.ups_monitor_ah_delivered_this_outage,2.44249773025513,2026-05-06T12:30:33.588Z
sensor.ups_monitor_ah_delivered_this_outage,2.44413280487061,2026-05-06T12:30:38.598Z
sensor.ups_monitor_ah_delivered_this_outage,2.4457483291626,2026-05-06T12:30:43.589Z
sensor.ups_monitor_ah_delivered_this_outage,2.44736886024475,2026-05-06T12:30:48.589Z
sensor.ups_monitor_ah_delivered_this_outage,2.44898414611816,2026-05-06T12:30:53.599Z
sensor.ups_monitor_ah_delivered_this_outage,2.45056867599487,2026-05-06T12:30:58.589Z
sensor.ups_monitor_ah_delivered_this_outage,2.45222210884094,2026-05-06T12:31:03.590Z
sensor.ups_monitor_ah_delivered_this_outage,2.45393133163452,2026-05-06T12:31:08.593Z
sensor.ups_monitor_ah_delivered_this_outage,2.45562195777893,2026-05-06T12:31:13.591Z
sensor.ups_monitor_ah_delivered_this_outage,2.45731258392334,2026-05-06T12:31:18.594Z
sensor.ups_monitor_ah_delivered_this_outage,2.45894908905029,2026-05-06T12:31:23.598Z
sensor.ups_monitor_ah_delivered_this_outage,2.46057605743408,2026-05-06T12:31:28.601Z
sensor.ups_monitor_ah_delivered_this_outage,2.46221256256104,2026-05-06T12:31:33.601Z
sensor.ups_monitor_ah_delivered_this_outage,2.46393203735352,2026-05-06T12:31:38.602Z
sensor.ups_monitor_ah_delivered_this_outage,2.46568870544434,2026-05-06T12:31:43.604Z
sensor.ups_monitor_ah_delivered_this_outage,2.46732378005981,2026-05-06T12:31:48.603Z
sensor.ups_monitor_ah_delivered_this_outage,2.46890640258789,2026-05-06T12:31:53.608Z
sensor.ups_monitor_ah_delivered_this_outage,2.4705286026001,2026-05-06T12:31:58.608Z
sensor.ups_monitor_ah_delivered_this_outage,2.47215509414673,2026-05-06T12:32:03.610Z
sensor.ups_monitor_ah_delivered_this_outage,2.47376608848572,2026-05-06T12:32:08.623Z
sensor.ups_monitor_ah_delivered_this_outage,2.47542023658752,2026-05-06T12:32:13.610Z
sensor.ups_monitor_ah_delivered_this_outage,2.4770975112915,2026-05-06T12:32:18.612Z
sensor.ups_monitor_ah_delivered_this_outage,2.4787540435791,2026-05-06T12:32:23.611Z
sensor.ups_monitor_ah_delivered_this_outage,2.48039484024048,2026-05-06T12:32:28.611Z
sensor.ups_monitor_ah_delivered_this_outage,2.48202753067017,2026-05-06T12:32:33.624Z
sensor.ups_monitor_ah_delivered_this_outage,2.48364210128784,2026-05-06T12:32:38.611Z
sensor.ups_monitor_ah_delivered_this_outage,2.48524975776672,2026-05-06T12:32:43.623Z
sensor.ups_monitor_ah_delivered_this_outage,2.48685359954834,2026-05-06T12:32:48.611Z
sensor.ups_monitor_ah_delivered_this_outage,2.48848724365234,2026-05-06T12:32:53.612Z
sensor.ups_monitor_ah_delivered_this_outage,2.49014353752136,2026-05-06T12:32:58.627Z
sensor.ups_monitor_ah_delivered_this_outage,2.49180817604065,2026-05-06T12:33:03.628Z
sensor.ups_monitor_ah_delivered_this_outage,2.49346327781677,2026-05-06T12:33:08.612Z
sensor.ups_monitor_ah_delivered_this_outage,2.49509334564209,2026-05-06T12:33:13.616Z
sensor.ups_monitor_ah_delivered_this_outage,2.49673271179199,2026-05-06T12:33:18.616Z
sensor.ups_monitor_ah_delivered_this_outage,2.49838709831238,2026-05-06T12:33:23.616Z
sensor.ups_monitor_ah_delivered_this_outage,2.50000977516174,2026-05-06T12:33:28.616Z
sensor.ups_monitor_ah_delivered_this_outage,2.50159168243408,2026-05-06T12:33:33.620Z
sensor.ups_monitor_ah_delivered_this_outage,2.50318694114685,2026-05-06T12:33:38.621Z
sensor.ups_monitor_ah_delivered_this_outage,2.50480723381042,2026-05-06T12:33:43.621Z
sensor.ups_monitor_ah_delivered_this_outage,2.50641179084778,2026-05-06T12:33:48.634Z
sensor.ups_monitor_ah_delivered_this_outage,2.50799036026001,2026-05-06T12:33:53.621Z
sensor.ups_monitor_ah_delivered_this_outage,2.50956439971924,2026-05-06T12:33:58.621Z
sensor.ups_monitor_ah_delivered_this_outage,2.51118111610413,2026-05-06T12:34:03.621Z
sensor.ups_monitor_ah_delivered_this_outage,2.51283311843872,2026-05-06T12:34:08.621Z
sensor.ups_monitor_ah_delivered_this_outage,2.51445603370667,2026-05-06T12:34:13.621Z
sensor.ups_monitor_ah_delivered_this_outage,2.51605296134949,2026-05-06T12:34:18.621Z
sensor.ups_monitor_ah_delivered_this_outage,2.51769757270813,2026-05-06T12:34:23.621Z
sensor.ups_monitor_ah_delivered_this_outage,2.51940870285034,2026-05-06T12:34:28.624Z
sensor.ups_monitor_ah_delivered_this_outage,2.5211079120636,2026-05-06T12:34:33.624Z
sensor.ups_monitor_ah_delivered_this_outage,2.52276706695557,2026-05-06T12:34:38.624Z
sensor.ups_monitor_ah_delivered_this_outage,2.52443695068359,2026-05-06T12:34:43.638Z
sensor.ups_monitor_ah_delivered_this_outage,2.52610015869141,2026-05-06T12:34:48.624Z
sensor.ups_monitor_ah_delivered_this_outage,2.52770280838013,2026-05-06T12:34:53.623Z
sensor.ups_monitor_ah_delivered_this_outage,2.52933049201965,2026-05-06T12:34:58.626Z
sensor.ups_monitor_ah_delivered_this_outage,2.53098964691162,2026-05-06T12:35:03.625Z
sensor.ups_monitor_ah_delivered_this_outage,2.53262329101562,2026-05-06T12:35:08.625Z
sensor.ups_monitor_ah_delivered_this_outage,2.53423762321472,2026-05-06T12:35:13.638Z
sensor.ups_monitor_ah_delivered_this_outage,2.53582906723022,2026-05-06T12:35:18.640Z
sensor.ups_monitor_ah_delivered_this_outage,2.53746271133423,2026-05-06T12:35:23.626Z
sensor.ups_monitor_ah_delivered_this_outage,2.53916501998901,2026-05-06T12:35:28.626Z
sensor.ups_monitor_ah_delivered_this_outage,2.5408399105072,2026-05-06T12:35:33.630Z
sensor.ups_monitor_ah_delivered_this_outage,2.54244995117188,2026-05-06T12:35:38.633Z
sensor.ups_monitor_ah_delivered_this_outage,2.54404425621033,2026-05-06T12:35:43.637Z
sensor.ups_monitor_ah_delivered_this_outage,2.5456600189209,2026-05-06T12:35:48.641Z
sensor.ups_monitor_ah_delivered_this_outage,2.54728722572327,2026-05-06T12:35:53.643Z
sensor.ups_monitor_ah_delivered_this_outage,2.54893898963928,2026-05-06T12:35:58.655Z
sensor.ups_monitor_ah_delivered_this_outage,2.55062961578369,2026-05-06T12:36:03.642Z
sensor.ups_monitor_ah_delivered_this_outage,2.55232954025269,2026-05-06T12:36:08.643Z
sensor.ups_monitor_ah_delivered_this_outage,2.55399107933044,2026-05-06T12:36:13.644Z
sensor.ups_monitor_ah_delivered_this_outage,2.55563044548035,2026-05-06T12:36:18.651Z
sensor.ups_monitor_ah_delivered_this_outage,2.55728840827942,2026-05-06T12:36:23.648Z
sensor.ups_monitor_ah_delivered_this_outage,2.55895686149597,2026-05-06T12:36:28.648Z
sensor.ups_monitor_ah_delivered_this_outage,2.56063652038574,2026-05-06T12:36:33.648Z
sensor.ups_monitor_ah_delivered_this_outage,2.5623300075531,2026-05-06T12:36:38.648Z
sensor.ups_monitor_ah_delivered_this_outage,2.5639967918396,2026-05-06T12:36:43.648Z
sensor.ups_monitor_ah_delivered_this_outage,2.56564712524414,2026-05-06T12:36:48.647Z
sensor.ups_monitor_ah_delivered_this_outage,2.56732225418091,2026-05-06T12:36:53.661Z
sensor.ups_monitor_ah_delivered_this_outage,2.56897878646851,2026-05-06T12:36:58.662Z
sensor.ups_monitor_ah_delivered_this_outage,2.57061004638672,2026-05-06T12:37:03.653Z
sensor.ups_monitor_ah_delivered_this_outage,2.57222604751587,2026-05-06T12:37:08.650Z
sensor.ups_monitor_ah_delivered_this_outage,2.57384514808655,2026-05-06T12:37:13.664Z
sensor.ups_monitor_ah_delivered_this_outage,2.5754816532135,2026-05-06T12:37:18.651Z
sensor.ups_monitor_ah_delivered_this_outage,2.57713484764099,2026-05-06T12:37:23.652Z
sensor.ups_monitor_ah_delivered_this_outage,2.57881593704224,2026-05-06T12:37:28.655Z
sensor.ups_monitor_ah_delivered_this_outage,2.58048534393311,2026-05-06T12:37:33.653Z
sensor.ups_monitor_ah_delivered_this_outage,2.58214950561523,2026-05-06T12:37:38.666Z
sensor.ups_monitor_ah_delivered_this_outage,2.58381271362305,2026-05-06T12:37:43.669Z
sensor.ups_monitor_ah_delivered_this_outage,2.58542490005493,2026-05-06T12:37:48.656Z
sensor.ups_monitor_ah_delivered_this_outage,2.5870668888092,2026-05-06T12:37:53.655Z
sensor.ups_monitor_ah_delivered_this_outage,2.5887188911438,2026-05-06T12:37:58.656Z
sensor.ups_monitor_ah_delivered_this_outage,2.59033012390137,2026-05-06T12:38:03.671Z
sensor.ups_monitor_ah_delivered_this_outage,2.5919497013092,2026-05-06T12:38:08.670Z
sensor.ups_monitor_ah_delivered_this_outage,2.59360837936401,2026-05-06T12:38:13.656Z
sensor.ups_monitor_ah_delivered_this_outage,2.59526348114014,2026-05-06T12:38:18.656Z
sensor.ups_monitor_ah_delivered_this_outage,2.5969021320343,2026-05-06T12:38:23.671Z
sensor.ups_monitor_ah_delivered_this_outage,2.59851574897766,2026-05-06T12:38:28.673Z
sensor.ups_monitor_ah_delivered_this_outage,2.60008764266968,2026-05-06T12:38:33.658Z
sensor.ups_monitor_ah_delivered_this_outage,2.60173797607422,2026-05-06T12:38:38.658Z
sensor.ups_monitor_ah_delivered_this_outage,2.60340023040771,2026-05-06T12:38:43.672Z
sensor.ups_monitor_ah_delivered_this_outage,2.60500431060791,2026-05-06T12:38:48.671Z
sensor.ups_monitor_ah_delivered_this_outage,2.60659885406494,2026-05-06T12:38:53.658Z
sensor.ups_monitor_ah_delivered_this_outage,2.60826897621155,2026-05-06T12:38:58.658Z
sensor.ups_monitor_ah_delivered_this_outage,2.60994291305542,2026-05-06T12:39:03.673Z
sensor.ups_monitor_ah_delivered_this_outage,2.61155819892883,2026-05-06T12:39:08.661Z
sensor.ups_monitor_ah_delivered_this_outage,2.61317944526672,2026-05-06T12:39:13.664Z
sensor.ups_monitor_ah_delivered_this_outage,2.6147985458374,2026-05-06T12:39:18.665Z
sensor.ups_monitor_ah_delivered_this_outage,2.61642909049988,2026-05-06T12:39:23.664Z
sensor.ups_monitor_ah_delivered_this_outage,2.61803317070007,2026-05-06T12:39:28.664Z
sensor.ups_monitor_ah_delivered_this_outage,2.61964917182922,2026-05-06T12:39:33.664Z
sensor.ups_monitor_ah_delivered_this_outage,2.62130188941956,2026-05-06T12:39:38.665Z
sensor.ups_monitor_ah_delivered_this_outage,2.62291979789734,2026-05-06T12:39:43.677Z
sensor.ups_monitor_ah_delivered_this_outage,2.62450885772705,2026-05-06T12:39:48.665Z
sensor.ups_monitor_ah_delivered_this_outage,2.62610197067261,2026-05-06T12:39:53.664Z
sensor.ups_monitor_ah_delivered_this_outage,2.62774586677551,2026-05-06T12:39:58.665Z
sensor.ups_monitor_ah_delivered_this_outage,2.62939119338989,2026-05-06T12:40:03.668Z
sensor.ups_monitor_ah_delivered_this_outage,2.6309826374054,2026-05-06T12:40:08.672Z
sensor.ups_monitor_ah_delivered_this_outage,2.63257908821106,2026-05-06T12:40:13.674Z
sensor.ups_monitor_ah_delivered_this_outage,2.63418006896973,2026-05-06T12:40:18.677Z
sensor.ups_monitor_ah_delivered_this_outage,2.63587594032288,2026-05-06T12:40:23.681Z
sensor.ups_monitor_ah_delivered_this_outage,2.63757419586182,2026-05-06T12:40:28.684Z
sensor.ups_monitor_ah_delivered_this_outage,2.6392195224762,2026-05-06T12:40:33.683Z
sensor.ups_monitor_ah_delivered_this_outage,2.64090180397034,2026-05-06T12:40:38.683Z
sensor.ups_monitor_ah_delivered_this_outage,2.6425359249115,2026-05-06T12:40:43.684Z
sensor.ups_monitor_ah_delivered_this_outage,2.6441113948822,2026-05-06T12:40:48.683Z
sensor.ups_monitor_ah_delivered_this_outage,2.64572596549988,2026-05-06T12:40:53.685Z
sensor.ups_monitor_ah_delivered_this_outage,2.64737415313721,2026-05-06T12:40:58.683Z
sensor.ups_monitor_ah_delivered_this_outage,2.64898824691772,2026-05-06T12:41:03.683Z
sensor.ups_monitor_ah_delivered_this_outage,2.65061354637146,2026-05-06T12:41:08.684Z
sensor.ups_monitor_ah_delivered_this_outage,2.65226554870605,2026-05-06T12:41:13.696Z
sensor.ups_monitor_ah_delivered_this_outage,2.65390300750732,2026-05-06T12:41:18.683Z
sensor.ups_monitor_ah_delivered_this_outage,2.65555667877197,2026-05-06T12:41:23.683Z
sensor.ups_monitor_ah_delivered_this_outage,2.65723395347595,2026-05-06T12:41:28.683Z
sensor.ups_monitor_ah_delivered_this_outage,2.65887856483459,2026-05-06T12:41:33.683Z
sensor.ups_monitor_ah_delivered_this_outage,2.66047263145447,2026-05-06T12:41:38.696Z
sensor.ups_monitor_ah_delivered_this_outage,2.66209697723389,2026-05-06T12:41:43.683Z
sensor.ups_monitor_ah_delivered_this_outage,2.66372799873352,2026-05-06T12:41:48.683Z
sensor.ups_monitor_ah_delivered_this_outage,2.66534614562988,2026-05-06T12:41:53.686Z
sensor.ups_monitor_ah_delivered_this_outage,2.66703581809998,2026-05-06T12:41:58.685Z
sensor.ups_monitor_ah_delivered_this_outage,2.66876602172852,2026-05-06T12:42:03.685Z
sensor.ups_monitor_ah_delivered_this_outage,2.67044520378113,2026-05-06T12:42:08.686Z
sensor.ups_monitor_ah_delivered_this_outage,2.67205333709717,2026-05-06T12:42:13.684Z
sensor.ups_monitor_ah_delivered_this_outage,2.67364048957825,2026-05-06T12:42:18.699Z
sensor.ups_monitor_ah_delivered_this_outage,2.67527341842651,2026-05-06T12:42:23.688Z
sensor.ups_monitor_ah_delivered_this_outage,2.67689180374146,2026-05-06T12:42:28.717Z
sensor.ups_monitor_ah_delivered_this_outage,2.67852640151978,2026-05-06T12:42:33.693Z
sensor.ups_monitor_ah_delivered_this_outage,2.68019580841064,2026-05-06T12:42:38.702Z
sensor.ups_monitor_ah_delivered_this_outage,2.68187046051025,2026-05-06T12:42:43.688Z
sensor.ups_monitor_ah_delivered_this_outage,2.68360781669617,2026-05-06T12:42:48.692Z
sensor.ups_monitor_ah_delivered_this_outage,2.68546056747437,2026-05-06T12:42:53.692Z
sensor.ups_monitor_ah_delivered_this_outage,2.68730020523071,2026-05-06T12:42:58.692Z
sensor.ups_monitor_ah_delivered_this_outage,2.68900799751282,2026-05-06T12:43:03.699Z
sensor.ups_monitor_ah_delivered_this_outage,2.69069004058838,2026-05-06T12:43:08.694Z
sensor.ups_monitor_ah_delivered_this_outage,2.69235587120056,2026-05-06T12:43:13.695Z
sensor.ups_monitor_ah_delivered_this_outage,2.6940541267395,2026-05-06T12:43:18.726Z
sensor.ups_monitor_ah_delivered_this_outage,2.69579672813416,2026-05-06T12:43:23.698Z
sensor.ups_monitor_ah_delivered_this_outage,2.69747591018677,2026-05-06T12:43:28.698Z
sensor.ups_monitor_ah_delivered_this_outage,2.69910144805908,2026-05-06T12:43:33.699Z
sensor.ups_monitor_ah_delivered_this_outage,2.70074033737183,2026-05-06T12:43:38.698Z
sensor.ups_monitor_ah_delivered_this_outage,2.70235824584961,2026-05-06T12:43:43.699Z
sensor.ups_monitor_ah_delivered_this_outage,2.70395970344543,2026-05-06T12:43:48.702Z
sensor.ups_monitor_ah_delivered_this_outage,2.70555901527405,2026-05-06T12:43:53.703Z
sensor.ups_monitor_ah_delivered_this_outage,2.70717430114746,2026-05-06T12:43:58.702Z
sensor.ups_monitor_ah_delivered_this_outage,2.70878577232361,2026-05-06T12:44:03.702Z
sensor.ups_monitor_ah_delivered_this_outage,2.71038246154785,2026-05-06T12:44:08.702Z
sensor.ups_monitor_ah_delivered_this_outage,2.71199750900269,2026-05-06T12:44:13.713Z
sensor.ups_monitor_ah_delivered_this_outage,2.7136070728302,2026-05-06T12:44:18.705Z
sensor.ups_monitor_ah_delivered_this_outage,2.71520161628723,2026-05-06T12:44:23.704Z
sensor.ups_monitor_ah_delivered_this_outage,2.71682643890381,2026-05-06T12:44:28.708Z
sensor.ups_monitor_ah_delivered_this_outage,2.71846318244934,2026-05-06T12:44:33.707Z
sensor.ups_monitor_ah_delivered_this_outage,2.72008442878723,2026-05-06T12:44:38.708Z
sensor.ups_monitor_ah_delivered_this_outage,2.72173309326172,2026-05-06T12:44:43.707Z
sensor.ups_monitor_ah_delivered_this_outage,2.72337365150452,2026-05-06T12:44:48.708Z
sensor.ups_monitor_ah_delivered_this_outage,2.72498750686646,2026-05-06T12:44:53.712Z
sensor.ups_monitor_ah_delivered_this_outage,2.72664880752563,2026-05-06T12:44:58.709Z
sensor.ups_monitor_ah_delivered_this_outage,2.72830176353455,2026-05-06T12:45:03.708Z
sensor.ups_monitor_ah_delivered_this_outage,2.72988796234131,2026-05-06T12:45:08.711Z
sensor.ups_monitor_ah_delivered_this_outage,2.73151183128357,2026-05-06T12:45:13.710Z
sensor.ups_monitor_ah_delivered_this_outage,2.73320579528809,2026-05-06T12:45:18.711Z
sensor.ups_monitor_ah_delivered_this_outage,2.73488092422485,2026-05-06T12:45:23.711Z
sensor.ups_monitor_ah_delivered_this_outage,2.73649382591248,2026-05-06T12:45:28.711Z
sensor.ups_monitor_ah_delivered_this_outage,2.73813390731812,2026-05-06T12:45:33.710Z
sensor.ups_monitor_ah_delivered_this_outage,2.73978567123413,2026-05-06T12:45:38.712Z
sensor.ups_monitor_ah_delivered_this_outage,2.74138450622559,2026-05-06T12:45:43.712Z
sensor.ups_monitor_ah_delivered_this_outage,2.74296236038208,2026-05-06T12:45:48.714Z
sensor.ups_monitor_ah_delivered_this_outage,2.74456262588501,2026-05-06T12:45:53.717Z
sensor.ups_monitor_ah_delivered_this_outage,2.74622011184692,2026-05-06T12:45:58.716Z
sensor.ups_monitor_ah_delivered_this_outage,2.74796342849731,2026-05-06T12:46:03.717Z
sensor.ups_monitor_ah_delivered_this_outage,2.74967527389526,2026-05-06T12:46:08.716Z
sensor.ups_monitor_ah_delivered_this_outage,2.75137114524841,2026-05-06T12:46:13.717Z
sensor.ups_monitor_ah_delivered_this_outage,2.75308036804199,2026-05-06T12:46:18.719Z
sensor.ups_monitor_ah_delivered_this_outage,2.75475192070007,2026-05-06T12:46:23.721Z
sensor.ups_monitor_ah_delivered_this_outage,2.75646018981934,2026-05-06T12:46:28.723Z
sensor.ups_monitor_ah_delivered_this_outage,2.75818586349487,2026-05-06T12:46:33.724Z
sensor.ups_monitor_ah_delivered_this_outage,2.75985264778137,2026-05-06T12:46:38.724Z
sensor.ups_monitor_ah_delivered_this_outage,2.76144218444824,2026-05-06T12:46:43.724Z
sensor.ups_monitor_ah_delivered_this_outage,2.76305913925171,2026-05-06T12:46:48.725Z
sensor.ups_monitor_ah_delivered_this_outage,2.76469159126282,2026-05-06T12:46:53.725Z
sensor.ups_monitor_ah_delivered_this_outage,2.76628136634827,2026-05-06T12:46:58.725Z
sensor.ups_monitor_ah_delivered_this_outage,2.767906665802,2026-05-06T12:47:03.724Z
sensor.ups_monitor_ah_delivered_this_outage,2.76957249641418,2026-05-06T12:47:08.725Z
sensor.ups_monitor_ah_delivered_this_outage,2.77126812934875,2026-05-06T12:47:13.725Z
sensor.ups_monitor_ah_delivered_this_outage,2.77294731140137,2026-05-06T12:47:18.729Z
sensor.ups_monitor_ah_delivered_this_outage,2.77458906173706,2026-05-06T12:47:23.734Z
sensor.ups_monitor_ah_delivered_this_outage,2.77624154090881,2026-05-06T12:47:28.730Z
sensor.ups_monitor_ah_delivered_this_outage,2.77789163589478,2026-05-06T12:47:33.730Z
sensor.ups_monitor_ah_delivered_this_outage,2.77951097488403,2026-05-06T12:47:38.730Z
sensor.ups_monitor_ah_delivered_this_outage,2.78112363815308,2026-05-06T12:47:43.744Z
sensor.ups_monitor_ah_delivered_this_outage,2.78278541564941,2026-05-06T12:47:48.730Z
sensor.ups_monitor_ah_delivered_this_outage,2.78443455696106,2026-05-06T12:47:53.729Z
sensor.ups_monitor_ah_delivered_this_outage,2.78607797622681,2026-05-06T12:47:58.732Z
sensor.ups_monitor_ah_delivered_this_outage,2.78770971298218,2026-05-06T12:48:03.732Z
sensor.ups_monitor_ah_delivered_this_outage,2.78934335708618,2026-05-06T12:48:08.733Z
sensor.ups_monitor_ah_delivered_this_outage,2.79101037979126,2026-05-06T12:48:13.737Z
sensor.ups_monitor_ah_delivered_this_outage,2.79263758659363,2026-05-06T12:48:18.736Z
sensor.ups_monitor_ah_delivered_this_outage,2.79425024986267,2026-05-06T12:48:23.737Z
sensor.ups_monitor_ah_delivered_this_outage,2.79589867591858,2026-05-06T12:48:28.736Z
sensor.ups_monitor_ah_delivered_this_outage,2.79754757881165,2026-05-06T12:48:33.736Z
sensor.ups_monitor_ah_delivered_this_outage,2.79915881156921,2026-05-06T12:48:38.735Z
sensor.ups_monitor_ah_delivered_this_outage,2.80077862739563,2026-05-06T12:48:43.735Z
sensor.ups_monitor_ah_delivered_this_outage,2.80240750312805,2026-05-06T12:48:48.735Z
sensor.ups_monitor_ah_delivered_this_outage,2.80406403541565,2026-05-06T12:48:53.739Z
sensor.ups_monitor_ah_delivered_this_outage,2.80571794509888,2026-05-06T12:48:58.736Z
sensor.ups_monitor_ah_delivered_this_outage,2.8073365688324,2026-05-06T12:49:03.736Z
sensor.ups_monitor_ah_delivered_this_outage,2.80895090103149,2026-05-06T12:49:08.736Z
sensor.ups_monitor_ah_delivered_this_outage,2.81057643890381,2026-05-06T12:49:13.735Z
sensor.ups_monitor_ah_delivered_this_outage,2.81220674514771,2026-05-06T12:49:18.735Z
sensor.ups_monitor_ah_delivered_this_outage,2.81380891799927,2026-05-06T12:49:23.738Z
sensor.ups_monitor_ah_delivered_this_outage,2.81542563438416,2026-05-06T12:49:28.735Z
sensor.ups_monitor_ah_delivered_this_outage,2.81704592704773,2026-05-06T12:49:33.735Z
sensor.ups_monitor_ah_delivered_this_outage,2.81869506835938,2026-05-06T12:49:38.735Z
sensor.ups_monitor_ah_delivered_this_outage,2.82034039497375,2026-05-06T12:49:43.735Z
sensor.ups_monitor_ah_delivered_this_outage,2.82198214530945,2026-05-06T12:49:48.749Z
sensor.ups_monitor_ah_delivered_this_outage,2.82361459732056,2026-05-06T12:49:53.738Z
sensor.ups_monitor_ah_delivered_this_outage,2.82524466514587,2026-05-06T12:49:58.740Z
sensor.ups_monitor_ah_delivered_this_outage,2.82690453529358,2026-05-06T12:50:03.740Z
sensor.ups_monitor_ah_delivered_this_outage,2.82851672172546,2026-05-06T12:50:08.741Z
sensor.ups_monitor_ah_delivered_this_outage,2.8301465511322,2026-05-06T12:50:13.740Z
sensor.ups_monitor_ah_delivered_this_outage,2.83180737495422,2026-05-06T12:50:18.740Z
sensor.ups_monitor_ah_delivered_this_outage,2.83345675468445,2026-05-06T12:50:23.741Z
sensor.ups_monitor_ah_delivered_this_outage,2.83507132530212,2026-05-06T12:50:28.741Z
sensor.ups_monitor_ah_delivered_this_outage,2.83669805526733,2026-05-06T12:50:33.741Z
sensor.ups_monitor_ah_delivered_this_outage,2.8383264541626,2026-05-06T12:50:38.741Z
sensor.ups_monitor_ah_delivered_this_outage,2.83993101119995,2026-05-06T12:50:43.741Z
sensor.ups_monitor_ah_delivered_this_outage,2.84157586097717,2026-05-06T12:50:48.743Z
sensor.ups_monitor_ah_delivered_this_outage,2.84320211410522,2026-05-06T12:50:53.760Z
sensor.ups_monitor_ah_delivered_this_outage,2.84482359886169,2026-05-06T12:50:58.746Z
sensor.ups_monitor_ah_delivered_this_outage,2.84646773338318,2026-05-06T12:51:03.746Z
sensor.ups_monitor_ah_delivered_this_outage,2.84808015823364,2026-05-06T12:51:08.746Z
sensor.ups_monitor_ah_delivered_this_outage,2.84966826438904,2026-05-06T12:51:13.750Z
sensor.ups_monitor_ah_delivered_this_outage,2.85128855705261,2026-05-06T12:51:18.752Z
sensor.ups_monitor_ah_delivered_this_outage,2.85290193557739,2026-05-06T12:51:23.753Z
sensor.ups_monitor_ah_delivered_this_outage,2.85449934005737,2026-05-06T12:51:28.752Z
sensor.ups_monitor_ah_delivered_this_outage,2.85612297058105,2026-05-06T12:51:33.753Z
sensor.ups_monitor_ah_delivered_this_outage,2.85780143737793,2026-05-06T12:51:38.753Z
sensor.ups_monitor_ah_delivered_this_outage,2.85948801040649,2026-05-06T12:51:43.767Z
sensor.ups_monitor_ah_delivered_this_outage,2.86112761497498,2026-05-06T12:51:48.756Z
sensor.ups_monitor_ah_delivered_this_outage,2.86273694038391,2026-05-06T12:51:53.756Z
sensor.ups_monitor_ah_delivered_this_outage,2.86434459686279,2026-05-06T12:51:58.756Z
sensor.ups_monitor_ah_delivered_this_outage,2.865962266922,2026-05-06T12:52:03.756Z
sensor.ups_monitor_ah_delivered_this_outage,2.86756372451782,2026-05-06T12:52:08.757Z
sensor.ups_monitor_ah_delivered_this_outage,2.86920309066772,2026-05-06T12:52:13.757Z
sensor.ups_monitor_ah_delivered_this_outage,2.87088942527771,2026-05-06T12:52:18.757Z
sensor.ups_monitor_ah_delivered_this_outage,2.87257409095764,2026-05-06T12:52:23.756Z
sensor.ups_monitor_ah_delivered_this_outage,2.87420701980591,2026-05-06T12:52:28.759Z
sensor.ups_monitor_ah_delivered_this_outage,2.87582659721375,2026-05-06T12:52:33.761Z
sensor.ups_monitor_ah_delivered_this_outage,2.87744331359863,2026-05-06T12:52:38.760Z
sensor.ups_monitor_ah_delivered_this_outage,2.87908458709717,2026-05-06T12:52:43.760Z
sensor.ups_monitor_ah_delivered_this_outage,2.88079500198364,2026-05-06T12:52:48.760Z
sensor.ups_monitor_ah_delivered_this_outage,2.88245129585266,2026-05-06T12:52:53.761Z
sensor.ups_monitor_ah_delivered_this_outage,2.88412880897522,2026-05-06T12:52:58.762Z
sensor.ups_monitor_ah_delivered_this_outage,2.88583874702454,2026-05-06T12:53:03.764Z
sensor.ups_monitor_ah_delivered_this_outage,2.88746976852417,2026-05-06T12:53:08.767Z
sensor.ups_monitor_ah_delivered_this_outage,2.88908362388611,2026-05-06T12:53:13.770Z
sensor.ups_monitor_ah_delivered_this_outage,2.89067649841309,2026-05-06T12:53:18.770Z
sensor.ups_monitor_ah_delivered_this_outage,2.8923122882843,2026-05-06T12:53:23.772Z
sensor.ups_monitor_ah_delivered_this_outage,2.89400315284729,2026-05-06T12:53:28.771Z
sensor.ups_monitor_ah_delivered_this_outage,2.89563226699829,2026-05-06T12:53:33.771Z
sensor.ups_monitor_ah_delivered_this_outage,2.89723205566406,2026-05-06T12:53:38.771Z
sensor.ups_monitor_ah_delivered_this_outage,2.89885234832764,2026-05-06T12:53:43.773Z
sensor.ups_monitor_ah_delivered_this_outage,2.90048909187317,2026-05-06T12:53:48.772Z
sensor.ups_monitor_ah_delivered_this_outage,2.90212059020996,2026-05-06T12:53:53.777Z
sensor.ups_monitor_ah_delivered_this_outage,2.90373659133911,2026-05-06T12:53:58.774Z
sensor.ups_monitor_ah_delivered_this_outage,2.90544128417969,2026-05-06T12:54:03.774Z
sensor.ups_monitor_ah_delivered_this_outage,2.90713405609131,2026-05-06T12:54:08.774Z
sensor.ups_monitor_ah_delivered_this_outage,2.90874218940735,2026-05-06T12:54:13.775Z
sensor.ups_monitor_ah_delivered_this_outage,2.91034197807312,2026-05-06T12:54:18.774Z
sensor.ups_monitor_ah_delivered_this_outage,2.91195368766785,2026-05-06T12:54:23.774Z
sensor.ups_monitor_ah_delivered_this_outage,2.9135959148407,2026-05-06T12:54:28.776Z
sensor.ups_monitor_ah_delivered_this_outage,2.91522121429443,2026-05-06T12:54:33.775Z
sensor.ups_monitor_ah_delivered_this_outage,2.91684746742249,2026-05-06T12:54:38.785Z
sensor.ups_monitor_ah_delivered_this_outage,2.91848421096802,2026-05-06T12:54:43.773Z
sensor.ups_monitor_ah_delivered_this_outage,2.92013311386108,2026-05-06T12:54:48.777Z
sensor.ups_monitor_ah_delivered_this_outage,2.92175960540771,2026-05-06T12:54:53.778Z
sensor.ups_monitor_ah_delivered_this_outage,2.9233717918396,2026-05-06T12:54:58.777Z
sensor.ups_monitor_ah_delivered_this_outage,2.92499947547913,2026-05-06T12:55:03.785Z
sensor.ups_monitor_ah_delivered_this_outage,2.9266242980957,2026-05-06T12:55:08.787Z
sensor.ups_monitor_ah_delivered_this_outage,2.92823100090027,2026-05-06T12:55:13.778Z
sensor.ups_monitor_ah_delivered_this_outage,2.92982935905457,2026-05-06T12:55:18.776Z
sensor.ups_monitor_ah_delivered_this_outage,2.93146681785583,2026-05-06T12:55:23.777Z
sensor.ups_monitor_ah_delivered_this_outage,2.93311452865601,2026-05-06T12:55:28.776Z
sensor.ups_monitor_ah_delivered_this_outage,2.93472218513489,2026-05-06T12:55:33.781Z
sensor.ups_monitor_ah_delivered_this_outage,2.93631148338318,2026-05-06T12:55:38.782Z
sensor.ups_monitor_ah_delivered_this_outage,2.93795394897461,2026-05-06T12:55:43.782Z
sensor.ups_monitor_ah_delivered_this_outage,2.93958759307861,2026-05-06T12:55:48.790Z
sensor.ups_monitor_ah_delivered_this_outage,2.94121980667114,2026-05-06T12:55:53.796Z
sensor.ups_monitor_ah_delivered_this_outage,2.94286751747131,2026-05-06T12:55:58.801Z
sensor.ups_monitor_ah_delivered_this_outage,2.94452619552612,2026-05-06T12:56:03.787Z
sensor.ups_monitor_ah_delivered_this_outage,2.94617342948914,2026-05-06T12:56:08.788Z
sensor.ups_monitor_ah_delivered_this_outage,2.94777131080627,2026-05-06T12:56:13.798Z
sensor.ups_monitor_ah_delivered_this_outage,2.94938516616821,2026-05-06T12:56:18.790Z
sensor.ups_monitor_ah_delivered_this_outage,2.95100927352905,2026-05-06T12:56:23.790Z
sensor.ups_monitor_ah_delivered_this_outage,2.95265650749207,2026-05-06T12:56:28.790Z
sensor.ups_monitor_ah_delivered_this_outage,2.95430755615234,2026-05-06T12:56:33.801Z
sensor.ups_monitor_ah_delivered_this_outage,2.95592784881592,2026-05-06T12:56:38.791Z
sensor.ups_monitor_ah_delivered_this_outage,2.95755195617676,2026-05-06T12:56:43.792Z
sensor.ups_monitor_ah_delivered_this_outage,2.95922613143921,2026-05-06T12:56:48.793Z
sensor.ups_monitor_ah_delivered_this_outage,2.96088886260986,2026-05-06T12:56:53.792Z
sensor.ups_monitor_ah_delivered_this_outage,2.96253991127014,2026-05-06T12:56:58.811Z
sensor.ups_monitor_ah_delivered_this_outage,2.96421337127686,2026-05-06T12:57:03.810Z
sensor.ups_monitor_ah_delivered_this_outage,2.9659206867218,2026-05-06T12:57:08.796Z
sensor.ups_monitor_ah_delivered_this_outage,2.96762418746948,2026-05-06T12:57:13.796Z
sensor.ups_monitor_ah_delivered_this_outage,2.9692656993866,2026-05-06T12:57:18.796Z
sensor.ups_monitor_ah_delivered_this_outage,2.9709005355835,2026-05-06T12:57:23.796Z
sensor.ups_monitor_ah_delivered_this_outage,2.97255110740662,2026-05-06T12:57:28.796Z
sensor.ups_monitor_ah_delivered_this_outage,2.9741792678833,2026-05-06T12:57:33.796Z
sensor.ups_monitor_ah_delivered_this_outage,2.97579002380371,2026-05-06T12:57:38.796Z
sensor.ups_monitor_ah_delivered_this_outage,2.97740292549133,2026-05-06T12:57:43.798Z
sensor.ups_monitor_ah_delivered_this_outage,2.97906231880188,2026-05-06T12:57:48.799Z
sensor.ups_monitor_ah_delivered_this_outage,2.98074793815613,2026-05-06T12:57:53.800Z
sensor.ups_monitor_ah_delivered_this_outage,2.98239684104919,2026-05-06T12:57:58.814Z
sensor.ups_monitor_ah_delivered_this_outage,2.98401618003845,2026-05-06T12:58:03.800Z
sensor.ups_monitor_ah_delivered_this_outage,2.98566865921021,2026-05-06T12:58:08.815Z
sensor.ups_monitor_ah_delivered_this_outage,2.98734402656555,2026-05-06T12:58:13.801Z
sensor.ups_monitor_ah_delivered_this_outage,2.98900651931763,2026-05-06T12:58:18.805Z
sensor.ups_monitor_ah_delivered_this_outage,2.9906747341156,2026-05-06T12:58:23.804Z
sensor.ups_monitor_ah_delivered_this_outage,2.99233245849609,2026-05-06T12:58:28.807Z
sensor.ups_monitor_ah_delivered_this_outage,2.99399876594543,2026-05-06T12:58:33.818Z
sensor.ups_monitor_ah_delivered_this_outage,2.99565720558167,2026-05-06T12:58:38.805Z
sensor.ups_monitor_ah_delivered_this_outage,2.99729776382446,2026-05-06T12:58:43.805Z
sensor.ups_monitor_ah_delivered_this_outage,2.99891328811646,2026-05-06T12:58:48.821Z
sensor.ups_monitor_ah_delivered_this_outage,3.0005521774292,2026-05-06T12:58:53.807Z
sensor.ups_monitor_ah_delivered_this_outage,3.00223469734192,2026-05-06T12:58:58.808Z
sensor.ups_monitor_ah_delivered_this_outage,3.00388193130493,2026-05-06T12:59:03.821Z
sensor.ups_monitor_ah_delivered_this_outage,3.00551509857178,2026-05-06T12:59:08.809Z
sensor.ups_monitor_ah_delivered_this_outage,3.00716161727905,2026-05-06T12:59:13.808Z
sensor.ups_monitor_ah_delivered_this_outage,3.00884222984314,2026-05-06T12:59:18.809Z
sensor.ups_monitor_ah_delivered_this_outage,3.01054859161377,2026-05-06T12:59:23.810Z
sensor.ups_monitor_ah_delivered_this_outage,3.01224660873413,2026-05-06T12:59:28.810Z
sensor.ups_monitor_ah_delivered_this_outage,3.01395893096924,2026-05-06T12:59:33.812Z
sensor.ups_monitor_ah_delivered_this_outage,3.01564073562622,2026-05-06T12:59:38.812Z
sensor.ups_monitor_ah_delivered_this_outage,3.01728844642639,2026-05-06T12:59:43.814Z
sensor.ups_monitor_ah_delivered_this_outage,3.01892066001892,2026-05-06T12:59:48.813Z
sensor.ups_monitor_ah_delivered_this_outage,3.02052283287048,2026-05-06T12:59:53.817Z
sensor.ups_monitor_ah_delivered_this_outage,3.02215886116028,2026-05-06T12:59:58.819Z
sensor.ups_monitor_ah_delivered_this_outage,3.02382230758667,2026-05-06T13:00:03.821Z
sensor.ups_monitor_ah_delivered_this_outage,3.02546977996826,2026-05-06T13:00:08.822Z
sensor.ups_monitor_ah_delivered_this_outage,3.02709627151489,2026-05-06T13:00:13.824Z
sensor.ups_monitor_ah_delivered_this_outage,3.02874732017517,2026-05-06T13:00:18.823Z
sensor.ups_monitor_ah_delivered_this_outage,3.03042125701904,2026-05-06T13:00:23.824Z
sensor.ups_monitor_ah_delivered_this_outage,3.03207349777222,2026-05-06T13:00:28.823Z
sensor.ups_monitor_ah_delivered_this_outage,3.03369832038879,2026-05-06T13:00:33.824Z
sensor.ups_monitor_ah_delivered_this_outage,3.03532385826111,2026-05-06T13:00:38.824Z
sensor.ups_monitor_ah_delivered_this_outage,3.03696656227112,2026-05-06T13:00:43.839Z
sensor.ups_monitor_ah_delivered_this_outage,3.03857612609863,2026-05-06T13:00:48.837Z
sensor.ups_monitor_ah_delivered_this_outage,3.0401713848114,2026-05-06T13:00:53.825Z
sensor.ups_monitor_ah_delivered_this_outage,3.04177713394165,2026-05-06T13:00:58.826Z
sensor.ups_monitor_ah_delivered_this_outage,3.04342722892761,2026-05-06T13:01:03.831Z
sensor.ups_monitor_ah_delivered_this_outage,3.04509019851685,2026-05-06T13:01:08.831Z
sensor.ups_monitor_ah_delivered_this_outage,3.04671931266785,2026-05-06T13:01:13.831Z
sensor.ups_monitor_ah_delivered_this_outage,3.04834914207458,2026-05-06T13:01:18.831Z
sensor.ups_monitor_ah_delivered_this_outage,3.04996562004089,2026-05-06T13:01:23.833Z
sensor.ups_monitor_ah_delivered_this_outage,3.05167007446289,2026-05-06T13:01:28.832Z
sensor.ups_monitor_ah_delivered_this_outage,3.05342483520508,2026-05-06T13:01:33.834Z
sensor.ups_monitor_ah_delivered_this_outage,3.05508589744568,2026-05-06T13:01:38.836Z
sensor.ups_monitor_ah_delivered_this_outage,3.05673766136169,2026-05-06T13:01:43.838Z
sensor.ups_monitor_ah_delivered_this_outage,3.05841994285583,2026-05-06T13:01:48.838Z
sensor.ups_monitor_ah_delivered_this_outage,3.06010866165161,2026-05-06T13:01:53.842Z
sensor.ups_monitor_ah_delivered_this_outage,3.06183815002441,2026-05-06T13:01:58.843Z
sensor.ups_monitor_ah_delivered_this_outage,3.06359148025513,2026-05-06T13:02:03.844Z
sensor.ups_monitor_ah_delivered_this_outage,3.06526398658752,2026-05-06T13:02:08.843Z
sensor.ups_monitor_ah_delivered_this_outage,3.06689810752869,2026-05-06T13:02:13.846Z
sensor.ups_monitor_ah_delivered_this_outage,3.06855320930481,2026-05-06T13:02:18.845Z
sensor.ups_monitor_ah_delivered_this_outage,3.07020974159241,2026-05-06T13:02:23.859Z
sensor.ups_monitor_ah_delivered_this_outage,3.07186436653137,2026-05-06T13:02:28.859Z
sensor.ups_monitor_ah_delivered_this_outage,3.07349514961243,2026-05-06T13:02:33.846Z
sensor.ups_monitor_ah_delivered_this_outage,3.07512927055359,2026-05-06T13:02:38.846Z
sensor.ups_monitor_ah_delivered_this_outage,3.07677030563354,2026-05-06T13:02:43.847Z
sensor.ups_monitor_ah_delivered_this_outage,3.07841014862061,2026-05-06T13:02:48.861Z
sensor.ups_monitor_ah_delivered_this_outage,3.08007097244263,2026-05-06T13:02:53.864Z
sensor.ups_monitor_ah_delivered_this_outage,3.08177542686462,2026-05-06T13:02:58.850Z
sensor.ups_monitor_ah_delivered_this_outage,3.08345437049866,2026-05-06T13:03:03.851Z
sensor.ups_monitor_ah_delivered_this_outage,3.08509016036987,2026-05-06T13:03:08.850Z
sensor.ups_monitor_ah_delivered_this_outage,3.08672261238098,2026-05-06T13:03:13.851Z
sensor.ups_monitor_ah_delivered_this_outage,3.08834338188171,2026-05-06T13:03:18.855Z
sensor.ups_monitor_ah_delivered_this_outage,3.08999180793762,2026-05-06T13:03:23.854Z
sensor.ups_monitor_ah_delivered_this_outage,3.09168887138367,2026-05-06T13:03:28.855Z
sensor.ups_monitor_ah_delivered_this_outage,3.09347867965698,2026-05-06T13:03:33.869Z
sensor.ups_monitor_ah_delivered_this_outage,3.09525513648987,2026-05-06T13:03:38.857Z
sensor.ups_monitor_ah_delivered_this_outage,3.09695029258728,2026-05-06T13:03:43.855Z
sensor.ups_monitor_ah_delivered_this_outage,3.09861707687378,2026-05-06T13:03:48.871Z
sensor.ups_monitor_ah_delivered_this_outage,3.10030198097229,2026-05-06T13:03:53.857Z
sensor.ups_monitor_ah_delivered_this_outage,3.1019868850708,2026-05-06T13:03:58.858Z
sensor.ups_monitor_ah_delivered_this_outage,3.10362911224365,2026-05-06T13:04:03.858Z
sensor.ups_monitor_ah_delivered_this_outage,3.10526299476624,2026-05-06T13:04:08.858Z
sensor.ups_monitor_ah_delivered_this_outage,3.10690665245056,2026-05-06T13:04:13.857Z
sensor.ups_monitor_ah_delivered_this_outage,3.10856318473816,2026-05-06T13:04:18.859Z
sensor.ups_monitor_ah_delivered_this_outage,3.11021280288696,2026-05-06T13:04:23.857Z
sensor.ups_monitor_ah_delivered_this_outage,3.11187767982483,2026-05-06T13:04:28.874Z
sensor.ups_monitor_ah_delivered_this_outage,3.11354041099548,2026-05-06T13:04:33.858Z
sensor.ups_monitor_ah_delivered_this_outage,3.11518907546997,2026-05-06T13:04:38.859Z
sensor.ups_monitor_ah_delivered_this_outage,3.11682724952698,2026-05-06T13:04:43.871Z
sensor.ups_monitor_ah_delivered_this_outage,3.11844897270203,2026-05-06T13:04:48.859Z
sensor.ups_monitor_ah_delivered_this_outage,3.12005877494812,2026-05-06T13:04:53.858Z
sensor.ups_monitor_ah_delivered_this_outage,3.12166523933411,2026-05-06T13:04:58.859Z
sensor.ups_monitor_ah_delivered_this_outage,3.12328505516052,2026-05-06T13:05:03.859Z
sensor.ups_monitor_ah_delivered_this_outage,3.124920129776,2026-05-06T13:05:08.858Z
sensor.ups_monitor_ah_delivered_this_outage,3.12656116485596,2026-05-06T13:05:13.862Z
sensor.ups_monitor_ah_delivered_this_outage,3.12823605537415,2026-05-06T13:05:18.862Z
sensor.ups_monitor_ah_delivered_this_outage,3.12994503974915,2026-05-06T13:05:23.864Z
sensor.ups_monitor_ah_delivered_this_outage,3.13166999816895,2026-05-06T13:05:28.862Z
sensor.ups_monitor_ah_delivered_this_outage,3.13343715667725,2026-05-06T13:05:33.877Z
sensor.ups_monitor_ah_delivered_this_outage,3.1351466178894,2026-05-06T13:05:38.884Z
sensor.ups_monitor_ah_delivered_this_outage,3.13676691055298,2026-05-06T13:05:43.866Z
sensor.ups_monitor_ah_delivered_this_outage,3.13839030265808,2026-05-06T13:05:48.865Z
sensor.ups_monitor_ah_delivered_this_outage,3.14003443717957,2026-05-06T13:05:53.866Z
sensor.ups_monitor_ah_delivered_this_outage,3.14167141914368,2026-05-06T13:05:58.865Z
sensor.ups_monitor_ah_delivered_this_outage,3.14330244064331,2026-05-06T13:06:03.865Z
sensor.ups_monitor_ah_delivered_this_outage,3.1449511051178,2026-05-06T13:06:08.865Z
sensor.ups_monitor_ah_delivered_this_outage,3.14658403396606,2026-05-06T13:06:13.866Z
sensor.ups_monitor_ah_delivered_this_outage,3.14819359779358,2026-05-06T13:06:18.868Z
sensor.ups_monitor_ah_delivered_this_outage,3.14979410171509,2026-05-06T13:06:23.868Z
sensor.ups_monitor_ah_delivered_this_outage,3.15141749382019,2026-05-06T13:06:28.867Z
sensor.ups_monitor_ah_delivered_this_outage,3.15303707122803,2026-05-06T13:06:33.870Z
sensor.ups_monitor_ah_delivered_this_outage,3.15462684631348,2026-05-06T13:06:38.870Z
sensor.ups_monitor_ah_delivered_this_outage,3.15623044967651,2026-05-06T13:06:43.869Z
sensor.ups_monitor_ah_delivered_this_outage,3.15786385536194,2026-05-06T13:06:48.870Z
sensor.ups_monitor_ah_delivered_this_outage,3.15952157974243,2026-05-06T13:06:53.874Z
sensor.ups_monitor_ah_delivered_this_outage,3.16121673583984,2026-05-06T13:06:58.874Z
sensor.ups_monitor_ah_delivered_this_outage,3.16290497779846,2026-05-06T13:07:03.878Z
sensor.ups_monitor_ah_delivered_this_outage,3.16453504562378,2026-05-06T13:07:08.880Z
sensor.ups_monitor_ah_delivered_this_outage,3.16613721847534,2026-05-06T13:07:13.881Z
sensor.ups_monitor_ah_delivered_this_outage,3.16774344444275,2026-05-06T13:07:18.880Z
sensor.ups_monitor_ah_delivered_this_outage,3.16936898231506,2026-05-06T13:07:23.882Z
sensor.ups_monitor_ah_delivered_this_outage,3.17098784446716,2026-05-06T13:07:28.884Z
sensor.ups_monitor_ah_delivered_this_outage,3.1726450920105,2026-05-06T13:07:33.885Z
sensor.ups_monitor_ah_delivered_this_outage,3.17430591583252,2026-05-06T13:07:38.880Z
sensor.ups_monitor_ah_delivered_this_outage,3.17590737342834,2026-05-06T13:07:43.882Z
sensor.ups_monitor_ah_delivered_this_outage,3.17754697799683,2026-05-06T13:07:48.884Z
sensor.ups_monitor_ah_delivered_this_outage,3.1792197227478,2026-05-06T13:07:53.884Z
sensor.ups_monitor_ah_delivered_this_outage,3.18089365959167,2026-05-06T13:07:58.883Z
sensor.ups_monitor_ah_delivered_this_outage,3.18256258964539,2026-05-06T13:08:03.884Z
sensor.ups_monitor_ah_delivered_this_outage,3.18418431282043,2026-05-06T13:08:08.884Z
sensor.ups_monitor_ah_delivered_this_outage,3.18580865859985,2026-05-06T13:08:13.884Z
sensor.ups_monitor_ah_delivered_this_outage,3.18743896484375,2026-05-06T13:08:18.883Z
sensor.ups_monitor_ah_delivered_this_outage,3.18912053108215,2026-05-06T13:08:23.884Z
sensor.ups_monitor_ah_delivered_this_outage,3.19079899787903,2026-05-06T13:08:28.883Z
sensor.ups_monitor_ah_delivered_this_outage,3.19242262840271,2026-05-06T13:08:33.885Z
sensor.ups_monitor_ah_delivered_this_outage,3.19403624534607,2026-05-06T13:08:38.885Z
sensor.ups_monitor_ah_delivered_this_outage,3.19563913345337,2026-05-06T13:08:43.899Z
sensor.ups_monitor_ah_delivered_this_outage,3.19725704193115,2026-05-06T13:08:48.888Z
sensor.ups_monitor_ah_delivered_this_outage,3.1988742351532,2026-05-06T13:08:53.887Z
sensor.ups_monitor_ah_delivered_this_outage,3.20050048828125,2026-05-06T13:08:58.901Z
sensor.ups_monitor_ah_delivered_this_outage,3.2021267414093,2026-05-06T13:09:03.888Z
sensor.ups_monitor_ah_delivered_this_outage,3.20374131202698,2026-05-06T13:09:08.888Z
sensor.ups_monitor_ah_delivered_this_outage,3.20535969734192,2026-05-06T13:09:13.888Z
sensor.ups_monitor_ah_delivered_this_outage,3.20702886581421,2026-05-06T13:09:18.888Z
sensor.ups_monitor_ah_delivered_this_outage,3.20868730545044,2026-05-06T13:09:23.887Z
sensor.ups_monitor_ah_delivered_this_outage,3.21028637886047,2026-05-06T13:09:28.901Z
sensor.ups_monitor_ah_delivered_this_outage,3.2119402885437,2026-05-06T13:09:33.889Z
sensor.ups_monitor_ah_delivered_this_outage,3.21359801292419,2026-05-06T13:09:38.888Z
sensor.ups_monitor_ah_delivered_this_outage,3.21522736549377,2026-05-06T13:09:43.889Z
sensor.ups_monitor_ah_delivered_this_outage,3.21686577796936,2026-05-06T13:09:48.889Z
sensor.ups_monitor_ah_delivered_this_outage,3.21849060058594,2026-05-06T13:09:53.888Z
sensor.ups_monitor_ah_delivered_this_outage,3.22011971473694,2026-05-06T13:09:58.889Z
sensor.ups_monitor_ah_delivered_this_outage,3.22173476219177,2026-05-06T13:10:03.889Z
sensor.ups_monitor_ah_delivered_this_outage,3.22335338592529,2026-05-06T13:10:08.889Z
sensor.ups_monitor_ah_delivered_this_outage,3.22499966621399,2026-05-06T13:10:13.890Z
sensor.ups_monitor_ah_delivered_this_outage,3.22666430473328,2026-05-06T13:10:18.889Z
sensor.ups_monitor_ah_delivered_this_outage,3.22830295562744,2026-05-06T13:10:23.889Z
sensor.ups_monitor_ah_delivered_this_outage,3.22995209693909,2026-05-06T13:10:28.890Z
sensor.ups_monitor_ah_delivered_this_outage,3.23163652420044,2026-05-06T13:10:33.906Z
sensor.ups_monitor_ah_delivered_this_outage,3.23327159881592,2026-05-06T13:10:38.891Z
sensor.ups_monitor_ah_delivered_this_outage,3.23489451408386,2026-05-06T13:10:43.891Z
sensor.ups_monitor_ah_delivered_this_outage,3.23652315139771,2026-05-06T13:10:48.891Z
sensor.ups_monitor_ah_delivered_this_outage,3.23814010620117,2026-05-06T13:10:53.891Z
sensor.ups_monitor_ah_delivered_this_outage,3.23977994918823,2026-05-06T13:10:58.891Z
sensor.ups_monitor_ah_delivered_this_outage,3.24144625663757,2026-05-06T13:11:03.893Z
sensor.ups_monitor_ah_delivered_this_outage,3.24309206008911,2026-05-06T13:11:08.892Z
sensor.ups_monitor_ah_delivered_this_outage,3.24469065666199,2026-05-06T13:11:13.892Z
sensor.ups_monitor_ah_delivered_this_outage,3.24630212783813,2026-05-06T13:11:18.892Z
sensor.ups_monitor_ah_delivered_this_outage,3.24792957305908,2026-05-06T13:11:23.893Z
sensor.ups_monitor_ah_delivered_this_outage,3.24954414367676,2026-05-06T13:11:28.906Z
sensor.ups_monitor_ah_delivered_this_outage,3.25115299224854,2026-05-06T13:11:33.895Z
sensor.ups_monitor_ah_delivered_this_outage,3.25279355049133,2026-05-06T13:11:38.895Z
sensor.ups_monitor_ah_delivered_this_outage,3.25443315505981,2026-05-06T13:11:43.896Z
sensor.ups_monitor_ah_delivered_this_outage,3.25603628158569,2026-05-06T13:11:48.894Z
sensor.ups_monitor_ah_delivered_this_outage,3.25764584541321,2026-05-06T13:11:53.895Z
sensor.ups_monitor_ah_delivered_this_outage,3.259281873703,2026-05-06T13:11:58.908Z
sensor.ups_monitor_ah_delivered_this_outage,3.26096940040588,2026-05-06T13:12:03.896Z
sensor.ups_monitor_ah_delivered_this_outage,3.26264715194702,2026-05-06T13:12:08.896Z
sensor.ups_monitor_ah_delivered_this_outage,3.26432180404663,2026-05-06T13:12:13.896Z
sensor.ups_monitor_ah_delivered_this_outage,3.2660186290741,2026-05-06T13:12:18.895Z
sensor.ups_monitor_ah_delivered_this_outage,3.26767134666443,2026-05-06T13:12:23.896Z
sensor.ups_monitor_ah_delivered_this_outage,3.26930212974548,2026-05-06T13:12:28.898Z
sensor.ups_monitor_ah_delivered_this_outage,3.2709424495697,2026-05-06T13:12:33.898Z
sensor.ups_monitor_ah_delivered_this_outage,3.27258968353271,2026-05-06T13:12:38.898Z
sensor.ups_monitor_ah_delivered_this_outage,3.27420973777771,2026-05-06T13:12:43.902Z
sensor.ups_monitor_ah_delivered_this_outage,3.27582287788391,2026-05-06T13:12:48.900Z
sensor.ups_monitor_ah_delivered_this_outage,3.27745175361633,2026-05-06T13:12:53.903Z
sensor.ups_monitor_ah_delivered_this_outage,3.27910137176514,2026-05-06T13:12:58.903Z
sensor.ups_monitor_ah_delivered_this_outage,3.28074336051941,2026-05-06T13:13:03.904Z
sensor.ups_monitor_ah_delivered_this_outage,3.28239774703979,2026-05-06T13:13:08.902Z
sensor.ups_monitor_ah_delivered_this_outage,3.28404188156128,2026-05-06T13:13:13.903Z
sensor.ups_monitor_ah_delivered_this_outage,3.28574156761169,2026-05-06T13:13:18.904Z
sensor.ups_monitor_ah_delivered_this_outage,3.2874767780304,2026-05-06T13:13:23.905Z
sensor.ups_monitor_ah_delivered_this_outage,3.28914022445679,2026-05-06T13:13:28.904Z
sensor.ups_monitor_ah_delivered_this_outage,3.29079079627991,2026-05-06T13:13:33.906Z
sensor.ups_monitor_ah_delivered_this_outage,3.2924211025238,2026-05-06T13:13:38.909Z
sensor.ups_monitor_ah_delivered_this_outage,3.29405307769775,2026-05-06T13:13:43.909Z
sensor.ups_monitor_ah_delivered_this_outage,3.29568409919739,2026-05-06T13:13:48.910Z
sensor.ups_monitor_ah_delivered_this_outage,3.29738426208496,2026-05-06T13:13:53.911Z
sensor.ups_monitor_ah_delivered_this_outage,3.29908418655396,2026-05-06T13:13:58.910Z
sensor.ups_monitor_ah_delivered_this_outage,3.30068969726562,2026-05-06T13:14:03.910Z
sensor.ups_monitor_ah_delivered_this_outage,3.30228042602539,2026-05-06T13:14:08.911Z
sensor.ups_monitor_ah_delivered_this_outage,3.30389380455017,2026-05-06T13:14:13.924Z
sensor.ups_monitor_ah_delivered_this_outage,3.30551528930664,2026-05-06T13:14:18.912Z
sensor.ups_monitor_ah_delivered_this_outage,3.30714201927185,2026-05-06T13:14:23.913Z
sensor.ups_monitor_ah_delivered_this_outage,3.30875325202942,2026-05-06T13:14:28.913Z
sensor.ups_monitor_ah_delivered_this_outage,3.31039333343506,2026-05-06T13:14:33.913Z
sensor.ups_monitor_ah_delivered_this_outage,3.31206274032593,2026-05-06T13:14:38.916Z
sensor.ups_monitor_ah_delivered_this_outage,3.31369113922119,2026-05-06T13:14:43.929Z
sensor.ups_monitor_ah_delivered_this_outage,3.31529641151428,2026-05-06T13:14:48.917Z
sensor.ups_monitor_ah_delivered_this_outage,3.31693482398987,2026-05-06T13:14:53.916Z
sensor.ups_monitor_ah_delivered_this_outage,3.31858062744141,2026-05-06T13:14:58.917Z
sensor.ups_monitor_ah_delivered_this_outage,3.32024598121643,2026-05-06T13:15:03.918Z
sensor.ups_monitor_ah_delivered_this_outage,3.32197713851929,2026-05-06T13:15:08.918Z
sensor.ups_monitor_ah_delivered_this_outage,3.32368659973145,2026-05-06T13:15:13.922Z
sensor.ups_monitor_ah_delivered_this_outage,3.32539319992065,2026-05-06T13:15:18.922Z
sensor.ups_monitor_ah_delivered_this_outage,3.32712244987488,2026-05-06T13:15:23.924Z
sensor.ups_monitor_ah_delivered_this_outage,3.32880759239197,2026-05-06T13:15:28.923Z
sensor.ups_monitor_ah_delivered_this_outage,3.33044338226318,2026-05-06T13:15:33.926Z
sensor.ups_monitor_ah_delivered_this_outage,3.33204936981201,2026-05-06T13:15:38.930Z
sensor.ups_monitor_ah_delivered_this_outage,3.33367466926575,2026-05-06T13:15:43.943Z
sensor.ups_monitor_ah_delivered_this_outage,3.33532333374023,2026-05-06T13:15:48.930Z
sensor.ups_monitor_ah_delivered_this_outage,3.33696818351746,2026-05-06T13:15:53.945Z
sensor.ups_monitor_ah_delivered_this_outage,3.33865880966187,2026-05-06T13:15:58.932Z
sensor.ups_monitor_ah_delivered_this_outage,3.34035110473633,2026-05-06T13:16:03.936Z
sensor.ups_monitor_ah_delivered_this_outage,3.34199738502502,2026-05-06T13:16:08.934Z
sensor.ups_monitor_ah_delivered_this_outage,3.34361004829407,2026-05-06T13:16:13.937Z
sensor.ups_monitor_ah_delivered_this_outage,3.3452091217041,2026-05-06T13:16:18.938Z
sensor.ups_monitor_ah_delivered_this_outage,3.34687995910645,2026-05-06T13:16:23.938Z
sensor.ups_monitor_ah_delivered_this_outage,3.34856605529785,2026-05-06T13:16:28.941Z
sensor.ups_monitor_ah_delivered_this_outage,3.35019540786743,2026-05-06T13:16:33.941Z
sensor.ups_monitor_ah_delivered_this_outage,3.35182094573975,2026-05-06T13:16:38.944Z
sensor.ups_monitor_ah_delivered_this_outage,3.35345768928528,2026-05-06T13:16:43.944Z
sensor.ups_monitor_ah_delivered_this_outage,3.35508942604065,2026-05-06T13:16:48.944Z
sensor.ups_monitor_ah_delivered_this_outage,3.35671353340149,2026-05-06T13:16:53.943Z
sensor.ups_monitor_ah_delivered_this_outage,3.35837578773499,2026-05-06T13:16:58.945Z
sensor.ups_monitor_ah_delivered_this_outage,3.36008238792419,2026-05-06T13:17:03.943Z
sensor.ups_monitor_ah_delivered_this_outage,3.36180710792542,2026-05-06T13:17:08.958Z
sensor.ups_monitor_ah_delivered_this_outage,3.36346697807312,2026-05-06T13:17:13.944Z
sensor.ups_monitor_ah_delivered_this_outage,3.3650529384613,2026-05-06T13:17:18.945Z
sensor.ups_monitor_ah_delivered_this_outage,3.36668825149536,2026-05-06T13:17:23.945Z
sensor.ups_monitor_ah_delivered_this_outage,3.368323802948,2026-05-06T13:17:28.959Z
sensor.ups_monitor_ah_delivered_this_outage,3.36993432044983,2026-05-06T13:17:33.950Z
sensor.ups_monitor_ah_delivered_this_outage,3.37156939506531,2026-05-06T13:17:38.949Z
sensor.ups_monitor_ah_delivered_this_outage,3.37323689460754,2026-05-06T13:17:43.949Z
sensor.ups_monitor_ah_delivered_this_outage,3.37496471405029,2026-05-06T13:17:48.950Z
sensor.ups_monitor_ah_delivered_this_outage,3.37665629386902,2026-05-06T13:17:53.950Z
sensor.ups_monitor_ah_delivered_this_outage,3.37834095954895,2026-05-06T13:17:58.950Z
sensor.ups_monitor_ah_delivered_this_outage,3.38011264801025,2026-05-06T13:18:03.952Z
sensor.ups_monitor_ah_delivered_this_outage,3.38181042671204,2026-05-06T13:18:08.952Z
sensor.ups_monitor_ah_delivered_this_outage,3.38342761993408,2026-05-06T13:18:13.952Z
sensor.ups_monitor_ah_delivered_this_outage,3.38507866859436,2026-05-06T13:18:18.952Z
sensor.ups_monitor_ah_delivered_this_outage,3.38676762580872,2026-05-06T13:18:23.953Z
sensor.ups_monitor_ah_delivered_this_outage,3.38843369483948,2026-05-06T13:18:28.953Z
sensor.ups_monitor_ah_delivered_this_outage,3.39007258415222,2026-05-06T13:18:33.953Z
sensor.ups_monitor_ah_delivered_this_outage,3.39174628257751,2026-05-06T13:18:38.968Z
sensor.ups_monitor_ah_delivered_this_outage,3.39343762397766,2026-05-06T13:18:43.968Z
sensor.ups_monitor_ah_delivered_this_outage,3.39513564109802,2026-05-06T13:18:48.954Z
sensor.ups_monitor_ah_delivered_this_outage,3.39682292938232,2026-05-06T13:18:53.957Z
sensor.ups_monitor_ah_delivered_this_outage,3.39850568771362,2026-05-06T13:18:58.954Z
sensor.ups_monitor_ah_delivered_this_outage,3.40019035339355,2026-05-06T13:19:03.955Z
sensor.ups_monitor_ah_delivered_this_outage,3.40184783935547,2026-05-06T13:19:08.956Z
sensor.ups_monitor_ah_delivered_this_outage,3.40349054336548,2026-05-06T13:19:13.956Z
sensor.ups_monitor_ah_delivered_this_outage,3.40513205528259,2026-05-06T13:19:18.956Z
sensor.ups_monitor_ah_delivered_this_outage,3.40676116943359,2026-05-06T13:19:23.957Z
sensor.ups_monitor_ah_delivered_this_outage,3.4084050655365,2026-05-06T13:19:28.960Z
sensor.ups_monitor_ah_delivered_this_outage,3.41005992889404,2026-05-06T13:19:33.961Z
sensor.ups_monitor_ah_delivered_this_outage,3.41171741485596,2026-05-06T13:19:38.963Z
sensor.ups_monitor_ah_delivered_this_outage,3.41337609291077,2026-05-06T13:19:43.963Z
sensor.ups_monitor_ah_delivered_this_outage,3.41505742073059,2026-05-06T13:19:48.962Z
sensor.ups_monitor_ah_delivered_this_outage,3.41672730445862,2026-05-06T13:19:53.961Z
sensor.ups_monitor_ah_delivered_this_outage,3.41835069656372,2026-05-06T13:19:58.962Z
sensor.ups_monitor_ah_delivered_this_outage,3.41995859146118,2026-05-06T13:20:03.962Z
sensor.ups_monitor_ah_delivered_this_outage,3.42163705825806,2026-05-06T13:20:08.972Z
sensor.ups_monitor_ah_delivered_this_outage,3.42333507537842,2026-05-06T13:20:13.960Z
sensor.ups_monitor_ah_delivered_this_outage,3.42496609687805,2026-05-06T13:20:18.961Z
sensor.ups_monitor_ah_delivered_this_outage,3.42664098739624,2026-05-06T13:20:23.963Z
sensor.ups_monitor_ah_delivered_this_outage,3.42836546897888,2026-05-06T13:20:28.963Z
sensor.ups_monitor_ah_delivered_this_outage,3.43004059791565,2026-05-06T13:20:33.963Z
sensor.ups_monitor_ah_delivered_this_outage,3.43167066574097,2026-05-06T13:20:38.962Z
sensor.ups_monitor_ah_delivered_this_outage,3.43331146240234,2026-05-06T13:20:43.959Z
sensor.ups_monitor_ah_delivered_this_outage,3.43501901626587,2026-05-06T13:20:48.962Z
sensor.ups_monitor_ah_delivered_this_outage,3.43672871589661,2026-05-06T13:20:53.955Z
sensor.ups_monitor_ah_delivered_this_outage,3.43837094306946,2026-05-06T13:20:58.973Z
sensor.ups_monitor_ah_delivered_this_outage,3.43998193740845,2026-05-06T13:21:03.963Z
sensor.ups_monitor_ah_delivered_this_outage,3.44159555435181,2026-05-06T13:21:08.974Z
sensor.ups_monitor_ah_delivered_this_outage,3.44326233863831,2026-05-06T13:21:13.974Z
sensor.ups_monitor_ah_delivered_this_outage,3.44496870040894,2026-05-06T13:21:18.965Z
sensor.ups_monitor_ah_delivered_this_outage,3.44664287567139,2026-05-06T13:21:23.970Z
sensor.ups_monitor_ah_delivered_this_outage,3.44831800460815,2026-05-06T13:21:28.970Z
sensor.ups_monitor_ah_delivered_this_outage,3.44999217987061,2026-05-06T13:21:33.972Z
sensor.ups_monitor_ah_delivered_this_outage,3.45163345336914,2026-05-06T13:21:38.971Z
sensor.ups_monitor_ah_delivered_this_outage,3.45326352119446,2026-05-06T13:21:43.971Z
sensor.ups_monitor_ah_delivered_this_outage,3.45487427711487,2026-05-06T13:21:48.972Z
sensor.ups_monitor_ah_delivered_this_outage,3.45655131340027,2026-05-06T13:21:53.981Z
sensor.ups_monitor_ah_delivered_this_outage,3.45822024345398,2026-05-06T13:21:58.982Z
sensor.ups_monitor_ah_delivered_this_outage,3.45990443229675,2026-05-06T13:22:03.973Z
sensor.ups_monitor_ah_delivered_this_outage,3.46160006523132,2026-05-06T13:22:08.975Z
sensor.ups_monitor_ah_delivered_this_outage,3.46324324607849,2026-05-06T13:22:13.975Z
sensor.ups_monitor_ah_delivered_this_outage,3.46488332748413,2026-05-06T13:22:18.975Z
sensor.ups_monitor_ah_delivered_this_outage,3.4665539264679,2026-05-06T13:22:23.990Z
sensor.ups_monitor_ah_delivered_this_outage,3.4682137966156,2026-05-06T13:22:28.977Z
sensor.ups_monitor_ah_delivered_this_outage,3.46985197067261,2026-05-06T13:22:33.977Z
sensor.ups_monitor_ah_delivered_this_outage,3.47149991989136,2026-05-06T13:22:38.977Z
sensor.ups_monitor_ah_delivered_this_outage,3.47317838668823,2026-05-06T13:22:43.980Z
sensor.ups_monitor_ah_delivered_this_outage,3.47489380836487,2026-05-06T13:22:48.979Z
sensor.ups_monitor_ah_delivered_this_outage,3.47658252716064,2026-05-06T13:22:53.994Z
sensor.ups_monitor_ah_delivered_this_outage,3.47828793525696,2026-05-06T13:22:58.979Z
sensor.ups_monitor_ah_delivered_this_outage,3.47996830940247,2026-05-06T13:23:03.987Z
sensor.ups_monitor_ah_delivered_this_outage,3.48159027099609,2026-05-06T13:23:08.980Z
sensor.ups_monitor_ah_delivered_this_outage,3.48324823379517,2026-05-06T13:23:13.980Z
sensor.ups_monitor_ah_delivered_this_outage,3.48492050170898,2026-05-06T13:23:18.984Z
sensor.ups_monitor_ah_delivered_this_outage,3.48656821250916,2026-05-06T13:23:23.985Z
sensor.ups_monitor_ah_delivered_this_outage,3.48823833465576,2026-05-06T13:23:28.984Z
sensor.ups_monitor_ah_delivered_this_outage,3.48987722396851,2026-05-06T13:23:33.986Z
sensor.ups_monitor_ah_delivered_this_outage,3.49152231216431,2026-05-06T13:23:38.983Z
sensor.ups_monitor_ah_delivered_this_outage,3.49318647384644,2026-05-06T13:23:43.983Z
sensor.ups_monitor_ah_delivered_this_outage,3.49482321739197,2026-05-06T13:23:48.986Z
sensor.ups_monitor_ah_delivered_this_outage,3.49644541740417,2026-05-06T13:23:53.987Z
sensor.ups_monitor_ah_delivered_this_outage,3.49810457229614,2026-05-06T13:23:58.999Z
sensor.ups_monitor_ah_delivered_this_outage,3.49978446960449,2026-05-06T13:24:03.988Z
sensor.ups_monitor_ah_delivered_this_outage,3.5014476776123,2026-05-06T13:24:08.986Z
sensor.ups_monitor_ah_delivered_this_outage,3.50308775901794,2026-05-06T13:24:14.002Z
sensor.ups_monitor_ah_delivered_this_outage,3.50469779968262,2026-05-06T13:24:19.002Z
sensor.ups_monitor_ah_delivered_this_outage,3.50630450248718,2026-05-06T13:24:23.988Z
sensor.ups_monitor_ah_delivered_this_outage,3.50790882110596,2026-05-06T13:24:28.989Z
sensor.ups_monitor_ah_delivered_this_outage,3.509516954422,2026-05-06T13:24:33.991Z
sensor.ups_monitor_ah_delivered_this_outage,3.51111364364624,2026-05-06T13:24:38.991Z
sensor.ups_monitor_ah_delivered_this_outage,3.51272988319397,2026-05-06T13:24:43.992Z
sensor.ups_monitor_ah_delivered_this_outage,3.51434111595154,2026-05-06T13:24:48.992Z
sensor.ups_monitor_ah_delivered_this_outage,3.51595568656921,2026-05-06T13:24:54.004Z
sensor.ups_monitor_ah_delivered_this_outage,3.51766085624695,2026-05-06T13:24:58.992Z
sensor.ups_monitor_ah_delivered_this_outage,3.51939058303833,2026-05-06T13:25:03.992Z
sensor.ups_monitor_ah_delivered_this_outage,3.52104616165161,2026-05-06T13:25:08.991Z
sensor.ups_monitor_ah_delivered_this_outage,3.52268195152283,2026-05-06T13:25:13.991Z
sensor.ups_monitor_ah_delivered_this_outage,3.52434825897217,2026-05-06T13:25:18.991Z
sensor.ups_monitor_ah_delivered_this_outage,3.52604961395264,2026-05-06T13:25:23.992Z
sensor.ups_monitor_ah_delivered_this_outage,3.52772617340088,2026-05-06T13:25:28.991Z
sensor.ups_monitor_ah_delivered_this_outage,3.52934098243713,2026-05-06T13:25:33.993Z
sensor.ups_monitor_ah_delivered_this_outage,3.53098177909851,2026-05-06T13:25:38.995Z
sensor.ups_monitor_ah_delivered_this_outage,3.53264594078064,2026-05-06T13:25:44.010Z
sensor.ups_monitor_ah_delivered_this_outage,3.53430485725403,2026-05-06T13:25:48.997Z
sensor.ups_monitor_ah_delivered_this_outage,3.53594541549683,2026-05-06T13:25:54.002Z
sensor.ups_monitor_ah_delivered_this_outage,3.53759264945984,2026-05-06T13:25:58.999Z
sensor.ups_monitor_ah_delivered_this_outage,3.53929972648621,2026-05-06T13:26:03.999Z
sensor.ups_monitor_ah_delivered_this_outage,3.54100131988525,2026-05-06T13:26:09.000Z
sensor.ups_monitor_ah_delivered_this_outage,3.54264760017395,2026-05-06T13:26:13.999Z
sensor.ups_monitor_ah_delivered_this_outage,3.54432415962219,2026-05-06T13:26:19.000Z
sensor.ups_monitor_ah_delivered_this_outage,3.54598879814148,2026-05-06T13:26:24.002Z
sensor.ups_monitor_ah_delivered_this_outage,3.54761576652527,2026-05-06T13:26:29.001Z
sensor.ups_monitor_ah_delivered_this_outage,3.54931402206421,2026-05-06T13:26:34.002Z
sensor.ups_monitor_ah_delivered_this_outage,3.55098462104797,2026-05-06T13:26:39.006Z
sensor.ups_monitor_ah_delivered_this_outage,3.55265665054321,2026-05-06T13:26:44.009Z
sensor.ups_monitor_ah_delivered_this_outage,3.55434632301331,2026-05-06T13:26:49.007Z
sensor.ups_monitor_ah_delivered_this_outage,3.5560097694397,2026-05-06T13:26:54.008Z
sensor.ups_monitor_ah_delivered_this_outage,3.55766558647156,2026-05-06T13:26:59.009Z
sensor.ups_monitor_ah_delivered_this_outage,3.55941152572632,2026-05-06T13:27:04.008Z
sensor.ups_monitor_ah_delivered_this_outage,3.56123328208923,2026-05-06T13:27:09.008Z
sensor.ups_monitor_ah_delivered_this_outage,3.56292271614075,2026-05-06T13:27:14.009Z
sensor.ups_monitor_ah_delivered_this_outage,3.56455707550049,2026-05-06T13:27:19.010Z
sensor.ups_monitor_ah_delivered_this_outage,3.56625318527222,2026-05-06T13:27:24.010Z
sensor.ups_monitor_ah_delivered_this_outage,3.56792807579041,2026-05-06T13:27:29.011Z
sensor.ups_monitor_ah_delivered_this_outage,3.56955885887146,2026-05-06T13:27:34.010Z
sensor.ups_monitor_ah_delivered_this_outage,3.57128977775574,2026-05-06T13:27:39.012Z
sensor.ups_monitor_ah_delivered_this_outage,3.57308840751648,2026-05-06T13:27:44.011Z
sensor.ups_monitor_ah_delivered_this_outage,3.5748143196106,2026-05-06T13:27:49.014Z
sensor.ups_monitor_ah_delivered_this_outage,3.5764582157135,2026-05-06T13:27:54.011Z
sensor.ups_monitor_ah_delivered_this_outage,3.57808685302734,2026-05-06T13:27:59.013Z
sensor.ups_monitor_ah_delivered_this_outage,3.57974410057068,2026-05-06T13:28:04.012Z
sensor.ups_monitor_ah_delivered_this_outage,3.58138394355774,2026-05-06T13:28:09.014Z
sensor.ups_monitor_ah_delivered_this_outage,3.58299970626831,2026-05-06T13:28:14.013Z
sensor.ups_monitor_ah_delivered_this_outage,3.58461117744446,2026-05-06T13:28:19.013Z
sensor.ups_monitor_ah_delivered_this_outage,3.58624053001404,2026-05-06T13:28:24.013Z
sensor.ups_monitor_ah_delivered_this_outage,3.58790326118469,2026-05-06T13:28:29.016Z
sensor.ups_monitor_ah_delivered_this_outage,3.58956003189087,2026-05-06T13:28:34.017Z
sensor.ups_monitor_ah_delivered_this_outage,3.59118366241455,2026-05-06T13:28:39.018Z
sensor.ups_monitor_ah_delivered_this_outage,3.59282422065735,2026-05-06T13:28:44.030Z
sensor.ups_monitor_ah_delivered_this_outage,3.59448027610779,2026-05-06T13:28:49.017Z
sensor.ups_monitor_ah_delivered_this_outage,3.59611368179321,2026-05-06T13:28:54.017Z
sensor.ups_monitor_ah_delivered_this_outage,3.59775900840759,2026-05-06T13:28:59.019Z
sensor.ups_monitor_ah_delivered_this_outage,3.59938216209412,2026-05-06T13:29:04.019Z
sensor.ups_monitor_ah_delivered_this_outage,3.6010262966156,2026-05-06T13:29:09.022Z
sensor.ups_monitor_ah_delivered_this_outage,3.60267210006714,2026-05-06T13:29:14.021Z
sensor.ups_monitor_ah_delivered_this_outage,3.60429573059082,2026-05-06T13:29:19.019Z
sensor.ups_monitor_ah_delivered_this_outage,3.6059410572052,2026-05-06T13:29:24.019Z
sensor.ups_monitor_ah_delivered_this_outage,3.60758948326111,2026-05-06T13:29:29.019Z
sensor.ups_monitor_ah_delivered_this_outage,3.60925722122192,2026-05-06T13:29:34.019Z
sensor.ups_monitor_ah_delivered_this_outage,3.61088943481445,2026-05-06T13:29:39.021Z
sensor.ups_monitor_ah_delivered_this_outage,3.61248159408569,2026-05-06T13:29:44.020Z
sensor.ups_monitor_ah_delivered_this_outage,3.61414217948914,2026-05-06T13:29:49.019Z
sensor.ups_monitor_ah_delivered_this_outage,3.6158139705658,2026-05-06T13:29:54.022Z
sensor.ups_monitor_ah_delivered_this_outage,3.61742687225342,2026-05-06T13:29:59.024Z
sensor.ups_monitor_ah_delivered_this_outage,3.61913061141968,2026-05-06T13:30:04.024Z
sensor.ups_monitor_ah_delivered_this_outage,3.6208758354187,2026-05-06T13:30:09.024Z
sensor.ups_monitor_ah_delivered_this_outage,3.62252116203308,2026-05-06T13:30:14.024Z
sensor.ups_monitor_ah_delivered_this_outage,3.62414121627808,2026-05-06T13:30:19.038Z
sensor.ups_monitor_ah_delivered_this_outage,3.6257598400116,2026-05-06T13:30:24.025Z
sensor.ups_monitor_ah_delivered_this_outage,3.62741708755493,2026-05-06T13:30:29.024Z
sensor.ups_monitor_ah_delivered_this_outage,3.6290922164917,2026-05-06T13:30:34.024Z
sensor.ups_monitor_ah_delivered_this_outage,3.63076496124268,2026-05-06T13:30:39.024Z
sensor.ups_monitor_ah_delivered_this_outage,3.63244295120239,2026-05-06T13:30:44.029Z
sensor.ups_monitor_ah_delivered_this_outage,3.63411712646484,2026-05-06T13:30:49.029Z
sensor.ups_monitor_ah_delivered_this_outage,3.63581538200378,2026-05-06T13:30:54.030Z
sensor.ups_monitor_ah_delivered_this_outage,3.63748860359192,2026-05-06T13:30:59.029Z
sensor.ups_monitor_ah_delivered_this_outage,3.63921928405762,2026-05-06T13:31:04.031Z
sensor.ups_monitor_ah_delivered_this_outage,3.64097690582275,2026-05-06T13:31:09.031Z
sensor.ups_monitor_ah_delivered_this_outage,3.64263129234314,2026-05-06T13:31:14.044Z
sensor.ups_monitor_ah_delivered_this_outage,3.64424705505371,2026-05-06T13:31:19.031Z
sensor.ups_monitor_ah_delivered_this_outage,3.64587807655334,2026-05-06T13:31:24.032Z
sensor.ups_monitor_ah_delivered_this_outage,3.6475784778595,2026-05-06T13:31:29.046Z
sensor.ups_monitor_ah_delivered_this_outage,3.64928889274597,2026-05-06T13:31:34.047Z
sensor.ups_monitor_ah_delivered_this_outage,3.65096974372864,2026-05-06T13:31:39.034Z
sensor.ups_monitor_ah_delivered_this_outage,3.65265440940857,2026-05-06T13:31:44.034Z
sensor.ups_monitor_ah_delivered_this_outage,3.65437126159668,2026-05-06T13:31:49.034Z
sensor.ups_monitor_ah_delivered_this_outage,3.65606570243835,2026-05-06T13:31:54.034Z
sensor.ups_monitor_ah_delivered_this_outage,3.65767478942871,2026-05-06T13:31:59.033Z
sensor.ups_monitor_ah_delivered_this_outage,3.65931797027588,2026-05-06T13:32:04.036Z
sensor.ups_monitor_ah_delivered_this_outage,3.66098117828369,2026-05-06T13:32:09.050Z
sensor.ups_monitor_ah_delivered_this_outage,3.66263270378113,2026-05-06T13:32:14.039Z
sensor.ups_monitor_ah_delivered_this_outage,3.66427493095398,2026-05-06T13:32:19.039Z
sensor.ups_monitor_ah_delivered_this_outage,3.66590690612793,2026-05-06T13:32:24.040Z
sensor.ups_monitor_ah_delivered_this_outage,3.66755700111389,2026-05-06T13:32:29.040Z
sensor.ups_monitor_ah_delivered_this_outage,3.66923427581787,2026-05-06T13:32:34.041Z
sensor.ups_monitor_ah_delivered_this_outage,3.67091012001038,2026-05-06T13:32:39.043Z
sensor.ups_monitor_ah_delivered_this_outage,3.67258787155151,2026-05-06T13:32:44.044Z
sensor.ups_monitor_ah_delivered_this_outage,3.67424774169922,2026-05-06T13:32:49.043Z
sensor.ups_monitor_ah_delivered_this_outage,3.6759192943573,2026-05-06T13:32:54.044Z
sensor.ups_monitor_ah_delivered_this_outage,3.67758679389954,2026-05-06T13:32:59.043Z
sensor.ups_monitor_ah_delivered_this_outage,3.67920279502869,2026-05-06T13:33:04.044Z
sensor.ups_monitor_ah_delivered_this_outage,3.68084168434143,2026-05-06T13:33:09.043Z
sensor.ups_monitor_ah_delivered_this_outage,3.68252182006836,2026-05-06T13:33:14.058Z
sensor.ups_monitor_ah_delivered_this_outage,3.68420839309692,2026-05-06T13:33:19.046Z
sensor.ups_monitor_ah_delivered_this_outage,3.68587565422058,2026-05-06T13:33:24.045Z
sensor.ups_monitor_ah_delivered_this_outage,3.68753242492676,2026-05-06T13:33:29.049Z
sensor.ups_monitor_ah_delivered_this_outage,3.68921566009521,2026-05-06T13:33:34.049Z
sensor.ups_monitor_ah_delivered_this_outage,3.6909396648407,2026-05-06T13:33:39.050Z
sensor.ups_monitor_ah_delivered_this_outage,3.69265103340149,2026-05-06T13:33:44.052Z
sensor.ups_monitor_ah_delivered_this_outage,3.69433498382568,2026-05-06T13:33:49.050Z
sensor.ups_monitor_ah_delivered_this_outage,3.69601655006409,2026-05-06T13:33:54.050Z
sensor.ups_monitor_ah_delivered_this_outage,3.6977071762085,2026-05-06T13:33:59.063Z
sensor.ups_monitor_ah_delivered_this_outage,3.69936847686768,2026-05-06T13:34:04.052Z
sensor.ups_monitor_ah_delivered_this_outage,3.70104241371155,2026-05-06T13:34:09.052Z
sensor.ups_monitor_ah_delivered_this_outage,3.70277261734009,2026-05-06T13:34:14.067Z
sensor.ups_monitor_ah_delivered_this_outage,3.70447540283203,2026-05-06T13:34:19.054Z
sensor.ups_monitor_ah_delivered_this_outage,3.70614814758301,2026-05-06T13:34:24.055Z
sensor.ups_monitor_ah_delivered_this_outage,3.70780682563782,2026-05-06T13:34:29.067Z
sensor.ups_monitor_ah_delivered_this_outage,3.70944976806641,2026-05-06T13:34:34.054Z
sensor.ups_monitor_ah_delivered_this_outage,3.7111291885376,2026-05-06T13:34:39.068Z
sensor.ups_monitor_ah_delivered_this_outage,3.71281862258911,2026-05-06T13:34:44.055Z
sensor.ups_monitor_ah_delivered_this_outage,3.71448302268982,2026-05-06T13:34:49.055Z
sensor.ups_monitor_ah_delivered_this_outage,3.71617245674133,2026-05-06T13:34:54.055Z
sensor.ups_monitor_ah_delivered_this_outage,3.71788644790649,2026-05-06T13:34:59.055Z
sensor.ups_monitor_ah_delivered_this_outage,3.71958708763123,2026-05-06T13:35:04.057Z
sensor.ups_monitor_ah_delivered_this_outage,3.72124528884888,2026-05-06T13:35:09.060Z
sensor.ups_monitor_ah_delivered_this_outage,3.72290420532227,2026-05-06T13:35:14.060Z
sensor.ups_monitor_ah_delivered_this_outage,3.72458171844482,2026-05-06T13:35:19.075Z
sensor.ups_monitor_ah_delivered_this_outage,3.72626638412476,2026-05-06T13:35:24.066Z
sensor.ups_monitor_ah_delivered_this_outage,3.72796559333801,2026-05-06T13:35:29.066Z
sensor.ups_monitor_ah_delivered_this_outage,3.72965526580811,2026-05-06T13:35:34.066Z
sensor.ups_monitor_ah_delivered_this_outage,3.7313449382782,2026-05-06T13:35:39.068Z
sensor.ups_monitor_ah_delivered_this_outage,3.73299956321716,2026-05-06T13:35:44.069Z
sensor.ups_monitor_ah_delivered_this_outage,3.7346248626709,2026-05-06T13:35:49.069Z
sensor.ups_monitor_ah_delivered_this_outage,3.73625659942627,2026-05-06T13:35:54.075Z
sensor.ups_monitor_ah_delivered_this_outage,3.73791694641113,2026-05-06T13:35:59.076Z
sensor.ups_monitor_ah_delivered_this_outage,3.73961853981018,2026-05-06T13:36:04.075Z
sensor.ups_monitor_ah_delivered_this_outage,3.74134182929993,2026-05-06T13:36:09.088Z
sensor.ups_monitor_ah_delivered_this_outage,3.74302387237549,2026-05-06T13:36:14.077Z
sensor.ups_monitor_ah_delivered_this_outage,3.74469208717346,2026-05-06T13:36:19.076Z
sensor.ups_monitor_ah_delivered_this_outage,3.74642443656921,2026-05-06T13:36:24.090Z
sensor.ups_monitor_ah_delivered_this_outage,3.74811792373657,2026-05-06T13:36:29.077Z
sensor.ups_monitor_ah_delivered_this_outage,3.74980854988098,2026-05-06T13:36:34.079Z
sensor.ups_monitor_ah_delivered_this_outage,3.75154328346252,2026-05-06T13:36:39.079Z
sensor.ups_monitor_ah_delivered_this_outage,3.75324583053589,2026-05-06T13:36:44.081Z
sensor.ups_monitor_ah_delivered_this_outage,3.75492453575134,2026-05-06T13:36:49.081Z
sensor.ups_monitor_ah_delivered_this_outage,3.75660037994385,2026-05-06T13:36:54.082Z
sensor.ups_monitor_ah_delivered_this_outage,3.75825071334839,2026-05-06T13:36:59.082Z
sensor.ups_monitor_ah_delivered_this_outage,3.75994157791138,2026-05-06T13:37:04.082Z
sensor.ups_monitor_ah_delivered_this_outage,3.76166653633118,2026-05-06T13:37:09.084Z
sensor.ups_monitor_ah_delivered_this_outage,3.76336312294006,2026-05-06T13:37:14.084Z
sensor.ups_monitor_ah_delivered_this_outage,3.76505327224731,2026-05-06T13:37:19.084Z
sensor.ups_monitor_ah_delivered_this_outage,3.76677799224854,2026-05-06T13:37:24.086Z
sensor.ups_monitor_ah_delivered_this_outage,3.76849794387817,2026-05-06T13:37:29.085Z
sensor.ups_monitor_ah_delivered_this_outage,3.77021217346191,2026-05-06T13:37:34.086Z
sensor.ups_monitor_ah_delivered_this_outage,3.77190279960632,2026-05-06T13:37:39.085Z
sensor.ups_monitor_ah_delivered_this_outage,3.77355241775513,2026-05-06T13:37:44.086Z
sensor.ups_monitor_ah_delivered_this_outage,3.77521371841431,2026-05-06T13:37:49.087Z
sensor.ups_monitor_ah_delivered_this_outage,3.77690100669861,2026-05-06T13:37:54.089Z
sensor.ups_monitor_ah_delivered_this_outage,3.77866125106812,2026-05-06T13:37:59.093Z
sensor.ups_monitor_ah_delivered_this_outage,3.78043675422668,2026-05-06T13:38:04.093Z
sensor.ups_monitor_ah_delivered_this_outage,3.78215503692627,2026-05-06T13:38:09.093Z
sensor.ups_monitor_ah_delivered_this_outage,3.78382182121277,2026-05-06T13:38:14.093Z
sensor.ups_monitor_ah_delivered_this_outage,3.78550219535828,2026-05-06T13:38:19.106Z
sensor.ups_monitor_ah_delivered_this_outage,3.78720664978027,2026-05-06T13:38:24.094Z
sensor.ups_monitor_ah_delivered_this_outage,3.78891229629517,2026-05-06T13:38:29.097Z
sensor.ups_monitor_ah_delivered_this_outage,3.7906060218811,2026-05-06T13:38:34.099Z
sensor.ups_monitor_ah_delivered_this_outage,3.79226469993591,2026-05-06T13:38:39.096Z
sensor.ups_monitor_ah_delivered_this_outage,3.79395318031311,2026-05-06T13:38:44.097Z
sensor.ups_monitor_ah_delivered_this_outage,3.79563355445862,2026-05-06T13:38:49.097Z
sensor.ups_monitor_ah_delivered_this_outage,3.79734301567078,2026-05-06T13:38:54.099Z
sensor.ups_monitor_ah_delivered_this_outage,3.79904842376709,2026-05-06T13:38:59.101Z
sensor.ups_monitor_ah_delivered_this_outage,3.80070304870605,2026-05-06T13:39:04.101Z
sensor.ups_monitor_ah_delivered_this_outage,3.80236959457397,2026-05-06T13:39:09.101Z
sensor.ups_monitor_ah_delivered_this_outage,3.80399107933044,2026-05-06T13:39:14.102Z
sensor.ups_monitor_ah_delivered_this_outage,3.80560874938965,2026-05-06T13:39:19.101Z
sensor.ups_monitor_ah_delivered_this_outage,3.80727958679199,2026-05-06T13:39:24.101Z
sensor.ups_monitor_ah_delivered_this_outage,3.80894017219543,2026-05-06T13:39:29.100Z
sensor.ups_monitor_ah_delivered_this_outage,3.81056022644043,2026-05-06T13:39:34.103Z
sensor.ups_monitor_ah_delivered_this_outage,3.81222558021545,2026-05-06T13:39:39.103Z
sensor.ups_monitor_ah_delivered_this_outage,3.81391167640686,2026-05-06T13:39:44.119Z
sensor.ups_monitor_ah_delivered_this_outage,3.81561136245728,2026-05-06T13:39:49.105Z
sensor.ups_monitor_ah_delivered_this_outage,3.81729173660278,2026-05-06T13:39:54.105Z
sensor.ups_monitor_ah_delivered_this_outage,3.81897187232971,2026-05-06T13:39:59.108Z
sensor.ups_monitor_ah_delivered_this_outage,3.82068920135498,2026-05-06T13:40:04.113Z
sensor.ups_monitor_ah_delivered_this_outage,3.82237458229065,2026-05-06T13:40:09.112Z
sensor.ups_monitor_ah_delivered_this_outage,3.82402491569519,2026-05-06T13:40:14.112Z
sensor.ups_monitor_ah_delivered_this_outage,3.82568192481995,2026-05-06T13:40:19.114Z
sensor.ups_monitor_ah_delivered_this_outage,unavailable,2026-05-06T14:05:29.486Z
sensor.ups_monitor_ah_delivered_this_outage,4.17891263961792,2026-05-06T14:05:32.386Z
sensor.ups_monitor_ah_delivered_this_outage,unavailable,2026-05-06T14:08:44.222Z
sensor.ups_monitor_ah_delivered_this_outage,4.17891263961792,2026-05-06T14:08:44.381Z
sensor.ups_monitor_ah_delivered_this_outage,unavailable,2026-05-06T14:14:35.741Z
sensor.ups_monitor_ah_delivered_this_outage,4.17891263961792,2026-05-06T14:14:35.880Z
sensor.ups_monitor_ah_delivered_this_outage,unavailable,2026-05-06T14:19:55.848Z
sensor.ups_monitor_ah_delivered_this_outage,4.17891263961792,2026-05-06T14:20:18.412Z
sensor.ups_monitor_ah_delivered_this_outage,unavailable,2026-05-06T14:34:20.046Z
sensor.ups_monitor_ah_delivered_this_outage,4.17891263961792,2026-05-06T14:34:22.010Z
sensor.ups_monitor_ah_delivered_this_outage,unavailable,2026-05-06T16:47:22.189Z
sensor.ups_monitor_ah_delivered_this_outage,4.17891263961792,2026-05-06T16:47:25.102Z
sensor.ups_monitor_ah_delivered_this_outage,unavailable,2026-05-06T18:29:50.974Z
sensor.ups_monitor_ah_delivered_this_outage,4.17891263961792,2026-05-06T18:29:53.089Z
