entity_id,state,last_changed
sensor.ups_monitor_wh_delivered_this_outage,0.0979572758078575,2026-05-06T04:00:00.000Z
sensor.ups_monitor_wh_delivered_this_outage,0.10828460752964,2026-05-06T10:25:10.925Z
sensor.ups_monitor_wh_delivered_this_outage,0.129592970013618,2026-05-06T10:25:15.925Z
sensor.ups_monitor_wh_delivered_this_outage,0.0,2026-05-06T10:25:20.795Z
sensor.ups_monitor_wh_delivered_this_outage,0.0216418225318193,2026-05-06T10:25:20.928Z
sensor.ups_monitor_wh_delivered_this_outage,0.0424014143645763,2026-05-06T10:25:25.929Z
sensor.ups_monitor_wh_delivered_this_outage,0.0627327635884285,2026-05-06T10:25:30.930Z
sensor.ups_monitor_wh_delivered_this_outage,0.0835658460855484,2026-05-06T10:25:35.929Z
sensor.ups_monitor_wh_delivered_this_outage,0.104771241545677,2026-05-06T10:25:40.929Z
sensor.ups_monitor_wh_delivered_this_outage,0.125683918595314,2026-05-06T10:25:45.931Z
sensor.ups_monitor_wh_delivered_this_outage,0.146068245172501,2026-05-06T10:25:50.935Z
sensor.ups_monitor_wh_delivered_this_outage,0.166396826505661,2026-05-06T10:25:55.935Z
sensor.ups_monitor_wh_delivered_this_outage,0.187113985419273,2026-05-06T10:26:00.946Z
sensor.ups_monitor_wh_delivered_this_outage,0.208032667636871,2026-05-06T10:26:05.936Z
sensor.ups_monitor_wh_delivered_this_outage,0.228545770049095,2026-05-06T10:26:10.936Z
sensor.ups_monitor_wh_delivered_this_outage,0.249027729034424,2026-05-06T10:26:15.936Z
sensor.ups_monitor_wh_delivered_this_outage,0.27045014500618,2026-05-06T10:26:20.937Z
sensor.ups_monitor_wh_delivered_this_outage,0.291483938694,2026-05-06T10:26:25.937Z
sensor.ups_monitor_wh_delivered_this_outage,0.31197202205658,2026-05-06T10:26:30.947Z
sensor.ups_monitor_wh_delivered_this_outage,0.332553952932358,2026-05-06T10:26:35.937Z
sensor.ups_monitor_wh_delivered_this_outage,0.353495210409164,2026-05-06T10:26:40.937Z
sensor.ups_monitor_wh_delivered_this_outage,0.374564439058304,2026-05-06T10:26:45.938Z
sensor.ups_monitor_wh_delivered_this_outage,0.394896775484085,2026-05-06T10:26:50.938Z
sensor.ups_monitor_wh_delivered_this_outage,0.4153873026371,2026-05-06T10:26:55.938Z
sensor.ups_monitor_wh_delivered_this_outage,0.436168164014816,2026-05-06T10:27:00.938Z
sensor.ups_monitor_wh_delivered_this_outage,0.457263886928558,2026-05-06T10:27:05.941Z
sensor.ups_monitor_wh_delivered_this_outage,0.478294402360916,2026-05-06T10:27:10.945Z
sensor.ups_monitor_wh_delivered_this_outage,0.499591499567032,2026-05-06T10:27:15.944Z
sensor.ups_monitor_wh_delivered_this_outage,0.520810484886169,2026-05-06T10:27:20.945Z
sensor.ups_monitor_wh_delivered_this_outage,0.541518092155457,2026-05-06T10:27:25.958Z
sensor.ups_monitor_wh_delivered_this_outage,0.56257039308548,2026-05-06T10:27:30.960Z
sensor.ups_monitor_wh_delivered_this_outage,0.583383023738861,2026-05-06T10:27:35.946Z
sensor.ups_monitor_wh_delivered_this_outage,0.60492342710495,2026-05-06T10:27:40.948Z
sensor.ups_monitor_wh_delivered_this_outage,0.626427710056305,2026-05-06T10:27:45.949Z
sensor.ups_monitor_wh_delivered_this_outage,0.6473188996315,2026-05-06T10:27:50.949Z
sensor.ups_monitor_wh_delivered_this_outage,0.66821026802063,2026-05-06T10:27:55.952Z
sensor.ups_monitor_wh_delivered_this_outage,0.689437329769135,2026-05-06T10:28:00.957Z
sensor.ups_monitor_wh_delivered_this_outage,0.710973858833313,2026-05-06T10:28:05.951Z
sensor.ups_monitor_wh_delivered_this_outage,0.731723368167877,2026-05-06T10:28:10.951Z
sensor.ups_monitor_wh_delivered_this_outage,0.752519965171814,2026-05-06T10:28:15.951Z
sensor.ups_monitor_wh_delivered_this_outage,0.77332592010498,2026-05-06T10:28:20.952Z
sensor.ups_monitor_wh_delivered_this_outage,0.794448733329773,2026-05-06T10:28:25.953Z
sensor.ups_monitor_wh_delivered_this_outage,0.815492987632751,2026-05-06T10:28:30.954Z
sensor.ups_monitor_wh_delivered_this_outage,0.83582067489624,2026-05-06T10:28:35.954Z
sensor.ups_monitor_wh_delivered_this_outage,0.856873393058777,2026-05-06T10:28:40.954Z
sensor.ups_monitor_wh_delivered_this_outage,0.878301978111267,2026-05-06T10:28:45.956Z
sensor.ups_monitor_wh_delivered_this_outage,0.899749994277954,2026-05-06T10:28:50.970Z
sensor.ups_monitor_wh_delivered_this_outage,0.921119093894958,2026-05-06T10:28:55.957Z
sensor.ups_monitor_wh_delivered_this_outage,0.941845417022705,2026-05-06T10:29:00.967Z
sensor.ups_monitor_wh_delivered_this_outage,0.962872684001923,2026-05-06T10:29:05.959Z
sensor.ups_monitor_wh_delivered_this_outage,0.98394250869751,2026-05-06T10:29:10.959Z
sensor.ups_monitor_wh_delivered_this_outage,1.0043957233429,2026-05-06T10:29:15.959Z
sensor.ups_monitor_wh_delivered_this_outage,1.02523791790009,2026-05-06T10:29:20.959Z
sensor.ups_monitor_wh_delivered_this_outage,1.04651618003845,2026-05-06T10:29:25.960Z
sensor.ups_monitor_wh_delivered_this_outage,1.06804728507996,2026-05-06T10:29:30.969Z
sensor.ups_monitor_wh_delivered_this_outage,1.08947491645813,2026-05-06T10:29:35.960Z
sensor.ups_monitor_wh_delivered_this_outage,1.11032390594482,2026-05-06T10:29:40.960Z
sensor.ups_monitor_wh_delivered_this_outage,1.13141071796417,2026-05-06T10:29:45.960Z
sensor.ups_monitor_wh_delivered_this_outage,1.15226793289185,2026-05-06T10:29:50.963Z
sensor.ups_monitor_wh_delivered_this_outage,1.17346751689911,2026-05-06T10:29:55.963Z
sensor.ups_monitor_wh_delivered_this_outage,1.19454634189606,2026-05-06T10:30:00.970Z
sensor.ups_monitor_wh_delivered_this_outage,1.21495008468628,2026-05-06T10:30:05.965Z
sensor.ups_monitor_wh_delivered_this_outage,1.23600554466248,2026-05-06T10:30:10.968Z
sensor.ups_monitor_wh_delivered_this_outage,1.25712823867798,2026-05-06T10:30:15.970Z
sensor.ups_monitor_wh_delivered_this_outage,1.27835011482239,2026-05-06T10:30:20.971Z
sensor.ups_monitor_wh_delivered_this_outage,1.29998159408569,2026-05-06T10:30:25.974Z
sensor.ups_monitor_wh_delivered_this_outage,1.32116496562958,2026-05-06T10:30:30.979Z
sensor.ups_monitor_wh_delivered_this_outage,1.34261858463287,2026-05-06T10:30:35.979Z
sensor.ups_monitor_wh_delivered_this_outage,1.36435401439667,2026-05-06T10:30:40.979Z
sensor.ups_monitor_wh_delivered_this_outage,1.38563060760498,2026-05-06T10:30:45.972Z
sensor.ups_monitor_wh_delivered_this_outage,1.40666961669922,2026-05-06T10:30:50.980Z
sensor.ups_monitor_wh_delivered_this_outage,1.42722678184509,2026-05-06T10:30:55.984Z
sensor.ups_monitor_wh_delivered_this_outage,1.44809985160828,2026-05-06T10:31:00.982Z
sensor.ups_monitor_wh_delivered_this_outage,1.47009885311127,2026-05-06T10:31:05.981Z
sensor.ups_monitor_wh_delivered_this_outage,1.49187827110291,2026-05-06T10:31:10.987Z
sensor.ups_monitor_wh_delivered_this_outage,1.51276028156281,2026-05-06T10:31:15.971Z
sensor.ups_monitor_wh_delivered_this_outage,1.53329789638519,2026-05-06T10:31:20.988Z
sensor.ups_monitor_wh_delivered_this_outage,1.55404722690582,2026-05-06T10:31:25.989Z
sensor.ups_monitor_wh_delivered_this_outage,1.57492482662201,2026-05-06T10:31:30.988Z
sensor.ups_monitor_wh_delivered_this_outage,1.59552466869354,2026-05-06T10:31:36.002Z
sensor.ups_monitor_wh_delivered_this_outage,1.61653506755829,2026-05-06T10:31:40.989Z
sensor.ups_monitor_wh_delivered_this_outage,1.63774049282074,2026-05-06T10:31:45.989Z
sensor.ups_monitor_wh_delivered_this_outage,1.65925967693329,2026-05-06T10:31:50.989Z
sensor.ups_monitor_wh_delivered_this_outage,1.68051934242249,2026-05-06T10:31:55.989Z
sensor.ups_monitor_wh_delivered_this_outage,1.70169687271118,2026-05-06T10:32:00.993Z
sensor.ups_monitor_wh_delivered_this_outage,1.72350907325745,2026-05-06T10:32:05.988Z
sensor.ups_monitor_wh_delivered_this_outage,1.74494957923889,2026-05-06T10:32:10.989Z
sensor.ups_monitor_wh_delivered_this_outage,1.76573276519775,2026-05-06T10:32:15.989Z
sensor.ups_monitor_wh_delivered_this_outage,1.78697371482849,2026-05-06T10:32:20.989Z
sensor.ups_monitor_wh_delivered_this_outage,1.80794072151184,2026-05-06T10:32:25.989Z
sensor.ups_monitor_wh_delivered_this_outage,1.82873058319092,2026-05-06T10:32:30.979Z
sensor.ups_monitor_wh_delivered_this_outage,1.84954631328583,2026-05-06T10:32:35.989Z
sensor.ups_monitor_wh_delivered_this_outage,1.86981117725372,2026-05-06T10:32:40.989Z
sensor.ups_monitor_wh_delivered_this_outage,1.89082193374634,2026-05-06T10:32:45.977Z
sensor.ups_monitor_wh_delivered_this_outage,1.91206085681915,2026-05-06T10:32:50.989Z
sensor.ups_monitor_wh_delivered_this_outage,1.93253576755524,2026-05-06T10:32:56.002Z
sensor.ups_monitor_wh_delivered_this_outage,1.95295226573944,2026-05-06T10:33:00.989Z
sensor.ups_monitor_wh_delivered_this_outage,1.9736545085907,2026-05-06T10:33:05.989Z
sensor.ups_monitor_wh_delivered_this_outage,1.99449193477631,2026-05-06T10:33:10.990Z
sensor.ups_monitor_wh_delivered_this_outage,2.01572823524475,2026-05-06T10:33:15.981Z
sensor.ups_monitor_wh_delivered_this_outage,2.0371105670929,2026-05-06T10:33:20.988Z
sensor.ups_monitor_wh_delivered_this_outage,2.05810379981995,2026-05-06T10:33:26.003Z
sensor.ups_monitor_wh_delivered_this_outage,2.07935929298401,2026-05-06T10:33:30.997Z
sensor.ups_monitor_wh_delivered_this_outage,2.10040593147278,2026-05-06T10:33:35.990Z
sensor.ups_monitor_wh_delivered_this_outage,2.12094140052795,2026-05-06T10:33:40.990Z
sensor.ups_monitor_wh_delivered_this_outage,2.14148163795471,2026-05-06T10:33:45.981Z
sensor.ups_monitor_wh_delivered_this_outage,2.16259121894836,2026-05-06T10:33:50.991Z
sensor.ups_monitor_wh_delivered_this_outage,2.1842257976532,2026-05-06T10:33:55.991Z
sensor.ups_monitor_wh_delivered_this_outage,2.20540714263916,2026-05-06T10:34:00.991Z
sensor.ups_monitor_wh_delivered_this_outage,2.22613668441772,2026-05-06T10:34:05.991Z
sensor.ups_monitor_wh_delivered_this_outage,2.24679970741272,2026-05-06T10:34:10.991Z
sensor.ups_monitor_wh_delivered_this_outage,2.26786279678345,2026-05-06T10:34:15.984Z
sensor.ups_monitor_wh_delivered_this_outage,2.28887915611267,2026-05-06T10:34:20.990Z
sensor.ups_monitor_wh_delivered_this_outage,2.3094310760498,2026-05-06T10:34:25.991Z
sensor.ups_monitor_wh_delivered_this_outage,2.33017611503601,2026-05-06T10:34:30.983Z
sensor.ups_monitor_wh_delivered_this_outage,2.3515248298645,2026-05-06T10:34:35.991Z
sensor.ups_monitor_wh_delivered_this_outage,2.37266612052917,2026-05-06T10:34:40.991Z
sensor.ups_monitor_wh_delivered_this_outage,2.39353322982788,2026-05-06T10:34:45.982Z
sensor.ups_monitor_wh_delivered_this_outage,2.41457343101501,2026-05-06T10:34:50.992Z
sensor.ups_monitor_wh_delivered_this_outage,2.43579125404358,2026-05-06T10:34:55.992Z
sensor.ups_monitor_wh_delivered_this_outage,2.45684099197388,2026-05-06T10:35:00.991Z
sensor.ups_monitor_wh_delivered_this_outage,2.47820568084717,2026-05-06T10:35:05.994Z
sensor.ups_monitor_wh_delivered_this_outage,2.50036072731018,2026-05-06T10:35:11.008Z
sensor.ups_monitor_wh_delivered_this_outage,2.52166056632996,2026-05-06T10:35:15.988Z
sensor.ups_monitor_wh_delivered_this_outage,2.54234385490417,2026-05-06T10:35:20.996Z
sensor.ups_monitor_wh_delivered_this_outage,2.56327033042908,2026-05-06T10:35:25.996Z
sensor.ups_monitor_wh_delivered_this_outage,2.58452105522156,2026-05-06T10:35:30.997Z
sensor.ups_monitor_wh_delivered_this_outage,2.60636878013611,2026-05-06T10:35:35.996Z
sensor.ups_monitor_wh_delivered_this_outage,2.62775301933289,2026-05-06T10:35:40.997Z
sensor.ups_monitor_wh_delivered_this_outage,2.64871859550476,2026-05-06T10:35:45.989Z
sensor.ups_monitor_wh_delivered_this_outage,2.66959428787231,2026-05-06T10:35:50.998Z
sensor.ups_monitor_wh_delivered_this_outage,2.69027352333069,2026-05-06T10:35:56.000Z
sensor.ups_monitor_wh_delivered_this_outage,2.71106815338135,2026-05-06T10:36:00.990Z
sensor.ups_monitor_wh_delivered_this_outage,2.73193836212158,2026-05-06T10:36:05.999Z
sensor.ups_monitor_wh_delivered_this_outage,2.75287199020386,2026-05-06T10:36:10.999Z
sensor.ups_monitor_wh_delivered_this_outage,2.77375483512878,2026-05-06T10:36:16.000Z
sensor.ups_monitor_wh_delivered_this_outage,2.79467153549194,2026-05-06T10:36:20.999Z
sensor.ups_monitor_wh_delivered_this_outage,2.81545495986938,2026-05-06T10:36:25.999Z
sensor.ups_monitor_wh_delivered_this_outage,2.83660244941711,2026-05-06T10:36:30.992Z
sensor.ups_monitor_wh_delivered_this_outage,2.85835766792297,2026-05-06T10:36:36.002Z
sensor.ups_monitor_wh_delivered_this_outage,2.87932467460632,2026-05-06T10:36:41.002Z
sensor.ups_monitor_wh_delivered_this_outage,2.90010285377502,2026-05-06T10:36:46.002Z
sensor.ups_monitor_wh_delivered_this_outage,2.92084121704102,2026-05-06T10:36:51.002Z
sensor.ups_monitor_wh_delivered_this_outage,2.94160985946655,2026-05-06T10:36:56.002Z
sensor.ups_monitor_wh_delivered_this_outage,2.96236848831177,2026-05-06T10:37:00.993Z
sensor.ups_monitor_wh_delivered_this_outage,2.98275637626648,2026-05-06T10:37:06.002Z
sensor.ups_monitor_wh_delivered_this_outage,3.00321555137634,2026-05-06T10:37:11.002Z
sensor.ups_monitor_wh_delivered_this_outage,3.02391648292542,2026-05-06T10:37:15.989Z
sensor.ups_monitor_wh_delivered_this_outage,3.04480361938477,2026-05-06T10:37:21.006Z
sensor.ups_monitor_wh_delivered_this_outage,3.06546759605408,2026-05-06T10:37:26.006Z
sensor.ups_monitor_wh_delivered_this_outage,3.08693361282349,2026-05-06T10:37:30.990Z
sensor.ups_monitor_wh_delivered_this_outage,3.10881519317627,2026-05-06T10:37:36.006Z
sensor.ups_monitor_wh_delivered_this_outage,3.129718542099,2026-05-06T10:37:41.010Z
sensor.ups_monitor_wh_delivered_this_outage,3.15000200271606,2026-05-06T10:37:46.009Z
sensor.ups_monitor_wh_delivered_this_outage,3.17041110992432,2026-05-06T10:37:51.012Z
sensor.ups_monitor_wh_delivered_this_outage,3.19200587272644,2026-05-06T10:37:56.011Z
sensor.ups_monitor_wh_delivered_this_outage,3.21364808082581,2026-05-06T10:38:01.001Z
sensor.ups_monitor_wh_delivered_this_outage,3.23423218727112,2026-05-06T10:38:06.012Z
sensor.ups_monitor_wh_delivered_this_outage,3.25515675544739,2026-05-06T10:38:11.012Z
sensor.ups_monitor_wh_delivered_this_outage,3.27640700340271,2026-05-06T10:38:16.004Z
sensor.ups_monitor_wh_delivered_this_outage,3.29717373847961,2026-05-06T10:38:21.012Z
sensor.ups_monitor_wh_delivered_this_outage,3.31752562522888,2026-05-06T10:38:26.012Z
sensor.ups_monitor_wh_delivered_this_outage,3.33826279640198,2026-05-06T10:38:31.009Z
sensor.ups_monitor_wh_delivered_this_outage,3.35903477668762,2026-05-06T10:38:36.014Z
sensor.ups_monitor_wh_delivered_this_outage,3.37988924980164,2026-05-06T10:38:41.014Z
sensor.ups_monitor_wh_delivered_this_outage,3.40087604522705,2026-05-06T10:38:46.017Z
sensor.ups_monitor_wh_delivered_this_outage,3.42187094688416,2026-05-06T10:38:51.017Z
sensor.ups_monitor_wh_delivered_this_outage,3.44331526756287,2026-05-06T10:38:56.017Z
sensor.ups_monitor_wh_delivered_this_outage,3.46457862854004,2026-05-06T10:39:01.015Z
sensor.ups_monitor_wh_delivered_this_outage,3.4855809211731,2026-05-06T10:39:06.020Z
sensor.ups_monitor_wh_delivered_this_outage,3.50639772415161,2026-05-06T10:39:11.035Z
sensor.ups_monitor_wh_delivered_this_outage,3.52704787254333,2026-05-06T10:39:16.015Z
sensor.ups_monitor_wh_delivered_this_outage,3.54770851135254,2026-05-06T10:39:21.021Z
sensor.ups_monitor_wh_delivered_this_outage,3.56828618049622,2026-05-06T10:39:26.021Z
sensor.ups_monitor_wh_delivered_this_outage,3.58860230445862,2026-05-06T10:39:31.024Z
sensor.ups_monitor_wh_delivered_this_outage,3.60870385169983,2026-05-06T10:39:36.037Z
sensor.ups_monitor_wh_delivered_this_outage,3.62952470779419,2026-05-06T10:39:41.037Z
sensor.ups_monitor_wh_delivered_this_outage,3.65090274810791,2026-05-06T10:39:46.018Z
sensor.ups_monitor_wh_delivered_this_outage,3.67286324501038,2026-05-06T10:39:51.023Z
sensor.ups_monitor_wh_delivered_this_outage,3.69491362571716,2026-05-06T10:39:56.023Z
sensor.ups_monitor_wh_delivered_this_outage,3.71593022346497,2026-05-06T10:40:01.023Z
sensor.ups_monitor_wh_delivered_this_outage,3.73688530921936,2026-05-06T10:40:06.027Z
sensor.ups_monitor_wh_delivered_this_outage,3.75798726081848,2026-05-06T10:40:11.033Z
sensor.ups_monitor_wh_delivered_this_outage,3.77875065803528,2026-05-06T10:40:16.026Z
sensor.ups_monitor_wh_delivered_this_outage,3.79933190345764,2026-05-06T10:40:21.036Z
sensor.ups_monitor_wh_delivered_this_outage,3.81975603103638,2026-05-06T10:40:26.034Z
sensor.ups_monitor_wh_delivered_this_outage,3.84042310714722,2026-05-06T10:40:31.028Z
sensor.ups_monitor_wh_delivered_this_outage,3.86173462867737,2026-05-06T10:40:36.035Z
sensor.ups_monitor_wh_delivered_this_outage,3.88288402557373,2026-05-06T10:40:41.035Z
sensor.ups_monitor_wh_delivered_this_outage,3.90386366844177,2026-05-06T10:40:46.030Z
sensor.ups_monitor_wh_delivered_this_outage,3.92489242553711,2026-05-06T10:40:51.037Z
sensor.ups_monitor_wh_delivered_this_outage,3.94666337966919,2026-05-06T10:40:56.035Z
sensor.ups_monitor_wh_delivered_this_outage,3.9683952331543,2026-05-06T10:41:01.034Z
sensor.ups_monitor_wh_delivered_this_outage,3.98915100097656,2026-05-06T10:41:06.039Z
sensor.ups_monitor_wh_delivered_this_outage,4.0097599029541,2026-05-06T10:41:11.040Z
sensor.ups_monitor_wh_delivered_this_outage,4.03012943267822,2026-05-06T10:41:16.035Z
sensor.ups_monitor_wh_delivered_this_outage,4.05112504959106,2026-05-06T10:41:21.042Z
sensor.ups_monitor_wh_delivered_this_outage,4.07251739501953,2026-05-06T10:41:26.040Z
sensor.ups_monitor_wh_delivered_this_outage,4.0940580368042,2026-05-06T10:41:31.038Z
sensor.ups_monitor_wh_delivered_this_outage,4.11525821685791,2026-05-06T10:41:36.045Z
sensor.ups_monitor_wh_delivered_this_outage,4.13644456863403,2026-05-06T10:41:41.050Z
sensor.ups_monitor_wh_delivered_this_outage,4.15792369842529,2026-05-06T10:41:46.048Z
sensor.ups_monitor_wh_delivered_this_outage,4.178786277771,2026-05-06T10:41:51.052Z
sensor.ups_monitor_wh_delivered_this_outage,4.19943428039551,2026-05-06T10:41:56.052Z
sensor.ups_monitor_wh_delivered_this_outage,4.22031831741333,2026-05-06T10:42:01.050Z
sensor.ups_monitor_wh_delivered_this_outage,4.24146699905396,2026-05-06T10:42:06.055Z
sensor.ups_monitor_wh_delivered_this_outage,4.26217889785767,2026-05-06T10:42:11.055Z
sensor.ups_monitor_wh_delivered_this_outage,4.28375673294067,2026-05-06T10:42:16.039Z
sensor.ups_monitor_wh_delivered_this_outage,4.30687141418457,2026-05-06T10:42:21.070Z
sensor.ups_monitor_wh_delivered_this_outage,4.32911062240601,2026-05-06T10:42:26.072Z
sensor.ups_monitor_wh_delivered_this_outage,4.3503098487854,2026-05-06T10:42:31.039Z
sensor.ups_monitor_wh_delivered_this_outage,4.37134838104248,2026-05-06T10:42:36.059Z
sensor.ups_monitor_wh_delivered_this_outage,4.39234972000122,2026-05-06T10:42:41.062Z
sensor.ups_monitor_wh_delivered_this_outage,4.41344356536865,2026-05-06T10:42:46.042Z
sensor.ups_monitor_wh_delivered_this_outage,4.4340238571167,2026-05-06T10:42:51.062Z
sensor.ups_monitor_wh_delivered_this_outage,4.45450115203857,2026-05-06T10:42:56.064Z
sensor.ups_monitor_wh_delivered_this_outage,4.47538471221924,2026-05-06T10:43:01.043Z
sensor.ups_monitor_wh_delivered_this_outage,4.49614238739014,2026-05-06T10:43:06.066Z
sensor.ups_monitor_wh_delivered_this_outage,4.51669120788574,2026-05-06T10:43:11.068Z
sensor.ups_monitor_wh_delivered_this_outage,4.53731107711792,2026-05-06T10:43:16.071Z
sensor.ups_monitor_wh_delivered_this_outage,4.55788803100586,2026-05-06T10:43:21.073Z
sensor.ups_monitor_wh_delivered_this_outage,4.57872152328491,2026-05-06T10:43:26.085Z
sensor.ups_monitor_wh_delivered_this_outage,4.59954881668091,2026-05-06T10:43:31.072Z
sensor.ups_monitor_wh_delivered_this_outage,4.61994504928589,2026-05-06T10:43:36.072Z
sensor.ups_monitor_wh_delivered_this_outage,4.64024925231934,2026-05-06T10:43:41.087Z
sensor.ups_monitor_wh_delivered_this_outage,4.66076135635376,2026-05-06T10:43:46.074Z
sensor.ups_monitor_wh_delivered_this_outage,4.68127155303955,2026-05-06T10:43:51.090Z
sensor.ups_monitor_wh_delivered_this_outage,4.70246124267578,2026-05-06T10:43:56.076Z
sensor.ups_monitor_wh_delivered_this_outage,4.72412157058716,2026-05-06T10:44:01.082Z
sensor.ups_monitor_wh_delivered_this_outage,4.74539089202881,2026-05-06T10:44:06.075Z
sensor.ups_monitor_wh_delivered_this_outage,4.76677560806274,2026-05-06T10:44:11.076Z
sensor.ups_monitor_wh_delivered_this_outage,4.78830480575562,2026-05-06T10:44:16.089Z
sensor.ups_monitor_wh_delivered_this_outage,4.80941915512085,2026-05-06T10:44:21.092Z
sensor.ups_monitor_wh_delivered_this_outage,4.83002471923828,2026-05-06T10:44:26.077Z
sensor.ups_monitor_wh_delivered_this_outage,4.85131311416626,2026-05-06T10:44:31.078Z
sensor.ups_monitor_wh_delivered_this_outage,4.87345743179321,2026-05-06T10:44:36.077Z
sensor.ups_monitor_wh_delivered_this_outage,4.89515972137451,2026-05-06T10:44:41.077Z
sensor.ups_monitor_wh_delivered_this_outage,4.91630792617798,2026-05-06T10:44:46.078Z
sensor.ups_monitor_wh_delivered_this_outage,4.93731117248535,2026-05-06T10:44:51.077Z
sensor.ups_monitor_wh_delivered_this_outage,4.95812368392944,2026-05-06T10:44:56.079Z
sensor.ups_monitor_wh_delivered_this_outage,4.97964429855347,2026-05-06T10:45:01.079Z
sensor.ups_monitor_wh_delivered_this_outage,5.00085306167603,2026-05-06T10:45:06.078Z
sensor.ups_monitor_wh_delivered_this_outage,5.02188014984131,2026-05-06T10:45:11.079Z
sensor.ups_monitor_wh_delivered_this_outage,5.04286909103394,2026-05-06T10:45:16.078Z
sensor.ups_monitor_wh_delivered_this_outage,5.06335592269897,2026-05-06T10:45:21.095Z
sensor.ups_monitor_wh_delivered_this_outage,5.08436965942383,2026-05-06T10:45:26.080Z
sensor.ups_monitor_wh_delivered_this_outage,5.10583353042603,2026-05-06T10:45:31.085Z
sensor.ups_monitor_wh_delivered_this_outage,5.12706708908081,2026-05-06T10:45:36.084Z
sensor.ups_monitor_wh_delivered_this_outage,5.14777612686157,2026-05-06T10:45:41.080Z
sensor.ups_monitor_wh_delivered_this_outage,5.16850137710571,2026-05-06T10:45:46.082Z
sensor.ups_monitor_wh_delivered_this_outage,5.18905353546143,2026-05-06T10:45:51.086Z
sensor.ups_monitor_wh_delivered_this_outage,5.20963382720947,2026-05-06T10:45:56.092Z
sensor.ups_monitor_wh_delivered_this_outage,5.23093748092651,2026-05-06T10:46:01.085Z
sensor.ups_monitor_wh_delivered_this_outage,5.25212574005127,2026-05-06T10:46:06.102Z
sensor.ups_monitor_wh_delivered_this_outage,5.2725977897644,2026-05-06T10:46:11.088Z
sensor.ups_monitor_wh_delivered_this_outage,5.29290008544922,2026-05-06T10:46:16.088Z
sensor.ups_monitor_wh_delivered_this_outage,5.31348323822021,2026-05-06T10:46:21.103Z
sensor.ups_monitor_wh_delivered_this_outage,5.33420467376709,2026-05-06T10:46:26.090Z
sensor.ups_monitor_wh_delivered_this_outage,5.3554835319519,2026-05-06T10:46:31.089Z
sensor.ups_monitor_wh_delivered_this_outage,5.37664461135864,2026-05-06T10:46:36.089Z
sensor.ups_monitor_wh_delivered_this_outage,5.39721441268921,2026-05-06T10:46:41.089Z
sensor.ups_monitor_wh_delivered_this_outage,5.41787576675415,2026-05-06T10:46:46.093Z
sensor.ups_monitor_wh_delivered_this_outage,5.43894481658936,2026-05-06T10:46:51.094Z
sensor.ups_monitor_wh_delivered_this_outage,5.45999956130981,2026-05-06T10:46:56.093Z
sensor.ups_monitor_wh_delivered_this_outage,5.48035526275635,2026-05-06T10:47:01.093Z
sensor.ups_monitor_wh_delivered_this_outage,5.50072431564331,2026-05-06T10:47:06.095Z
sensor.ups_monitor_wh_delivered_this_outage,5.52157402038574,2026-05-06T10:47:11.109Z
sensor.ups_monitor_wh_delivered_this_outage,5.54272747039795,2026-05-06T10:47:16.098Z
sensor.ups_monitor_wh_delivered_this_outage,5.56386852264404,2026-05-06T10:47:21.098Z
sensor.ups_monitor_wh_delivered_this_outage,5.58485651016235,2026-05-06T10:47:26.098Z
sensor.ups_monitor_wh_delivered_this_outage,5.60598278045654,2026-05-06T10:47:31.098Z
sensor.ups_monitor_wh_delivered_this_outage,5.62714862823486,2026-05-06T10:47:36.098Z
sensor.ups_monitor_wh_delivered_this_outage,5.64802551269531,2026-05-06T10:47:41.098Z
sensor.ups_monitor_wh_delivered_this_outage,5.66895914077759,2026-05-06T10:47:46.098Z
sensor.ups_monitor_wh_delivered_this_outage,5.69009113311768,2026-05-06T10:47:51.004Z
sensor.ups_monitor_wh_delivered_this_outage,5.71097993850708,2026-05-06T10:47:56.098Z
sensor.ups_monitor_wh_delivered_this_outage,5.73218250274658,2026-05-06T10:48:01.099Z
sensor.ups_monitor_wh_delivered_this_outage,5.75349092483521,2026-05-06T10:48:06.113Z
sensor.ups_monitor_wh_delivered_this_outage,5.77430820465088,2026-05-06T10:48:11.010Z
sensor.ups_monitor_wh_delivered_this_outage,5.79483938217163,2026-05-06T10:48:16.006Z
sensor.ups_monitor_wh_delivered_this_outage,5.81537246704102,2026-05-06T10:48:21.105Z
sensor.ups_monitor_wh_delivered_this_outage,5.83635139465332,2026-05-06T10:48:26.119Z
sensor.ups_monitor_wh_delivered_this_outage,5.85782861709595,2026-05-06T10:48:31.108Z
sensor.ups_monitor_wh_delivered_this_outage,5.87910938262939,2026-05-06T10:48:36.108Z
sensor.ups_monitor_wh_delivered_this_outage,5.8998384475708,2026-05-06T10:48:41.108Z
sensor.ups_monitor_wh_delivered_this_outage,5.92063474655151,2026-05-06T10:48:46.108Z
sensor.ups_monitor_wh_delivered_this_outage,5.9419903755188,2026-05-06T10:48:51.112Z
sensor.ups_monitor_wh_delivered_this_outage,5.96307611465454,2026-05-06T10:48:56.018Z
sensor.ups_monitor_wh_delivered_this_outage,5.98351144790649,2026-05-06T10:49:01.113Z
sensor.ups_monitor_wh_delivered_this_outage,6.00409460067749,2026-05-06T10:49:06.115Z
sensor.ups_monitor_wh_delivered_this_outage,6.02515745162964,2026-05-06T10:49:11.021Z
sensor.ups_monitor_wh_delivered_this_outage,6.04664850234985,2026-05-06T10:49:16.116Z
sensor.ups_monitor_wh_delivered_this_outage,6.0678768157959,2026-05-06T10:49:21.116Z
sensor.ups_monitor_wh_delivered_this_outage,6.08881044387817,2026-05-06T10:49:26.131Z
sensor.ups_monitor_wh_delivered_this_outage,6.10947799682617,2026-05-06T10:49:31.118Z
sensor.ups_monitor_wh_delivered_this_outage,6.1303277015686,2026-05-06T10:49:36.118Z
sensor.ups_monitor_wh_delivered_this_outage,6.15175771713257,2026-05-06T10:49:41.121Z
sensor.ups_monitor_wh_delivered_this_outage,6.17327213287354,2026-05-06T10:49:46.028Z
sensor.ups_monitor_wh_delivered_this_outage,6.19458150863647,2026-05-06T10:49:51.125Z
sensor.ups_monitor_wh_delivered_this_outage,6.21579647064209,2026-05-06T10:49:56.140Z
sensor.ups_monitor_wh_delivered_this_outage,6.23709344863892,2026-05-06T10:50:01.133Z
sensor.ups_monitor_wh_delivered_this_outage,6.25777816772461,2026-05-06T10:50:06.147Z
sensor.ups_monitor_wh_delivered_this_outage,6.27853012084961,2026-05-06T10:50:11.147Z
sensor.ups_monitor_wh_delivered_this_outage,6.2993335723877,2026-05-06T10:50:16.135Z
sensor.ups_monitor_wh_delivered_this_outage,6.3198390007019,2026-05-06T10:50:21.148Z
sensor.ups_monitor_wh_delivered_this_outage,6.34053134918213,2026-05-06T10:50:26.137Z
sensor.ups_monitor_wh_delivered_this_outage,6.36177539825439,2026-05-06T10:50:31.136Z
sensor.ups_monitor_wh_delivered_this_outage,6.38359069824219,2026-05-06T10:50:36.136Z
sensor.ups_monitor_wh_delivered_this_outage,6.40540027618408,2026-05-06T10:50:41.136Z
sensor.ups_monitor_wh_delivered_this_outage,6.42674541473389,2026-05-06T10:50:46.136Z
sensor.ups_monitor_wh_delivered_this_outage,6.44786834716797,2026-05-06T10:50:51.139Z
sensor.ups_monitor_wh_delivered_this_outage,6.46936464309692,2026-05-06T10:50:56.139Z
sensor.ups_monitor_wh_delivered_this_outage,6.49088525772095,2026-05-06T10:51:01.140Z
sensor.ups_monitor_wh_delivered_this_outage,6.51191806793213,2026-05-06T10:51:06.139Z
sensor.ups_monitor_wh_delivered_this_outage,6.53250312805176,2026-05-06T10:51:11.139Z
sensor.ups_monitor_wh_delivered_this_outage,6.55401515960693,2026-05-06T10:51:16.139Z
sensor.ups_monitor_wh_delivered_this_outage,6.57585334777832,2026-05-06T10:51:21.140Z
sensor.ups_monitor_wh_delivered_this_outage,6.59665632247925,2026-05-06T10:51:26.141Z
sensor.ups_monitor_wh_delivered_this_outage,6.61714839935303,2026-05-06T10:51:31.154Z
sensor.ups_monitor_wh_delivered_this_outage,6.63783645629883,2026-05-06T10:51:36.142Z
sensor.ups_monitor_wh_delivered_this_outage,6.65838479995728,2026-05-06T10:51:41.147Z
sensor.ups_monitor_wh_delivered_this_outage,6.67907905578613,2026-05-06T10:51:46.147Z
sensor.ups_monitor_wh_delivered_this_outage,6.70022249221802,2026-05-06T10:51:51.148Z
sensor.ups_monitor_wh_delivered_this_outage,6.72146034240723,2026-05-06T10:51:56.148Z
sensor.ups_monitor_wh_delivered_this_outage,6.74267816543579,2026-05-06T10:52:01.151Z
sensor.ups_monitor_wh_delivered_this_outage,6.76410722732544,2026-05-06T10:52:06.151Z
sensor.ups_monitor_wh_delivered_this_outage,6.78514719009399,2026-05-06T10:52:11.151Z
sensor.ups_monitor_wh_delivered_this_outage,6.80572605133057,2026-05-06T10:52:16.153Z
sensor.ups_monitor_wh_delivered_this_outage,6.82649803161621,2026-05-06T10:52:21.153Z
sensor.ups_monitor_wh_delivered_this_outage,6.84748697280884,2026-05-06T10:52:26.153Z
sensor.ups_monitor_wh_delivered_this_outage,6.86863851547241,2026-05-06T10:52:31.155Z
sensor.ups_monitor_wh_delivered_this_outage,6.88961887359619,2026-05-06T10:52:36.154Z
sensor.ups_monitor_wh_delivered_this_outage,6.91051530838013,2026-05-06T10:52:41.155Z
sensor.ups_monitor_wh_delivered_this_outage,6.93136835098267,2026-05-06T10:52:46.156Z
sensor.ups_monitor_wh_delivered_this_outage,6.95194053649902,2026-05-06T10:52:51.156Z
sensor.ups_monitor_wh_delivered_this_outage,6.97277784347534,2026-05-06T10:52:56.156Z
sensor.ups_monitor_wh_delivered_this_outage,6.99385643005371,2026-05-06T10:53:01.156Z
sensor.ups_monitor_wh_delivered_this_outage,7.01545667648315,2026-05-06T10:53:06.157Z
sensor.ups_monitor_wh_delivered_this_outage,7.03692388534546,2026-05-06T10:53:11.158Z
sensor.ups_monitor_wh_delivered_this_outage,7.05770349502563,2026-05-06T10:53:16.157Z
sensor.ups_monitor_wh_delivered_this_outage,7.07848882675171,2026-05-06T10:53:21.158Z
sensor.ups_monitor_wh_delivered_this_outage,7.09915351867676,2026-05-06T10:53:26.158Z
sensor.ups_monitor_wh_delivered_this_outage,7.12028169631958,2026-05-06T10:53:31.158Z
sensor.ups_monitor_wh_delivered_this_outage,7.14165115356445,2026-05-06T10:53:36.157Z
sensor.ups_monitor_wh_delivered_this_outage,7.16288900375366,2026-05-06T10:53:41.162Z
sensor.ups_monitor_wh_delivered_this_outage,7.18378877639771,2026-05-06T10:53:46.177Z
sensor.ups_monitor_wh_delivered_this_outage,7.20461940765381,2026-05-06T10:53:51.165Z
sensor.ups_monitor_wh_delivered_this_outage,7.22568321228027,2026-05-06T10:53:56.164Z
sensor.ups_monitor_wh_delivered_this_outage,7.24690771102905,2026-05-06T10:54:01.165Z
sensor.ups_monitor_wh_delivered_this_outage,7.26762628555298,2026-05-06T10:54:06.164Z
sensor.ups_monitor_wh_delivered_this_outage,7.28832864761353,2026-05-06T10:54:11.167Z
sensor.ups_monitor_wh_delivered_this_outage,7.30908918380737,2026-05-06T10:54:16.180Z
sensor.ups_monitor_wh_delivered_this_outage,7.32986974716187,2026-05-06T10:54:21.170Z
sensor.ups_monitor_wh_delivered_this_outage,7.35098075866699,2026-05-06T10:54:26.171Z
sensor.ups_monitor_wh_delivered_this_outage,7.37197971343994,2026-05-06T10:54:31.174Z
sensor.ups_monitor_wh_delivered_this_outage,7.392906665802,2026-05-06T10:54:36.174Z
sensor.ups_monitor_wh_delivered_this_outage,7.4139723777771,2026-05-06T10:54:41.178Z
sensor.ups_monitor_wh_delivered_this_outage,7.43493509292603,2026-05-06T10:54:46.179Z
sensor.ups_monitor_wh_delivered_this_outage,7.45550155639648,2026-05-06T10:54:51.193Z
sensor.ups_monitor_wh_delivered_this_outage,7.47610521316528,2026-05-06T10:54:56.195Z
sensor.ups_monitor_wh_delivered_this_outage,7.4968523979187,2026-05-06T10:55:01.181Z
sensor.ups_monitor_wh_delivered_this_outage,7.51765918731689,2026-05-06T10:55:06.195Z
sensor.ups_monitor_wh_delivered_this_outage,7.53889751434326,2026-05-06T10:55:11.184Z
sensor.ups_monitor_wh_delivered_this_outage,7.56019401550293,2026-05-06T10:55:16.183Z
sensor.ups_monitor_wh_delivered_this_outage,7.58134984970093,2026-05-06T10:55:21.185Z
sensor.ups_monitor_wh_delivered_this_outage,7.60209941864014,2026-05-06T10:55:26.185Z
sensor.ups_monitor_wh_delivered_this_outage,7.62242364883423,2026-05-06T10:55:31.185Z
sensor.ups_monitor_wh_delivered_this_outage,7.64307165145874,2026-05-06T10:55:36.185Z
sensor.ups_monitor_wh_delivered_this_outage,7.66461610794067,2026-05-06T10:55:41.187Z
sensor.ups_monitor_wh_delivered_this_outage,7.68666744232178,2026-05-06T10:55:46.187Z
sensor.ups_monitor_wh_delivered_this_outage,7.70764970779419,2026-05-06T10:55:51.201Z
sensor.ups_monitor_wh_delivered_this_outage,7.72834348678589,2026-05-06T10:55:56.203Z
sensor.ups_monitor_wh_delivered_this_outage,7.74955320358276,2026-05-06T10:56:01.205Z
sensor.ups_monitor_wh_delivered_this_outage,7.77047681808472,2026-05-06T10:56:06.192Z
sensor.ups_monitor_wh_delivered_this_outage,7.79087686538696,2026-05-06T10:56:11.192Z
sensor.ups_monitor_wh_delivered_this_outage,7.81104183197021,2026-05-06T10:56:16.192Z
sensor.ups_monitor_wh_delivered_this_outage,7.83207845687866,2026-05-06T10:56:21.193Z
sensor.ups_monitor_wh_delivered_this_outage,7.8533878326416,2026-05-06T10:56:26.205Z
sensor.ups_monitor_wh_delivered_this_outage,7.87393188476562,2026-05-06T10:56:31.192Z
sensor.ups_monitor_wh_delivered_this_outage,7.89449501037598,2026-05-06T10:56:36.193Z
sensor.ups_monitor_wh_delivered_this_outage,7.91594791412354,2026-05-06T10:56:41.192Z
sensor.ups_monitor_wh_delivered_this_outage,7.93741989135742,2026-05-06T10:56:46.192Z
sensor.ups_monitor_wh_delivered_this_outage,7.95835399627686,2026-05-06T10:56:51.192Z
sensor.ups_monitor_wh_delivered_this_outage,7.9790506362915,2026-05-06T10:56:56.193Z
sensor.ups_monitor_wh_delivered_this_outage,7.99983310699463,2026-05-06T10:57:01.192Z
sensor.ups_monitor_wh_delivered_this_outage,8.02127361297607,2026-05-06T10:57:06.194Z
sensor.ups_monitor_wh_delivered_this_outage,8.04250812530518,2026-05-06T10:57:11.207Z
sensor.ups_monitor_wh_delivered_this_outage,8.06328773498535,2026-05-06T10:57:16.193Z
sensor.ups_monitor_wh_delivered_this_outage,8.08441543579102,2026-05-06T10:57:21.193Z
sensor.ups_monitor_wh_delivered_this_outage,8.10591316223145,2026-05-06T10:57:26.194Z
sensor.ups_monitor_wh_delivered_this_outage,8.12669944763184,2026-05-06T10:57:31.194Z
sensor.ups_monitor_wh_delivered_this_outage,8.14693450927734,2026-05-06T10:57:36.193Z
sensor.ups_monitor_wh_delivered_this_outage,8.16744613647461,2026-05-06T10:57:41.194Z
sensor.ups_monitor_wh_delivered_this_outage,8.18811130523682,2026-05-06T10:57:46.194Z
sensor.ups_monitor_wh_delivered_this_outage,8.20865345001221,2026-05-06T10:57:51.194Z
sensor.ups_monitor_wh_delivered_this_outage,8.22908496856689,2026-05-06T10:57:56.194Z
sensor.ups_monitor_wh_delivered_this_outage,8.24960803985596,2026-05-06T10:58:01.194Z
sensor.ups_monitor_wh_delivered_this_outage,8.27117729187012,2026-05-06T10:58:06.194Z
sensor.ups_monitor_wh_delivered_this_outage,8.29291915893555,2026-05-06T10:58:11.194Z
sensor.ups_monitor_wh_delivered_this_outage,8.31375694274902,2026-05-06T10:58:16.196Z
sensor.ups_monitor_wh_delivered_this_outage,8.33444595336914,2026-05-06T10:58:21.194Z
sensor.ups_monitor_wh_delivered_this_outage,8.35550689697266,2026-05-06T10:58:26.194Z
sensor.ups_monitor_wh_delivered_this_outage,8.37637901306152,2026-05-06T10:58:31.193Z
sensor.ups_monitor_wh_delivered_this_outage,8.39667510986328,2026-05-06T10:58:36.208Z
sensor.ups_monitor_wh_delivered_this_outage,8.41750335693359,2026-05-06T10:58:41.099Z
sensor.ups_monitor_wh_delivered_this_outage,8.43822574615479,2026-05-06T10:58:46.194Z
sensor.ups_monitor_wh_delivered_this_outage,8.45875930786133,2026-05-06T10:58:51.209Z
sensor.ups_monitor_wh_delivered_this_outage,8.47953319549561,2026-05-06T10:58:56.210Z
sensor.ups_monitor_wh_delivered_this_outage,8.50050163269043,2026-05-06T10:59:01.198Z
sensor.ups_monitor_wh_delivered_this_outage,8.52158737182617,2026-05-06T10:59:06.197Z
sensor.ups_monitor_wh_delivered_this_outage,8.54233169555664,2026-05-06T10:59:11.211Z
sensor.ups_monitor_wh_delivered_this_outage,8.56302070617676,2026-05-06T10:59:16.201Z
sensor.ups_monitor_wh_delivered_this_outage,8.58383464813232,2026-05-06T10:59:21.200Z
sensor.ups_monitor_wh_delivered_this_outage,8.60487651824951,2026-05-06T10:59:26.214Z
sensor.ups_monitor_wh_delivered_this_outage,8.62615489959717,2026-05-06T10:59:31.217Z
sensor.ups_monitor_wh_delivered_this_outage,8.64757919311523,2026-05-06T10:59:36.204Z
sensor.ups_monitor_wh_delivered_this_outage,8.66862869262695,2026-05-06T10:59:41.203Z
sensor.ups_monitor_wh_delivered_this_outage,8.6893310546875,2026-05-06T10:59:46.204Z
sensor.ups_monitor_wh_delivered_this_outage,8.70979309082031,2026-05-06T10:59:51.218Z
sensor.ups_monitor_wh_delivered_this_outage,8.73040866851807,2026-05-06T10:59:56.220Z
sensor.ups_monitor_wh_delivered_this_outage,8.75136947631836,2026-05-06T11:00:01.208Z
sensor.ups_monitor_wh_delivered_this_outage,8.77217674255371,2026-05-06T11:00:06.213Z
sensor.ups_monitor_wh_delivered_this_outage,8.7932825088501,2026-05-06T11:00:11.219Z
sensor.ups_monitor_wh_delivered_this_outage,8.81404972076416,2026-05-06T11:00:16.216Z
sensor.ups_monitor_wh_delivered_this_outage,8.83455944061279,2026-05-06T11:00:21.218Z
sensor.ups_monitor_wh_delivered_this_outage,8.85538101196289,2026-05-06T11:00:26.232Z
sensor.ups_monitor_wh_delivered_this_outage,8.87604236602783,2026-05-06T11:00:31.219Z
sensor.ups_monitor_wh_delivered_this_outage,8.89682292938232,2026-05-06T11:00:36.218Z
sensor.ups_monitor_wh_delivered_this_outage,8.9177885055542,2026-05-06T11:00:41.222Z
sensor.ups_monitor_wh_delivered_this_outage,8.93936538696289,2026-05-06T11:00:46.221Z
sensor.ups_monitor_wh_delivered_this_outage,8.96052837371826,2026-05-06T11:00:51.225Z
sensor.ups_monitor_wh_delivered_this_outage,8.98109149932861,2026-05-06T11:00:56.241Z
sensor.ups_monitor_wh_delivered_this_outage,9.00222492218018,2026-05-06T11:01:01.242Z
sensor.ups_monitor_wh_delivered_this_outage,9.02317905426025,2026-05-06T11:01:06.231Z
sensor.ups_monitor_wh_delivered_this_outage,9.04381370544434,2026-05-06T11:01:11.136Z
sensor.ups_monitor_wh_delivered_this_outage,9.06425285339355,2026-05-06T11:01:16.230Z
sensor.ups_monitor_wh_delivered_this_outage,9.08463573455811,2026-05-06T11:01:21.231Z
sensor.ups_monitor_wh_delivered_this_outage,9.10522651672363,2026-05-06T11:01:26.231Z
sensor.ups_monitor_wh_delivered_this_outage,9.12656021118164,2026-05-06T11:01:31.239Z
sensor.ups_monitor_wh_delivered_this_outage,9.14777755737305,2026-05-06T11:01:36.234Z
sensor.ups_monitor_wh_delivered_this_outage,9.16829586029053,2026-05-06T11:01:41.248Z
sensor.ups_monitor_wh_delivered_this_outage,9.18942451477051,2026-05-06T11:01:46.235Z
sensor.ups_monitor_wh_delivered_this_outage,9.21070575714111,2026-05-06T11:01:51.234Z
sensor.ups_monitor_wh_delivered_this_outage,9.2316312789917,2026-05-06T11:01:56.140Z
sensor.ups_monitor_wh_delivered_this_outage,9.25252914428711,2026-05-06T11:02:01.234Z
sensor.ups_monitor_wh_delivered_this_outage,9.2731466293335,2026-05-06T11:02:06.236Z
sensor.ups_monitor_wh_delivered_this_outage,9.29367065429688,2026-05-06T11:02:11.239Z
sensor.ups_monitor_wh_delivered_this_outage,9.31460571289062,2026-05-06T11:02:16.238Z
sensor.ups_monitor_wh_delivered_this_outage,9.33520126342773,2026-05-06T11:02:21.238Z
sensor.ups_monitor_wh_delivered_this_outage,9.35524272918701,2026-05-06T11:02:26.145Z
sensor.ups_monitor_wh_delivered_this_outage,9.37556457519531,2026-05-06T11:02:31.241Z
sensor.ups_monitor_wh_delivered_this_outage,9.39591026306152,2026-05-06T11:02:36.241Z
sensor.ups_monitor_wh_delivered_this_outage,9.416184425354,2026-05-06T11:02:41.151Z
sensor.ups_monitor_wh_delivered_this_outage,9.43650245666504,2026-05-06T11:02:46.241Z
sensor.ups_monitor_wh_delivered_this_outage,9.45706462860107,2026-05-06T11:02:51.242Z
sensor.ups_monitor_wh_delivered_this_outage,9.4775915145874,2026-05-06T11:02:56.247Z
sensor.ups_monitor_wh_delivered_this_outage,9.49770927429199,2026-05-06T11:03:01.261Z
sensor.ups_monitor_wh_delivered_this_outage,9.51816844940186,2026-05-06T11:03:06.251Z
sensor.ups_monitor_wh_delivered_this_outage,9.53890323638916,2026-05-06T11:03:11.255Z
sensor.ups_monitor_wh_delivered_this_outage,9.55980014801025,2026-05-06T11:03:16.255Z
sensor.ups_monitor_wh_delivered_this_outage,9.58046436309814,2026-05-06T11:03:21.268Z
sensor.ups_monitor_wh_delivered_this_outage,9.60104846954346,2026-05-06T11:03:26.269Z
sensor.ups_monitor_wh_delivered_this_outage,9.62189388275146,2026-05-06T11:03:31.256Z
sensor.ups_monitor_wh_delivered_this_outage,9.6425085067749,2026-05-06T11:03:36.257Z
sensor.ups_monitor_wh_delivered_this_outage,9.66319370269775,2026-05-06T11:03:41.258Z
sensor.ups_monitor_wh_delivered_this_outage,9.68423175811768,2026-05-06T11:03:46.265Z
sensor.ups_monitor_wh_delivered_this_outage,9.70646476745605,2026-05-06T11:03:51.265Z
sensor.ups_monitor_wh_delivered_this_outage,9.72900390625,2026-05-06T11:03:56.273Z
sensor.ups_monitor_wh_delivered_this_outage,9.75054454803467,2026-05-06T11:04:01.263Z
sensor.ups_monitor_wh_delivered_this_outage,9.77169513702393,2026-05-06T11:04:06.258Z
sensor.ups_monitor_wh_delivered_this_outage,9.79325103759766,2026-05-06T11:04:11.260Z
sensor.ups_monitor_wh_delivered_this_outage,9.81500816345215,2026-05-06T11:04:16.259Z
sensor.ups_monitor_wh_delivered_this_outage,9.83667373657227,2026-05-06T11:04:21.268Z
sensor.ups_monitor_wh_delivered_this_outage,9.85803318023682,2026-05-06T11:04:26.264Z
sensor.ups_monitor_wh_delivered_this_outage,9.87930965423584,2026-05-06T11:04:31.272Z
sensor.ups_monitor_wh_delivered_this_outage,9.90158367156982,2026-05-06T11:04:36.275Z
sensor.ups_monitor_wh_delivered_this_outage,9.92351531982422,2026-05-06T11:04:41.260Z
sensor.ups_monitor_wh_delivered_this_outage,9.94527435302734,2026-05-06T11:04:46.280Z
sensor.ups_monitor_wh_delivered_this_outage,9.96746635437012,2026-05-06T11:04:51.261Z
sensor.ups_monitor_wh_delivered_this_outage,9.98948001861572,2026-05-06T11:04:56.276Z
sensor.ups_monitor_wh_delivered_this_outage,10.0114259719849,2026-05-06T11:05:01.265Z
sensor.ups_monitor_wh_delivered_this_outage,10.03284740448,2026-05-06T11:05:06.298Z
sensor.ups_monitor_wh_delivered_this_outage,10.054967880249,2026-05-06T11:05:11.889Z
sensor.ups_monitor_wh_delivered_this_outage,10.0775318145752,2026-05-06T11:05:16.277Z
sensor.ups_monitor_wh_delivered_this_outage,10.0990877151489,2026-05-06T11:05:21.273Z
sensor.ups_monitor_wh_delivered_this_outage,10.1200523376465,2026-05-06T11:05:26.276Z
sensor.ups_monitor_wh_delivered_this_outage,10.1411066055298,2026-05-06T11:05:31.263Z
sensor.ups_monitor_wh_delivered_this_outage,10.1624794006348,2026-05-06T11:05:36.276Z
sensor.ups_monitor_wh_delivered_this_outage,10.1840581893921,2026-05-06T11:05:41.263Z
sensor.ups_monitor_wh_delivered_this_outage,10.2055168151855,2026-05-06T11:05:46.263Z
sensor.ups_monitor_wh_delivered_this_outage,10.2264585494995,2026-05-06T11:05:51.263Z
sensor.ups_monitor_wh_delivered_this_outage,10.2475776672363,2026-05-06T11:05:56.263Z
sensor.ups_monitor_wh_delivered_this_outage,10.268723487854,2026-05-06T11:06:01.263Z
sensor.ups_monitor_wh_delivered_this_outage,10.2893629074097,2026-05-06T11:06:06.263Z
sensor.ups_monitor_wh_delivered_this_outage,10.3100337982178,2026-05-06T11:06:11.266Z
sensor.ups_monitor_wh_delivered_this_outage,10.330940246582,2026-05-06T11:06:16.267Z
sensor.ups_monitor_wh_delivered_this_outage,10.3516540527344,2026-05-06T11:06:21.270Z
sensor.ups_monitor_wh_delivered_this_outage,10.3723459243774,2026-05-06T11:06:26.175Z
sensor.ups_monitor_wh_delivered_this_outage,10.3931150436401,2026-05-06T11:06:31.275Z
sensor.ups_monitor_wh_delivered_this_outage,10.4141941070557,2026-05-06T11:06:36.284Z
sensor.ups_monitor_wh_delivered_this_outage,10.4353427886963,2026-05-06T11:06:41.285Z
sensor.ups_monitor_wh_delivered_this_outage,10.4561452865601,2026-05-06T11:06:46.287Z
sensor.ups_monitor_wh_delivered_this_outage,10.477108001709,2026-05-06T11:06:51.272Z
sensor.ups_monitor_wh_delivered_this_outage,10.4980888366699,2026-05-06T11:06:56.271Z
sensor.ups_monitor_wh_delivered_this_outage,10.5188703536987,2026-05-06T11:07:01.272Z
sensor.ups_monitor_wh_delivered_this_outage,10.5397491455078,2026-05-06T11:07:06.178Z
sensor.ups_monitor_wh_delivered_this_outage,10.5606422424316,2026-05-06T11:07:11.276Z
sensor.ups_monitor_wh_delivered_this_outage,10.5815858840942,2026-05-06T11:07:16.290Z
sensor.ups_monitor_wh_delivered_this_outage,10.6029949188232,2026-05-06T11:07:21.278Z
sensor.ups_monitor_wh_delivered_this_outage,10.6239213943481,2026-05-06T11:07:26.292Z
sensor.ups_monitor_wh_delivered_this_outage,10.6442470550537,2026-05-06T11:07:31.279Z
sensor.ups_monitor_wh_delivered_this_outage,10.6646671295166,2026-05-06T11:07:36.292Z
sensor.ups_monitor_wh_delivered_this_outage,10.6854019165039,2026-05-06T11:07:41.279Z
sensor.ups_monitor_wh_delivered_this_outage,10.7062015533447,2026-05-06T11:07:46.282Z
sensor.ups_monitor_wh_delivered_this_outage,10.7269563674927,2026-05-06T11:07:51.279Z
sensor.ups_monitor_wh_delivered_this_outage,10.7487697601318,2026-05-06T11:07:56.282Z
sensor.ups_monitor_wh_delivered_this_outage,10.7707929611206,2026-05-06T11:08:01.282Z
sensor.ups_monitor_wh_delivered_this_outage,10.7920598983765,2026-05-06T11:08:06.282Z
sensor.ups_monitor_wh_delivered_this_outage,10.8127508163452,2026-05-06T11:08:11.189Z
sensor.ups_monitor_wh_delivered_this_outage,10.8330574035645,2026-05-06T11:08:16.282Z
sensor.ups_monitor_wh_delivered_this_outage,10.8539047241211,2026-05-06T11:08:21.282Z
sensor.ups_monitor_wh_delivered_this_outage,10.8746862411499,2026-05-06T11:08:26.296Z
sensor.ups_monitor_wh_delivered_this_outage,10.8952941894531,2026-05-06T11:08:31.283Z
sensor.ups_monitor_wh_delivered_this_outage,10.9157733917236,2026-05-06T11:08:36.295Z
sensor.ups_monitor_wh_delivered_this_outage,10.9364471435547,2026-05-06T11:08:41.283Z
sensor.ups_monitor_wh_delivered_this_outage,10.9573020935059,2026-05-06T11:08:46.282Z
sensor.ups_monitor_wh_delivered_this_outage,10.9777498245239,2026-05-06T11:08:51.282Z
sensor.ups_monitor_wh_delivered_this_outage,10.9983940124512,2026-05-06T11:08:56.296Z
sensor.ups_monitor_wh_delivered_this_outage,11.0193300247192,2026-05-06T11:09:01.282Z
sensor.ups_monitor_wh_delivered_this_outage,11.0401029586792,2026-05-06T11:09:06.297Z
sensor.ups_monitor_wh_delivered_this_outage,11.0609016418457,2026-05-06T11:09:11.283Z
sensor.ups_monitor_wh_delivered_this_outage,11.0821304321289,2026-05-06T11:09:16.284Z
sensor.ups_monitor_wh_delivered_this_outage,11.1033716201782,2026-05-06T11:09:21.298Z
sensor.ups_monitor_wh_delivered_this_outage,11.1241035461426,2026-05-06T11:09:26.286Z
sensor.ups_monitor_wh_delivered_this_outage,11.1450433731079,2026-05-06T11:09:31.285Z
sensor.ups_monitor_wh_delivered_this_outage,11.166166305542,2026-05-06T11:09:36.285Z
sensor.ups_monitor_wh_delivered_this_outage,11.1870136260986,2026-05-06T11:09:41.287Z
sensor.ups_monitor_wh_delivered_this_outage,11.2077331542969,2026-05-06T11:09:46.286Z
sensor.ups_monitor_wh_delivered_this_outage,11.2284526824951,2026-05-06T11:09:51.287Z
sensor.ups_monitor_wh_delivered_this_outage,11.2490758895874,2026-05-06T11:09:56.301Z
sensor.ups_monitor_wh_delivered_this_outage,11.2695837020874,2026-05-06T11:10:01.302Z
sensor.ups_monitor_wh_delivered_this_outage,11.2901153564453,2026-05-06T11:10:06.303Z
sensor.ups_monitor_wh_delivered_this_outage,11.3107395172119,2026-05-06T11:10:11.196Z
sensor.ups_monitor_wh_delivered_this_outage,11.3312978744507,2026-05-06T11:10:16.306Z
sensor.ups_monitor_wh_delivered_this_outage,11.3517913818359,2026-05-06T11:10:21.291Z
sensor.ups_monitor_wh_delivered_this_outage,11.3724050521851,2026-05-06T11:10:26.295Z
sensor.ups_monitor_wh_delivered_this_outage,11.392614364624,2026-05-06T11:10:31.295Z
sensor.ups_monitor_wh_delivered_this_outage,11.4127721786499,2026-05-06T11:10:36.296Z
sensor.ups_monitor_wh_delivered_this_outage,11.4338617324829,2026-05-06T11:10:41.298Z
sensor.ups_monitor_wh_delivered_this_outage,11.4550676345825,2026-05-06T11:10:46.298Z
sensor.ups_monitor_wh_delivered_this_outage,11.4760456085205,2026-05-06T11:10:51.300Z
sensor.ups_monitor_wh_delivered_this_outage,11.4971656799316,2026-05-06T11:10:56.301Z
sensor.ups_monitor_wh_delivered_this_outage,11.5179920196533,2026-05-06T11:11:01.317Z
sensor.ups_monitor_wh_delivered_this_outage,11.5387830734253,2026-05-06T11:11:06.303Z
sensor.ups_monitor_wh_delivered_this_outage,11.5594444274902,2026-05-06T11:11:11.209Z
sensor.ups_monitor_wh_delivered_this_outage,11.5798978805542,2026-05-06T11:11:16.304Z
sensor.ups_monitor_wh_delivered_this_outage,11.6002645492554,2026-05-06T11:11:21.306Z
sensor.ups_monitor_wh_delivered_this_outage,11.6217288970947,2026-05-06T11:11:26.307Z
sensor.ups_monitor_wh_delivered_this_outage,11.6436033248901,2026-05-06T11:11:31.319Z
sensor.ups_monitor_wh_delivered_this_outage,11.665246963501,2026-05-06T11:11:36.306Z
sensor.ups_monitor_wh_delivered_this_outage,11.6865825653076,2026-05-06T11:11:41.323Z
sensor.ups_monitor_wh_delivered_this_outage,11.7072696685791,2026-05-06T11:11:46.306Z
sensor.ups_monitor_wh_delivered_this_outage,11.7286396026611,2026-05-06T11:11:51.307Z
sensor.ups_monitor_wh_delivered_this_outage,11.7499513626099,2026-05-06T11:11:56.308Z
sensor.ups_monitor_wh_delivered_this_outage,11.7705736160278,2026-05-06T11:12:01.324Z
sensor.ups_monitor_wh_delivered_this_outage,11.7912015914917,2026-05-06T11:12:06.307Z
sensor.ups_monitor_wh_delivered_this_outage,11.8117027282715,2026-05-06T11:12:11.308Z
sensor.ups_monitor_wh_delivered_this_outage,11.831919670105,2026-05-06T11:12:16.323Z
sensor.ups_monitor_wh_delivered_this_outage,11.8524990081787,2026-05-06T11:12:21.309Z
sensor.ups_monitor_wh_delivered_this_outage,11.8743562698364,2026-05-06T11:12:26.309Z
sensor.ups_monitor_wh_delivered_this_outage,11.8966407775879,2026-05-06T11:12:31.311Z
sensor.ups_monitor_wh_delivered_this_outage,11.9176540374756,2026-05-06T11:12:36.323Z
sensor.ups_monitor_wh_delivered_this_outage,11.9383745193481,2026-05-06T11:12:41.310Z
sensor.ups_monitor_wh_delivered_this_outage,11.9591941833496,2026-05-06T11:12:46.313Z
sensor.ups_monitor_wh_delivered_this_outage,11.9798946380615,2026-05-06T11:12:51.329Z
sensor.ups_monitor_wh_delivered_this_outage,12.000825881958,2026-05-06T11:12:56.316Z
sensor.ups_monitor_wh_delivered_this_outage,12.0215139389038,2026-05-06T11:13:01.316Z
sensor.ups_monitor_wh_delivered_this_outage,12.0422430038452,2026-05-06T11:13:06.316Z
sensor.ups_monitor_wh_delivered_this_outage,12.0633573532104,2026-05-06T11:13:11.328Z
sensor.ups_monitor_wh_delivered_this_outage,12.0840950012207,2026-05-06T11:13:16.331Z
sensor.ups_monitor_wh_delivered_this_outage,12.1043815612793,2026-05-06T11:13:21.317Z
sensor.ups_monitor_wh_delivered_this_outage,12.1250505447388,2026-05-06T11:13:26.317Z
sensor.ups_monitor_wh_delivered_this_outage,12.146484375,2026-05-06T11:13:31.317Z
sensor.ups_monitor_wh_delivered_this_outage,12.1678152084351,2026-05-06T11:13:36.332Z
sensor.ups_monitor_wh_delivered_this_outage,12.1887540817261,2026-05-06T11:13:41.318Z
sensor.ups_monitor_wh_delivered_this_outage,12.2095890045166,2026-05-06T11:13:46.312Z
sensor.ups_monitor_wh_delivered_this_outage,12.2302627563477,2026-05-06T11:13:51.321Z
sensor.ups_monitor_wh_delivered_this_outage,12.2511224746704,2026-05-06T11:13:56.322Z
sensor.ups_monitor_wh_delivered_this_outage,12.2722291946411,2026-05-06T11:14:01.322Z
sensor.ups_monitor_wh_delivered_this_outage,12.2931118011475,2026-05-06T11:14:06.324Z
sensor.ups_monitor_wh_delivered_this_outage,12.3138904571533,2026-05-06T11:14:11.323Z
sensor.ups_monitor_wh_delivered_this_outage,12.3348999023438,2026-05-06T11:14:16.317Z
sensor.ups_monitor_wh_delivered_this_outage,12.3556518554688,2026-05-06T11:14:21.326Z
sensor.ups_monitor_wh_delivered_this_outage,12.3761548995972,2026-05-06T11:14:26.329Z
sensor.ups_monitor_wh_delivered_this_outage,12.3966646194458,2026-05-06T11:14:31.323Z
sensor.ups_monitor_wh_delivered_this_outage,12.4176063537598,2026-05-06T11:14:36.332Z
sensor.ups_monitor_wh_delivered_this_outage,12.4385557174683,2026-05-06T11:14:41.334Z
sensor.ups_monitor_wh_delivered_this_outage,12.4596500396729,2026-05-06T11:14:46.329Z
sensor.ups_monitor_wh_delivered_this_outage,12.4808797836304,2026-05-06T11:14:51.338Z
sensor.ups_monitor_wh_delivered_this_outage,12.5020446777344,2026-05-06T11:14:56.352Z
sensor.ups_monitor_wh_delivered_this_outage,12.5230960845947,2026-05-06T11:15:01.338Z
sensor.ups_monitor_wh_delivered_this_outage,12.5439577102661,2026-05-06T11:15:06.344Z
sensor.ups_monitor_wh_delivered_this_outage,12.5648393630981,2026-05-06T11:15:11.338Z
sensor.ups_monitor_wh_delivered_this_outage,12.5854635238647,2026-05-06T11:15:16.331Z
sensor.ups_monitor_wh_delivered_this_outage,12.606743812561,2026-05-06T11:15:21.341Z
sensor.ups_monitor_wh_delivered_this_outage,12.6280145645142,2026-05-06T11:15:26.340Z
sensor.ups_monitor_wh_delivered_this_outage,12.6485996246338,2026-05-06T11:15:31.355Z
sensor.ups_monitor_wh_delivered_this_outage,12.6695461273193,2026-05-06T11:15:36.342Z
sensor.ups_monitor_wh_delivered_this_outage,12.6905784606934,2026-05-06T11:15:41.341Z
sensor.ups_monitor_wh_delivered_this_outage,12.711124420166,2026-05-06T11:15:46.343Z
sensor.ups_monitor_wh_delivered_this_outage,12.7315807342529,2026-05-06T11:15:51.358Z
sensor.ups_monitor_wh_delivered_this_outage,12.7526521682739,2026-05-06T11:15:56.344Z
sensor.ups_monitor_wh_delivered_this_outage,12.7742099761963,2026-05-06T11:16:01.354Z
sensor.ups_monitor_wh_delivered_this_outage,12.7953081130981,2026-05-06T11:16:06.354Z
sensor.ups_monitor_wh_delivered_this_outage,12.8163146972656,2026-05-06T11:16:11.253Z
sensor.ups_monitor_wh_delivered_this_outage,12.8373641967773,2026-05-06T11:16:16.346Z
sensor.ups_monitor_wh_delivered_this_outage,12.8579874038696,2026-05-06T11:16:21.347Z
sensor.ups_monitor_wh_delivered_this_outage,12.8786773681641,2026-05-06T11:16:26.348Z
sensor.ups_monitor_wh_delivered_this_outage,12.8994770050049,2026-05-06T11:16:31.354Z
sensor.ups_monitor_wh_delivered_this_outage,12.920352935791,2026-05-06T11:16:36.354Z
sensor.ups_monitor_wh_delivered_this_outage,12.9412412643433,2026-05-06T11:16:41.358Z
sensor.ups_monitor_wh_delivered_this_outage,12.9619750976562,2026-05-06T11:16:46.368Z
sensor.ups_monitor_wh_delivered_this_outage,12.9829254150391,2026-05-06T11:16:51.374Z
sensor.ups_monitor_wh_delivered_this_outage,13.0044841766357,2026-05-06T11:16:56.361Z
sensor.ups_monitor_wh_delivered_this_outage,13.0256595611572,2026-05-06T11:17:01.266Z
sensor.ups_monitor_wh_delivered_this_outage,13.046181678772,2026-05-06T11:17:06.361Z
sensor.ups_monitor_wh_delivered_this_outage,13.0675067901611,2026-05-06T11:17:11.361Z
sensor.ups_monitor_wh_delivered_this_outage,13.0889663696289,2026-05-06T11:17:16.266Z
sensor.ups_monitor_wh_delivered_this_outage,13.1102247238159,2026-05-06T11:17:21.375Z
sensor.ups_monitor_wh_delivered_this_outage,13.1314077377319,2026-05-06T11:17:26.376Z
sensor.ups_monitor_wh_delivered_this_outage,13.1522951126099,2026-05-06T11:17:31.376Z
sensor.ups_monitor_wh_delivered_this_outage,13.1732521057129,2026-05-06T11:17:36.411Z
sensor.ups_monitor_wh_delivered_this_outage,13.1941070556641,2026-05-06T11:17:41.365Z
sensor.ups_monitor_wh_delivered_this_outage,13.2148323059082,2026-05-06T11:17:46.368Z
sensor.ups_monitor_wh_delivered_this_outage,13.2354335784912,2026-05-06T11:17:51.370Z
sensor.ups_monitor_wh_delivered_this_outage,13.2562942504883,2026-05-06T11:17:56.373Z
sensor.ups_monitor_wh_delivered_this_outage,13.2778644561768,2026-05-06T11:18:01.373Z
sensor.ups_monitor_wh_delivered_this_outage,13.2997035980225,2026-05-06T11:18:06.374Z
sensor.ups_monitor_wh_delivered_this_outage,13.3205032348633,2026-05-06T11:18:11.376Z
sensor.ups_monitor_wh_delivered_this_outage,13.3406372070312,2026-05-06T11:18:16.392Z
sensor.ups_monitor_wh_delivered_this_outage,13.3614625930786,2026-05-06T11:18:21.394Z
sensor.ups_monitor_wh_delivered_this_outage,13.3825235366821,2026-05-06T11:18:26.380Z
sensor.ups_monitor_wh_delivered_this_outage,13.4031352996826,2026-05-06T11:18:31.384Z
sensor.ups_monitor_wh_delivered_this_outage,13.4236745834351,2026-05-06T11:18:36.398Z
sensor.ups_monitor_wh_delivered_this_outage,13.4448261260986,2026-05-06T11:18:41.388Z
sensor.ups_monitor_wh_delivered_this_outage,13.465726852417,2026-05-06T11:18:46.399Z
sensor.ups_monitor_wh_delivered_this_outage,13.4858541488647,2026-05-06T11:18:51.387Z
sensor.ups_monitor_wh_delivered_this_outage,13.5067319869995,2026-05-06T11:18:56.400Z
sensor.ups_monitor_wh_delivered_this_outage,13.5279388427734,2026-05-06T11:19:01.390Z
sensor.ups_monitor_wh_delivered_this_outage,13.5485916137695,2026-05-06T11:19:06.400Z
sensor.ups_monitor_wh_delivered_this_outage,13.5693531036377,2026-05-06T11:19:11.292Z
sensor.ups_monitor_wh_delivered_this_outage,13.5903968811035,2026-05-06T11:19:16.292Z
sensor.ups_monitor_wh_delivered_this_outage,13.6112155914307,2026-05-06T11:19:21.387Z
sensor.ups_monitor_wh_delivered_this_outage,13.6321458816528,2026-05-06T11:19:26.389Z
sensor.ups_monitor_wh_delivered_this_outage,13.6535081863403,2026-05-06T11:19:31.389Z
sensor.ups_monitor_wh_delivered_this_outage,13.6747369766235,2026-05-06T11:19:36.389Z
sensor.ups_monitor_wh_delivered_this_outage,13.6953792572021,2026-05-06T11:19:41.294Z
sensor.ups_monitor_wh_delivered_this_outage,13.716103553772,2026-05-06T11:19:46.294Z
sensor.ups_monitor_wh_delivered_this_outage,13.7373399734497,2026-05-06T11:19:51.394Z
sensor.ups_monitor_wh_delivered_this_outage,13.7587327957153,2026-05-06T11:19:56.393Z
sensor.ups_monitor_wh_delivered_this_outage,13.7801475524902,2026-05-06T11:20:01.394Z
sensor.ups_monitor_wh_delivered_this_outage,13.801097869873,2026-05-06T11:20:06.394Z
sensor.ups_monitor_wh_delivered_this_outage,13.8219795227051,2026-05-06T11:20:11.395Z
sensor.ups_monitor_wh_delivered_this_outage,13.8430156707764,2026-05-06T11:20:16.394Z
sensor.ups_monitor_wh_delivered_this_outage,13.8638019561768,2026-05-06T11:20:21.408Z
sensor.ups_monitor_wh_delivered_this_outage,13.8845720291138,2026-05-06T11:20:26.394Z
sensor.ups_monitor_wh_delivered_this_outage,13.9051551818848,2026-05-06T11:20:31.411Z
sensor.ups_monitor_wh_delivered_this_outage,13.9259376525879,2026-05-06T11:20:36.395Z
sensor.ups_monitor_wh_delivered_this_outage,13.9465980529785,2026-05-06T11:20:41.398Z
sensor.ups_monitor_wh_delivered_this_outage,13.967004776001,2026-05-06T11:20:46.402Z
sensor.ups_monitor_wh_delivered_this_outage,13.9875841140747,2026-05-06T11:20:51.401Z
sensor.ups_monitor_wh_delivered_this_outage,14.007984161377,2026-05-06T11:20:56.414Z
sensor.ups_monitor_wh_delivered_this_outage,14.0284185409546,2026-05-06T11:21:01.416Z
sensor.ups_monitor_wh_delivered_this_outage,14.0487537384033,2026-05-06T11:21:06.418Z
sensor.ups_monitor_wh_delivered_this_outage,14.0690507888794,2026-05-06T11:21:11.311Z
sensor.ups_monitor_wh_delivered_this_outage,14.089955329895,2026-05-06T11:21:16.410Z
sensor.ups_monitor_wh_delivered_this_outage,14.1113748550415,2026-05-06T11:21:21.405Z
sensor.ups_monitor_wh_delivered_this_outage,14.1326675415039,2026-05-06T11:21:26.419Z
sensor.ups_monitor_wh_delivered_this_outage,14.1542024612427,2026-05-06T11:21:31.406Z
sensor.ups_monitor_wh_delivered_this_outage,14.1758699417114,2026-05-06T11:21:36.419Z
sensor.ups_monitor_wh_delivered_this_outage,14.1971273422241,2026-05-06T11:21:41.410Z
sensor.ups_monitor_wh_delivered_this_outage,14.2181701660156,2026-05-06T11:21:46.316Z
sensor.ups_monitor_wh_delivered_this_outage,14.2400636672974,2026-05-06T11:21:51.413Z
sensor.ups_monitor_wh_delivered_this_outage,14.261905670166,2026-05-06T11:21:56.430Z
sensor.ups_monitor_wh_delivered_this_outage,14.282904624939,2026-05-06T11:22:01.431Z
sensor.ups_monitor_wh_delivered_this_outage,14.3037376403809,2026-05-06T11:22:06.415Z
sensor.ups_monitor_wh_delivered_this_outage,14.3244485855103,2026-05-06T11:22:11.416Z
sensor.ups_monitor_wh_delivered_this_outage,14.3453388214111,2026-05-06T11:22:16.432Z
sensor.ups_monitor_wh_delivered_this_outage,14.3669738769531,2026-05-06T11:22:21.429Z
sensor.ups_monitor_wh_delivered_this_outage,14.3881998062134,2026-05-06T11:22:26.435Z
sensor.ups_monitor_wh_delivered_this_outage,14.4086132049561,2026-05-06T11:22:31.325Z
sensor.ups_monitor_wh_delivered_this_outage,14.4293813705444,2026-05-06T11:22:36.418Z
sensor.ups_monitor_wh_delivered_this_outage,14.4498929977417,2026-05-06T11:22:41.418Z
sensor.ups_monitor_wh_delivered_this_outage,14.4702482223511,2026-05-06T11:22:46.323Z
sensor.ups_monitor_wh_delivered_this_outage,14.4912166595459,2026-05-06T11:22:51.432Z
sensor.ups_monitor_wh_delivered_this_outage,14.5122175216675,2026-05-06T11:22:56.434Z
sensor.ups_monitor_wh_delivered_this_outage,14.5325870513916,2026-05-06T11:23:01.421Z
sensor.ups_monitor_wh_delivered_this_outage,14.5530214309692,2026-05-06T11:23:06.421Z
sensor.ups_monitor_wh_delivered_this_outage,14.5738573074341,2026-05-06T11:23:11.326Z
sensor.ups_monitor_wh_delivered_this_outage,14.5946931838989,2026-05-06T11:23:16.435Z
sensor.ups_monitor_wh_delivered_this_outage,14.6151323318481,2026-05-06T11:23:21.421Z
sensor.ups_monitor_wh_delivered_this_outage,14.6353712081909,2026-05-06T11:23:26.420Z
sensor.ups_monitor_wh_delivered_this_outage,14.6557130813599,2026-05-06T11:23:31.421Z
sensor.ups_monitor_wh_delivered_this_outage,14.6764612197876,2026-05-06T11:23:36.421Z
sensor.ups_monitor_wh_delivered_this_outage,14.697154045105,2026-05-06T11:23:41.426Z
sensor.ups_monitor_wh_delivered_this_outage,14.7180414199829,2026-05-06T11:23:46.426Z
sensor.ups_monitor_wh_delivered_this_outage,14.7396078109741,2026-05-06T11:23:51.430Z
sensor.ups_monitor_wh_delivered_this_outage,14.7610940933228,2026-05-06T11:23:56.430Z
sensor.ups_monitor_wh_delivered_this_outage,14.7822113037109,2026-05-06T11:24:01.429Z
sensor.ups_monitor_wh_delivered_this_outage,14.8027353286743,2026-05-06T11:24:06.443Z
sensor.ups_monitor_wh_delivered_this_outage,14.8234186172485,2026-05-06T11:24:11.429Z
sensor.ups_monitor_wh_delivered_this_outage,14.8448314666748,2026-05-06T11:24:16.430Z
sensor.ups_monitor_wh_delivered_this_outage,14.8661050796509,2026-05-06T11:24:21.444Z
sensor.ups_monitor_wh_delivered_this_outage,14.8869581222534,2026-05-06T11:24:26.445Z
sensor.ups_monitor_wh_delivered_this_outage,14.9078140258789,2026-05-06T11:24:31.431Z
sensor.ups_monitor_wh_delivered_this_outage,14.9290037155151,2026-05-06T11:24:36.434Z
sensor.ups_monitor_wh_delivered_this_outage,14.9499044418335,2026-05-06T11:24:41.434Z
sensor.ups_monitor_wh_delivered_this_outage,14.9705390930176,2026-05-06T11:24:46.434Z
sensor.ups_monitor_wh_delivered_this_outage,14.991361618042,2026-05-06T11:24:51.437Z
sensor.ups_monitor_wh_delivered_this_outage,15.0129680633545,2026-05-06T11:24:56.343Z
sensor.ups_monitor_wh_delivered_this_outage,15.0346193313599,2026-05-06T11:25:01.441Z
sensor.ups_monitor_wh_delivered_this_outage,15.0556316375732,2026-05-06T11:25:06.442Z
sensor.ups_monitor_wh_delivered_this_outage,15.0768537521362,2026-05-06T11:25:11.446Z
sensor.ups_monitor_wh_delivered_this_outage,15.0976314544678,2026-05-06T11:25:16.448Z
sensor.ups_monitor_wh_delivered_this_outage,15.118763923645,2026-05-06T11:25:21.463Z
sensor.ups_monitor_wh_delivered_this_outage,15.1399221420288,2026-05-06T11:25:26.465Z
sensor.ups_monitor_wh_delivered_this_outage,15.1615133285522,2026-05-06T11:25:31.452Z
sensor.ups_monitor_wh_delivered_this_outage,15.1833925247192,2026-05-06T11:25:36.452Z
sensor.ups_monitor_wh_delivered_this_outage,15.2046909332275,2026-05-06T11:25:41.452Z
sensor.ups_monitor_wh_delivered_this_outage,15.225564956665,2026-05-06T11:25:46.453Z
sensor.ups_monitor_wh_delivered_this_outage,15.2464141845703,2026-05-06T11:25:51.454Z
sensor.ups_monitor_wh_delivered_this_outage,15.2679595947266,2026-05-06T11:25:56.468Z
sensor.ups_monitor_wh_delivered_this_outage,15.2892789840698,2026-05-06T11:26:01.453Z
sensor.ups_monitor_wh_delivered_this_outage,15.3099565505981,2026-05-06T11:26:06.466Z
sensor.ups_monitor_wh_delivered_this_outage,15.33043384552,2026-05-06T11:26:11.453Z
sensor.ups_monitor_wh_delivered_this_outage,15.3511199951172,2026-05-06T11:26:16.453Z
sensor.ups_monitor_wh_delivered_this_outage,15.372106552124,2026-05-06T11:26:21.453Z
sensor.ups_monitor_wh_delivered_this_outage,15.3933296203613,2026-05-06T11:26:26.466Z
sensor.ups_monitor_wh_delivered_this_outage,15.4144487380981,2026-05-06T11:26:31.470Z
sensor.ups_monitor_wh_delivered_this_outage,15.4364557266235,2026-05-06T11:26:36.454Z
sensor.ups_monitor_wh_delivered_this_outage,15.4588642120361,2026-05-06T11:26:41.471Z
sensor.ups_monitor_wh_delivered_this_outage,15.4800643920898,2026-05-06T11:26:46.472Z
sensor.ups_monitor_wh_delivered_this_outage,15.5008420944214,2026-05-06T11:26:51.456Z
sensor.ups_monitor_wh_delivered_this_outage,15.5221271514893,2026-05-06T11:26:56.470Z
sensor.ups_monitor_wh_delivered_this_outage,15.543309211731,2026-05-06T11:27:01.470Z
sensor.ups_monitor_wh_delivered_this_outage,15.5639848709106,2026-05-06T11:27:06.457Z
sensor.ups_monitor_wh_delivered_this_outage,15.5846738815308,2026-05-06T11:27:11.474Z
sensor.ups_monitor_wh_delivered_this_outage,15.6061449050903,2026-05-06T11:27:16.363Z
sensor.ups_monitor_wh_delivered_this_outage,15.6276712417603,2026-05-06T11:27:21.472Z
sensor.ups_monitor_wh_delivered_this_outage,15.6486034393311,2026-05-06T11:27:26.474Z
sensor.ups_monitor_wh_delivered_this_outage,15.6699047088623,2026-05-06T11:27:31.366Z
sensor.ups_monitor_wh_delivered_this_outage,15.691632270813,2026-05-06T11:27:36.474Z
sensor.ups_monitor_wh_delivered_this_outage,15.7132987976074,2026-05-06T11:27:41.461Z
sensor.ups_monitor_wh_delivered_this_outage,15.7350101470947,2026-05-06T11:27:46.367Z
sensor.ups_monitor_wh_delivered_this_outage,15.7561740875244,2026-05-06T11:27:51.461Z
sensor.ups_monitor_wh_delivered_this_outage,15.777024269104,2026-05-06T11:27:56.467Z
sensor.ups_monitor_wh_delivered_this_outage,15.797794342041,2026-05-06T11:28:01.478Z
sensor.ups_monitor_wh_delivered_this_outage,15.8184499740601,2026-05-06T11:28:06.466Z
sensor.ups_monitor_wh_delivered_this_outage,15.8394536972046,2026-05-06T11:28:11.466Z
sensor.ups_monitor_wh_delivered_this_outage,15.8601922988892,2026-05-06T11:28:16.466Z
sensor.ups_monitor_wh_delivered_this_outage,15.8807735443115,2026-05-06T11:28:21.479Z
sensor.ups_monitor_wh_delivered_this_outage,15.9015216827393,2026-05-06T11:28:26.466Z
sensor.ups_monitor_wh_delivered_this_outage,15.9224224090576,2026-05-06T11:28:31.484Z
sensor.ups_monitor_wh_delivered_this_outage,15.9437274932861,2026-05-06T11:28:36.468Z
sensor.ups_monitor_wh_delivered_this_outage,15.9651317596436,2026-05-06T11:28:41.467Z
sensor.ups_monitor_wh_delivered_this_outage,15.9858112335205,2026-05-06T11:28:46.483Z
sensor.ups_monitor_wh_delivered_this_outage,16.0063209533691,2026-05-06T11:28:51.466Z
sensor.ups_monitor_wh_delivered_this_outage,16.0275592803955,2026-05-06T11:28:56.480Z
sensor.ups_monitor_wh_delivered_this_outage,16.0485591888428,2026-05-06T11:29:01.468Z
sensor.ups_monitor_wh_delivered_this_outage,16.0691146850586,2026-05-06T11:29:06.482Z
sensor.ups_monitor_wh_delivered_this_outage,16.089672088623,2026-05-06T11:29:11.469Z
sensor.ups_monitor_wh_delivered_this_outage,16.1100635528564,2026-05-06T11:29:16.469Z
sensor.ups_monitor_wh_delivered_this_outage,16.1305751800537,2026-05-06T11:29:21.469Z
sensor.ups_monitor_wh_delivered_this_outage,16.1512184143066,2026-05-06T11:29:26.469Z
sensor.ups_monitor_wh_delivered_this_outage,16.1717777252197,2026-05-06T11:29:31.482Z
sensor.ups_monitor_wh_delivered_this_outage,16.1921730041504,2026-05-06T11:29:36.484Z
sensor.ups_monitor_wh_delivered_this_outage,16.2130126953125,2026-05-06T11:29:41.473Z
sensor.ups_monitor_wh_delivered_this_outage,16.2339839935303,2026-05-06T11:29:46.471Z
sensor.ups_monitor_wh_delivered_this_outage,16.2542209625244,2026-05-06T11:29:51.473Z
sensor.ups_monitor_wh_delivered_this_outage,16.2746162414551,2026-05-06T11:29:56.483Z
sensor.ups_monitor_wh_delivered_this_outage,16.2959442138672,2026-05-06T11:30:01.484Z
sensor.ups_monitor_wh_delivered_this_outage,16.3175258636475,2026-05-06T11:30:06.471Z
sensor.ups_monitor_wh_delivered_this_outage,16.3393592834473,2026-05-06T11:30:11.470Z
sensor.ups_monitor_wh_delivered_this_outage,16.3605861663818,2026-05-06T11:30:16.484Z
sensor.ups_monitor_wh_delivered_this_outage,16.3816032409668,2026-05-06T11:30:21.485Z
sensor.ups_monitor_wh_delivered_this_outage,16.4027290344238,2026-05-06T11:30:26.486Z
sensor.ups_monitor_wh_delivered_this_outage,16.4233341217041,2026-05-06T11:30:31.473Z
sensor.ups_monitor_wh_delivered_this_outage,16.4441356658936,2026-05-06T11:30:36.486Z
sensor.ups_monitor_wh_delivered_this_outage,16.4647769927979,2026-05-06T11:30:41.473Z
sensor.ups_monitor_wh_delivered_this_outage,16.4855003356934,2026-05-06T11:30:46.473Z
sensor.ups_monitor_wh_delivered_this_outage,16.5063591003418,2026-05-06T11:30:51.486Z
sensor.ups_monitor_wh_delivered_this_outage,16.526912689209,2026-05-06T11:30:56.487Z
sensor.ups_monitor_wh_delivered_this_outage,16.5480308532715,2026-05-06T11:31:01.380Z
sensor.ups_monitor_wh_delivered_this_outage,16.5691719055176,2026-05-06T11:31:06.475Z
sensor.ups_monitor_wh_delivered_this_outage,16.589448928833,2026-05-06T11:31:11.474Z
sensor.ups_monitor_wh_delivered_this_outage,16.6099071502686,2026-05-06T11:31:16.475Z
sensor.ups_monitor_wh_delivered_this_outage,16.6307697296143,2026-05-06T11:31:21.474Z
sensor.ups_monitor_wh_delivered_this_outage,16.6512908935547,2026-05-06T11:31:26.490Z
sensor.ups_monitor_wh_delivered_this_outage,16.6721897125244,2026-05-06T11:31:31.476Z
sensor.ups_monitor_wh_delivered_this_outage,16.6934337615967,2026-05-06T11:31:36.477Z
sensor.ups_monitor_wh_delivered_this_outage,16.7142200469971,2026-05-06T11:31:41.493Z
sensor.ups_monitor_wh_delivered_this_outage,16.7348079681396,2026-05-06T11:31:46.476Z
sensor.ups_monitor_wh_delivered_this_outage,16.7549724578857,2026-05-06T11:31:51.476Z
sensor.ups_monitor_wh_delivered_this_outage,16.775203704834,2026-05-06T11:31:56.492Z
sensor.ups_monitor_wh_delivered_this_outage,16.7957553863525,2026-05-06T11:32:01.383Z
sensor.ups_monitor_wh_delivered_this_outage,16.816967010498,2026-05-06T11:32:06.480Z
sensor.ups_monitor_wh_delivered_this_outage,16.8386688232422,2026-05-06T11:32:11.386Z
sensor.ups_monitor_wh_delivered_this_outage,16.8598766326904,2026-05-06T11:32:16.484Z
sensor.ups_monitor_wh_delivered_this_outage,16.8806972503662,2026-05-06T11:32:21.488Z
sensor.ups_monitor_wh_delivered_this_outage,16.9015235900879,2026-05-06T11:32:26.502Z
sensor.ups_monitor_wh_delivered_this_outage,16.9219932556152,2026-05-06T11:32:31.490Z
sensor.ups_monitor_wh_delivered_this_outage,16.9425926208496,2026-05-06T11:32:36.492Z
sensor.ups_monitor_wh_delivered_this_outage,16.9633388519287,2026-05-06T11:32:41.506Z
sensor.ups_monitor_wh_delivered_this_outage,16.9841251373291,2026-05-06T11:32:46.493Z
sensor.ups_monitor_wh_delivered_this_outage,17.0049953460693,2026-05-06T11:32:51.493Z
sensor.ups_monitor_wh_delivered_this_outage,17.0256423950195,2026-05-06T11:32:56.499Z
sensor.ups_monitor_wh_delivered_this_outage,17.0461082458496,2026-05-06T11:33:01.512Z
sensor.ups_monitor_wh_delivered_this_outage,17.0672454833984,2026-05-06T11:33:06.512Z
sensor.ups_monitor_wh_delivered_this_outage,17.08864402771,2026-05-06T11:33:11.500Z
sensor.ups_monitor_wh_delivered_this_outage,17.1092090606689,2026-05-06T11:33:16.500Z
sensor.ups_monitor_wh_delivered_this_outage,17.1295719146729,2026-05-06T11:33:21.500Z
sensor.ups_monitor_wh_delivered_this_outage,17.1499347686768,2026-05-06T11:33:26.501Z
sensor.ups_monitor_wh_delivered_this_outage,17.1705646514893,2026-05-06T11:33:31.501Z
sensor.ups_monitor_wh_delivered_this_outage,17.1914215087891,2026-05-06T11:33:36.507Z
sensor.ups_monitor_wh_delivered_this_outage,17.2123565673828,2026-05-06T11:33:41.501Z
sensor.ups_monitor_wh_delivered_this_outage,17.2336139678955,2026-05-06T11:33:46.501Z
sensor.ups_monitor_wh_delivered_this_outage,17.2548046112061,2026-05-06T11:33:51.501Z
sensor.ups_monitor_wh_delivered_this_outage,17.275562286377,2026-05-06T11:33:56.502Z
sensor.ups_monitor_wh_delivered_this_outage,17.295934677124,2026-05-06T11:34:01.503Z
sensor.ups_monitor_wh_delivered_this_outage,17.3169937133789,2026-05-06T11:34:06.506Z
sensor.ups_monitor_wh_delivered_this_outage,17.3387718200684,2026-05-06T11:34:11.504Z
sensor.ups_monitor_wh_delivered_this_outage,17.359790802002,2026-05-06T11:34:16.505Z
sensor.ups_monitor_wh_delivered_this_outage,17.3805446624756,2026-05-06T11:34:21.505Z
sensor.ups_monitor_wh_delivered_this_outage,17.4011478424072,2026-05-06T11:34:26.505Z
sensor.ups_monitor_wh_delivered_this_outage,17.421630859375,2026-05-06T11:34:31.507Z
sensor.ups_monitor_wh_delivered_this_outage,17.4424877166748,2026-05-06T11:34:36.507Z
sensor.ups_monitor_wh_delivered_this_outage,17.4630928039551,2026-05-06T11:34:41.508Z
sensor.ups_monitor_wh_delivered_this_outage,17.4837512969971,2026-05-06T11:34:46.510Z
sensor.ups_monitor_wh_delivered_this_outage,17.5045318603516,2026-05-06T11:34:51.510Z
sensor.ups_monitor_wh_delivered_this_outage,17.5252666473389,2026-05-06T11:34:56.512Z
sensor.ups_monitor_wh_delivered_this_outage,17.5463714599609,2026-05-06T11:35:01.510Z
sensor.ups_monitor_wh_delivered_this_outage,17.5677642822266,2026-05-06T11:35:06.510Z
sensor.ups_monitor_wh_delivered_this_outage,17.5900840759277,2026-05-06T11:35:11.509Z
sensor.ups_monitor_wh_delivered_this_outage,17.6117706298828,2026-05-06T11:35:16.512Z
sensor.ups_monitor_wh_delivered_this_outage,17.6320972442627,2026-05-06T11:35:21.514Z
sensor.ups_monitor_wh_delivered_this_outage,17.6524047851562,2026-05-06T11:35:26.514Z
sensor.ups_monitor_wh_delivered_this_outage,17.6734619140625,2026-05-06T11:35:31.514Z
sensor.ups_monitor_wh_delivered_this_outage,17.6948146820068,2026-05-06T11:35:36.515Z
sensor.ups_monitor_wh_delivered_this_outage,17.7157402038574,2026-05-06T11:35:41.517Z
sensor.ups_monitor_wh_delivered_this_outage,17.7363967895508,2026-05-06T11:35:46.522Z
sensor.ups_monitor_wh_delivered_this_outage,17.757209777832,2026-05-06T11:35:51.521Z
sensor.ups_monitor_wh_delivered_this_outage,17.7780609130859,2026-05-06T11:35:56.522Z
sensor.ups_monitor_wh_delivered_this_outage,17.7988586425781,2026-05-06T11:36:01.521Z
sensor.ups_monitor_wh_delivered_this_outage,17.8197288513184,2026-05-06T11:36:06.522Z
sensor.ups_monitor_wh_delivered_this_outage,17.8404769897461,2026-05-06T11:36:11.522Z
sensor.ups_monitor_wh_delivered_this_outage,17.8612823486328,2026-05-06T11:36:16.522Z
sensor.ups_monitor_wh_delivered_this_outage,17.8815269470215,2026-05-06T11:36:21.523Z
sensor.ups_monitor_wh_delivered_this_outage,17.902494430542,2026-05-06T11:36:26.522Z
sensor.ups_monitor_wh_delivered_this_outage,17.9241104125977,2026-05-06T11:36:31.523Z
sensor.ups_monitor_wh_delivered_this_outage,17.9449214935303,2026-05-06T11:36:36.532Z
sensor.ups_monitor_wh_delivered_this_outage,17.9651794433594,2026-05-06T11:36:41.525Z
sensor.ups_monitor_wh_delivered_this_outage,17.9856758117676,2026-05-06T11:36:46.531Z
sensor.ups_monitor_wh_delivered_this_outage,18.0060787200928,2026-05-06T11:36:51.530Z
sensor.ups_monitor_wh_delivered_this_outage,18.0270576477051,2026-05-06T11:36:56.529Z
sensor.ups_monitor_wh_delivered_this_outage,18.0480251312256,2026-05-06T11:37:01.545Z
sensor.ups_monitor_wh_delivered_this_outage,18.0684833526611,2026-05-06T11:37:06.530Z
sensor.ups_monitor_wh_delivered_this_outage,18.0894565582275,2026-05-06T11:37:11.530Z
sensor.ups_monitor_wh_delivered_this_outage,18.1103191375732,2026-05-06T11:37:16.529Z
sensor.ups_monitor_wh_delivered_this_outage,18.1310291290283,2026-05-06T11:37:21.530Z
sensor.ups_monitor_wh_delivered_this_outage,18.1517372131348,2026-05-06T11:37:26.544Z
sensor.ups_monitor_wh_delivered_this_outage,18.1722507476807,2026-05-06T11:37:31.530Z
sensor.ups_monitor_wh_delivered_this_outage,18.193265914917,2026-05-06T11:37:36.530Z
sensor.ups_monitor_wh_delivered_this_outage,18.2143058776855,2026-05-06T11:37:41.532Z
sensor.ups_monitor_wh_delivered_this_outage,18.2350177764893,2026-05-06T11:37:46.546Z
sensor.ups_monitor_wh_delivered_this_outage,18.2554683685303,2026-05-06T11:37:51.533Z
sensor.ups_monitor_wh_delivered_this_outage,18.2764549255371,2026-05-06T11:37:56.533Z
sensor.ups_monitor_wh_delivered_this_outage,18.2980346679688,2026-05-06T11:38:01.533Z
sensor.ups_monitor_wh_delivered_this_outage,18.3192520141602,2026-05-06T11:38:06.532Z
sensor.ups_monitor_wh_delivered_this_outage,18.3410053253174,2026-05-06T11:38:11.533Z
sensor.ups_monitor_wh_delivered_this_outage,18.3630142211914,2026-05-06T11:38:16.533Z
sensor.ups_monitor_wh_delivered_this_outage,18.3843040466309,2026-05-06T11:38:21.537Z
sensor.ups_monitor_wh_delivered_this_outage,18.4049015045166,2026-05-06T11:38:26.541Z
sensor.ups_monitor_wh_delivered_this_outage,18.4258918762207,2026-05-06T11:38:31.556Z
sensor.ups_monitor_wh_delivered_this_outage,18.4478244781494,2026-05-06T11:38:36.549Z
sensor.ups_monitor_wh_delivered_this_outage,18.469274520874,2026-05-06T11:38:41.550Z
sensor.ups_monitor_wh_delivered_this_outage,18.4900207519531,2026-05-06T11:38:46.549Z
sensor.ups_monitor_wh_delivered_this_outage,18.510871887207,2026-05-06T11:38:51.552Z
sensor.ups_monitor_wh_delivered_this_outage,18.5317096710205,2026-05-06T11:38:56.554Z
sensor.ups_monitor_wh_delivered_this_outage,18.5526142120361,2026-05-06T11:39:01.543Z
sensor.ups_monitor_wh_delivered_this_outage,18.5737590789795,2026-05-06T11:39:06.543Z
sensor.ups_monitor_wh_delivered_this_outage,18.5945682525635,2026-05-06T11:39:11.543Z
sensor.ups_monitor_wh_delivered_this_outage,18.6150608062744,2026-05-06T11:39:16.555Z
sensor.ups_monitor_wh_delivered_this_outage,18.6359424591064,2026-05-06T11:39:21.543Z
sensor.ups_monitor_wh_delivered_this_outage,18.6565055847168,2026-05-06T11:39:26.544Z
sensor.ups_monitor_wh_delivered_this_outage,18.6768589019775,2026-05-06T11:39:31.544Z
sensor.ups_monitor_wh_delivered_this_outage,18.6976413726807,2026-05-06T11:39:36.548Z
sensor.ups_monitor_wh_delivered_this_outage,18.7191028594971,2026-05-06T11:39:41.552Z
sensor.ups_monitor_wh_delivered_this_outage,18.7408924102783,2026-05-06T11:39:46.552Z
sensor.ups_monitor_wh_delivered_this_outage,18.7618675231934,2026-05-06T11:39:51.549Z
sensor.ups_monitor_wh_delivered_this_outage,18.7826957702637,2026-05-06T11:39:56.549Z
sensor.ups_monitor_wh_delivered_this_outage,18.80419921875,2026-05-06T11:40:01.549Z
sensor.ups_monitor_wh_delivered_this_outage,18.825288772583,2026-05-06T11:40:06.563Z
sensor.ups_monitor_wh_delivered_this_outage,18.8462753295898,2026-05-06T11:40:11.553Z
sensor.ups_monitor_wh_delivered_this_outage,18.8680801391602,2026-05-06T11:40:16.556Z
sensor.ups_monitor_wh_delivered_this_outage,18.8894653320312,2026-05-06T11:40:21.559Z
sensor.ups_monitor_wh_delivered_this_outage,18.9099540710449,2026-05-06T11:40:26.555Z
sensor.ups_monitor_wh_delivered_this_outage,18.930383682251,2026-05-06T11:40:31.555Z
sensor.ups_monitor_wh_delivered_this_outage,18.9509582519531,2026-05-06T11:40:36.570Z
sensor.ups_monitor_wh_delivered_this_outage,18.9716262817383,2026-05-06T11:40:41.561Z
sensor.ups_monitor_wh_delivered_this_outage,18.9921360015869,2026-05-06T11:40:46.561Z
sensor.ups_monitor_wh_delivered_this_outage,19.0128269195557,2026-05-06T11:40:51.564Z
sensor.ups_monitor_wh_delivered_this_outage,19.0337696075439,2026-05-06T11:40:56.562Z
sensor.ups_monitor_wh_delivered_this_outage,19.0543422698975,2026-05-06T11:41:01.566Z
sensor.ups_monitor_wh_delivered_this_outage,19.0749359130859,2026-05-06T11:41:06.570Z
sensor.ups_monitor_wh_delivered_this_outage,19.0956287384033,2026-05-06T11:41:11.568Z
sensor.ups_monitor_wh_delivered_this_outage,19.1162891387939,2026-05-06T11:41:16.569Z
sensor.ups_monitor_wh_delivered_this_outage,19.1369514465332,2026-05-06T11:41:21.568Z
sensor.ups_monitor_wh_delivered_this_outage,19.1574249267578,2026-05-06T11:41:26.568Z
sensor.ups_monitor_wh_delivered_this_outage,19.1780433654785,2026-05-06T11:41:31.568Z
sensor.ups_monitor_wh_delivered_this_outage,19.1990413665771,2026-05-06T11:41:36.568Z
sensor.ups_monitor_wh_delivered_this_outage,19.2204818725586,2026-05-06T11:41:41.568Z
sensor.ups_monitor_wh_delivered_this_outage,19.2417125701904,2026-05-06T11:41:46.568Z
sensor.ups_monitor_wh_delivered_this_outage,19.2623233795166,2026-05-06T11:41:51.582Z
sensor.ups_monitor_wh_delivered_this_outage,19.2830677032471,2026-05-06T11:41:56.573Z
sensor.ups_monitor_wh_delivered_this_outage,19.304105758667,2026-05-06T11:42:01.576Z
sensor.ups_monitor_wh_delivered_this_outage,19.3248138427734,2026-05-06T11:42:06.578Z
sensor.ups_monitor_wh_delivered_this_outage,19.3457374572754,2026-05-06T11:42:11.578Z
sensor.ups_monitor_wh_delivered_this_outage,19.3667430877686,2026-05-06T11:42:16.579Z
sensor.ups_monitor_wh_delivered_this_outage,19.3875999450684,2026-05-06T11:42:21.587Z
sensor.ups_monitor_wh_delivered_this_outage,19.4084186553955,2026-05-06T11:42:26.589Z
sensor.ups_monitor_wh_delivered_this_outage,19.42942237854,2026-05-06T11:42:31.574Z
sensor.ups_monitor_wh_delivered_this_outage,19.4517059326172,2026-05-06T11:42:36.577Z
sensor.ups_monitor_wh_delivered_this_outage,19.4739665985107,2026-05-06T11:42:41.582Z
sensor.ups_monitor_wh_delivered_this_outage,19.4952449798584,2026-05-06T11:42:46.581Z
sensor.ups_monitor_wh_delivered_this_outage,19.5158805847168,2026-05-06T11:42:51.580Z
sensor.ups_monitor_wh_delivered_this_outage,19.5361347198486,2026-05-06T11:42:56.582Z
sensor.ups_monitor_wh_delivered_this_outage,19.5576782226562,2026-05-06T11:43:01.581Z
sensor.ups_monitor_wh_delivered_this_outage,19.5798664093018,2026-05-06T11:43:06.582Z
sensor.ups_monitor_wh_delivered_this_outage,19.601188659668,2026-05-06T11:43:11.586Z
sensor.ups_monitor_wh_delivered_this_outage,19.6226539611816,2026-05-06T11:43:16.583Z
sensor.ups_monitor_wh_delivered_this_outage,19.6437454223633,2026-05-06T11:43:21.583Z
sensor.ups_monitor_wh_delivered_this_outage,19.6640033721924,2026-05-06T11:43:26.582Z
sensor.ups_monitor_wh_delivered_this_outage,19.6845550537109,2026-05-06T11:43:31.583Z
sensor.ups_monitor_wh_delivered_this_outage,19.7054500579834,2026-05-06T11:43:36.584Z
sensor.ups_monitor_wh_delivered_this_outage,19.7266407012939,2026-05-06T11:43:41.583Z
sensor.ups_monitor_wh_delivered_this_outage,19.7474803924561,2026-05-06T11:43:46.584Z
sensor.ups_monitor_wh_delivered_this_outage,19.7677478790283,2026-05-06T11:43:51.584Z
sensor.ups_monitor_wh_delivered_this_outage,19.7883224487305,2026-05-06T11:43:56.584Z
sensor.ups_monitor_wh_delivered_this_outage,19.8090515136719,2026-05-06T11:44:01.585Z
sensor.ups_monitor_wh_delivered_this_outage,19.8296813964844,2026-05-06T11:44:06.586Z
sensor.ups_monitor_wh_delivered_this_outage,19.850154876709,2026-05-06T11:44:11.586Z
sensor.ups_monitor_wh_delivered_this_outage,19.8705310821533,2026-05-06T11:44:16.586Z
sensor.ups_monitor_wh_delivered_this_outage,19.8917751312256,2026-05-06T11:44:21.586Z
sensor.ups_monitor_wh_delivered_this_outage,19.9128189086914,2026-05-06T11:44:26.585Z
sensor.ups_monitor_wh_delivered_this_outage,19.9329204559326,2026-05-06T11:44:31.585Z
sensor.ups_monitor_wh_delivered_this_outage,19.9532299041748,2026-05-06T11:44:36.585Z
sensor.ups_monitor_wh_delivered_this_outage,19.9744358062744,2026-05-06T11:44:41.589Z
sensor.ups_monitor_wh_delivered_this_outage,19.9955062866211,2026-05-06T11:44:46.589Z
sensor.ups_monitor_wh_delivered_this_outage,20.0165252685547,2026-05-06T11:44:51.593Z
sensor.ups_monitor_wh_delivered_this_outage,20.0375576019287,2026-05-06T11:44:56.589Z
sensor.ups_monitor_wh_delivered_this_outage,20.0595664978027,2026-05-06T11:45:01.589Z
sensor.ups_monitor_wh_delivered_this_outage,20.0816974639893,2026-05-06T11:45:06.590Z
sensor.ups_monitor_wh_delivered_this_outage,20.102144241333,2026-05-06T11:45:11.593Z
sensor.ups_monitor_wh_delivered_this_outage,20.1231441497803,2026-05-06T11:45:16.593Z
sensor.ups_monitor_wh_delivered_this_outage,20.1450271606445,2026-05-06T11:45:21.593Z
sensor.ups_monitor_wh_delivered_this_outage,20.1667900085449,2026-05-06T11:45:26.592Z
sensor.ups_monitor_wh_delivered_this_outage,20.1879177093506,2026-05-06T11:45:31.593Z
sensor.ups_monitor_wh_delivered_this_outage,20.2087917327881,2026-05-06T11:45:36.593Z
sensor.ups_monitor_wh_delivered_this_outage,20.2293033599854,2026-05-06T11:45:41.594Z
sensor.ups_monitor_wh_delivered_this_outage,20.2497272491455,2026-05-06T11:45:46.594Z
sensor.ups_monitor_wh_delivered_this_outage,20.2701950073242,2026-05-06T11:45:51.593Z
sensor.ups_monitor_wh_delivered_this_outage,20.290657043457,2026-05-06T11:45:56.594Z
sensor.ups_monitor_wh_delivered_this_outage,20.3115997314453,2026-05-06T11:46:01.594Z
sensor.ups_monitor_wh_delivered_this_outage,20.3328227996826,2026-05-06T11:46:06.598Z
sensor.ups_monitor_wh_delivered_this_outage,20.3538627624512,2026-05-06T11:46:11.595Z
sensor.ups_monitor_wh_delivered_this_outage,20.3746013641357,2026-05-06T11:46:16.594Z
sensor.ups_monitor_wh_delivered_this_outage,20.3956203460693,2026-05-06T11:46:21.594Z
sensor.ups_monitor_wh_delivered_this_outage,20.4168853759766,2026-05-06T11:46:26.595Z
sensor.ups_monitor_wh_delivered_this_outage,20.4374866485596,2026-05-06T11:46:31.602Z
sensor.ups_monitor_wh_delivered_this_outage,20.4580612182617,2026-05-06T11:46:36.600Z
sensor.ups_monitor_wh_delivered_this_outage,20.4789943695068,2026-05-06T11:46:41.600Z
sensor.ups_monitor_wh_delivered_this_outage,20.499490737915,2026-05-06T11:46:46.600Z
sensor.ups_monitor_wh_delivered_this_outage,20.5196743011475,2026-05-06T11:46:51.600Z
sensor.ups_monitor_wh_delivered_this_outage,20.5402679443359,2026-05-06T11:46:56.600Z
sensor.ups_monitor_wh_delivered_this_outage,20.5613250732422,2026-05-06T11:47:01.600Z
sensor.ups_monitor_wh_delivered_this_outage,20.5821437835693,2026-05-06T11:47:06.603Z
sensor.ups_monitor_wh_delivered_this_outage,20.6032581329346,2026-05-06T11:47:11.606Z
sensor.ups_monitor_wh_delivered_this_outage,20.6241035461426,2026-05-06T11:47:16.607Z
sensor.ups_monitor_wh_delivered_this_outage,20.6444358825684,2026-05-06T11:47:21.610Z
sensor.ups_monitor_wh_delivered_this_outage,20.6652126312256,2026-05-06T11:47:26.623Z
sensor.ups_monitor_wh_delivered_this_outage,20.6859283447266,2026-05-06T11:47:31.623Z
sensor.ups_monitor_wh_delivered_this_outage,20.7065601348877,2026-05-06T11:47:36.611Z
sensor.ups_monitor_wh_delivered_this_outage,20.7276287078857,2026-05-06T11:47:41.612Z
sensor.ups_monitor_wh_delivered_this_outage,20.7486228942871,2026-05-06T11:47:46.610Z
sensor.ups_monitor_wh_delivered_this_outage,20.7692947387695,2026-05-06T11:47:51.610Z
sensor.ups_monitor_wh_delivered_this_outage,20.7904224395752,2026-05-06T11:47:56.611Z
sensor.ups_monitor_wh_delivered_this_outage,20.8115253448486,2026-05-06T11:48:01.613Z
sensor.ups_monitor_wh_delivered_this_outage,20.8325462341309,2026-05-06T11:48:06.611Z
sensor.ups_monitor_wh_delivered_this_outage,20.8538513183594,2026-05-06T11:48:11.611Z
sensor.ups_monitor_wh_delivered_this_outage,20.874849319458,2026-05-06T11:48:16.611Z
sensor.ups_monitor_wh_delivered_this_outage,20.8954467773438,2026-05-06T11:48:21.611Z
sensor.ups_monitor_wh_delivered_this_outage,20.9162311553955,2026-05-06T11:48:26.612Z
sensor.ups_monitor_wh_delivered_this_outage,20.9369888305664,2026-05-06T11:48:31.612Z
sensor.ups_monitor_wh_delivered_this_outage,20.9575634002686,2026-05-06T11:48:36.612Z
sensor.ups_monitor_wh_delivered_this_outage,20.9781723022461,2026-05-06T11:48:41.612Z
sensor.ups_monitor_wh_delivered_this_outage,20.9986839294434,2026-05-06T11:48:46.629Z
sensor.ups_monitor_wh_delivered_this_outage,21.0195579528809,2026-05-06T11:48:51.613Z
sensor.ups_monitor_wh_delivered_this_outage,21.0404834747314,2026-05-06T11:48:56.626Z
sensor.ups_monitor_wh_delivered_this_outage,21.0611362457275,2026-05-06T11:49:01.613Z
sensor.ups_monitor_wh_delivered_this_outage,21.0824069976807,2026-05-06T11:49:06.616Z
sensor.ups_monitor_wh_delivered_this_outage,21.103759765625,2026-05-06T11:49:11.616Z
sensor.ups_monitor_wh_delivered_this_outage,21.1249237060547,2026-05-06T11:49:16.521Z
sensor.ups_monitor_wh_delivered_this_outage,21.146448135376,2026-05-06T11:49:21.619Z
sensor.ups_monitor_wh_delivered_this_outage,21.1683235168457,2026-05-06T11:49:26.619Z
sensor.ups_monitor_wh_delivered_this_outage,21.1898899078369,2026-05-06T11:49:31.632Z
sensor.ups_monitor_wh_delivered_this_outage,21.2112598419189,2026-05-06T11:49:36.634Z
sensor.ups_monitor_wh_delivered_this_outage,21.2322425842285,2026-05-06T11:49:41.526Z
sensor.ups_monitor_wh_delivered_this_outage,21.2529335021973,2026-05-06T11:49:46.620Z
sensor.ups_monitor_wh_delivered_this_outage,21.27419090271,2026-05-06T11:49:51.625Z
sensor.ups_monitor_wh_delivered_this_outage,21.2953186035156,2026-05-06T11:49:56.623Z
sensor.ups_monitor_wh_delivered_this_outage,21.3162956237793,2026-05-06T11:50:01.627Z
sensor.ups_monitor_wh_delivered_this_outage,21.337345123291,2026-05-06T11:50:06.627Z
sensor.ups_monitor_wh_delivered_this_outage,21.3586711883545,2026-05-06T11:50:11.627Z
sensor.ups_monitor_wh_delivered_this_outage,21.3801822662354,2026-05-06T11:50:16.627Z
sensor.ups_monitor_wh_delivered_this_outage,21.4015464782715,2026-05-06T11:50:21.641Z
sensor.ups_monitor_wh_delivered_this_outage,21.423059463501,2026-05-06T11:50:26.643Z
sensor.ups_monitor_wh_delivered_this_outage,21.444314956665,2026-05-06T11:50:31.630Z
sensor.ups_monitor_wh_delivered_this_outage,21.4654178619385,2026-05-06T11:50:36.632Z
sensor.ups_monitor_wh_delivered_this_outage,21.4863357543945,2026-05-06T11:50:41.631Z
sensor.ups_monitor_wh_delivered_this_outage,21.5070190429688,2026-05-06T11:50:46.631Z
sensor.ups_monitor_wh_delivered_this_outage,21.5280532836914,2026-05-06T11:50:51.647Z
sensor.ups_monitor_wh_delivered_this_outage,21.5492668151855,2026-05-06T11:50:56.645Z
sensor.ups_monitor_wh_delivered_this_outage,21.5702934265137,2026-05-06T11:51:01.644Z
sensor.ups_monitor_wh_delivered_this_outage,21.5911502838135,2026-05-06T11:51:06.647Z
sensor.ups_monitor_wh_delivered_this_outage,21.6124668121338,2026-05-06T11:51:11.652Z
sensor.ups_monitor_wh_delivered_this_outage,21.6335391998291,2026-05-06T11:51:16.634Z
sensor.ups_monitor_wh_delivered_this_outage,21.6544780731201,2026-05-06T11:51:21.638Z
sensor.ups_monitor_wh_delivered_this_outage,21.675407409668,2026-05-06T11:51:26.637Z
sensor.ups_monitor_wh_delivered_this_outage,21.6963119506836,2026-05-06T11:51:31.639Z
sensor.ups_monitor_wh_delivered_this_outage,21.7172088623047,2026-05-06T11:51:36.637Z
sensor.ups_monitor_wh_delivered_this_outage,21.7380237579346,2026-05-06T11:51:41.649Z
sensor.ups_monitor_wh_delivered_this_outage,21.7590503692627,2026-05-06T11:51:46.638Z
sensor.ups_monitor_wh_delivered_this_outage,21.7800731658936,2026-05-06T11:51:51.637Z
sensor.ups_monitor_wh_delivered_this_outage,21.8014659881592,2026-05-06T11:51:56.644Z
sensor.ups_monitor_wh_delivered_this_outage,21.8228187561035,2026-05-06T11:52:01.644Z
sensor.ups_monitor_wh_delivered_this_outage,21.8436756134033,2026-05-06T11:52:06.643Z
sensor.ups_monitor_wh_delivered_this_outage,21.864315032959,2026-05-06T11:52:11.655Z
sensor.ups_monitor_wh_delivered_this_outage,21.8850135803223,2026-05-06T11:52:16.649Z
sensor.ups_monitor_wh_delivered_this_outage,21.9061374664307,2026-05-06T11:52:21.652Z
sensor.ups_monitor_wh_delivered_this_outage,21.9269313812256,2026-05-06T11:52:26.649Z
sensor.ups_monitor_wh_delivered_this_outage,21.9475708007812,2026-05-06T11:52:31.649Z
sensor.ups_monitor_wh_delivered_this_outage,21.9685211181641,2026-05-06T11:52:36.664Z
sensor.ups_monitor_wh_delivered_this_outage,21.989444732666,2026-05-06T11:52:41.659Z
sensor.ups_monitor_wh_delivered_this_outage,22.0100994110107,2026-05-06T11:52:46.651Z
sensor.ups_monitor_wh_delivered_this_outage,22.0305824279785,2026-05-06T11:52:51.651Z
sensor.ups_monitor_wh_delivered_this_outage,22.0522003173828,2026-05-06T11:52:56.651Z
sensor.ups_monitor_wh_delivered_this_outage,22.0736865997314,2026-05-06T11:53:01.651Z
sensor.ups_monitor_wh_delivered_this_outage,22.0941848754883,2026-05-06T11:53:06.650Z
sensor.ups_monitor_wh_delivered_this_outage,22.114709854126,2026-05-06T11:53:11.659Z
sensor.ups_monitor_wh_delivered_this_outage,22.1355590820312,2026-05-06T11:53:16.651Z
sensor.ups_monitor_wh_delivered_this_outage,22.1563491821289,2026-05-06T11:53:21.663Z
sensor.ups_monitor_wh_delivered_this_outage,22.1768264770508,2026-05-06T11:53:26.651Z
sensor.ups_monitor_wh_delivered_this_outage,22.1972427368164,2026-05-06T11:53:31.651Z
sensor.ups_monitor_wh_delivered_this_outage,22.2177829742432,2026-05-06T11:53:36.652Z
sensor.ups_monitor_wh_delivered_this_outage,22.2382755279541,2026-05-06T11:53:41.662Z
sensor.ups_monitor_wh_delivered_this_outage,22.258903503418,2026-05-06T11:53:46.656Z
sensor.ups_monitor_wh_delivered_this_outage,22.279634475708,2026-05-06T11:53:51.670Z
sensor.ups_monitor_wh_delivered_this_outage,22.3004875183105,2026-05-06T11:53:56.672Z
sensor.ups_monitor_wh_delivered_this_outage,22.3210773468018,2026-05-06T11:54:01.658Z
sensor.ups_monitor_wh_delivered_this_outage,22.3412857055664,2026-05-06T11:54:06.660Z
sensor.ups_monitor_wh_delivered_this_outage,22.3618259429932,2026-05-06T11:54:11.662Z
sensor.ups_monitor_wh_delivered_this_outage,22.3825588226318,2026-05-06T11:54:16.659Z
sensor.ups_monitor_wh_delivered_this_outage,22.4036350250244,2026-05-06T11:54:21.660Z
sensor.ups_monitor_wh_delivered_this_outage,22.4258995056152,2026-05-06T11:54:26.659Z
sensor.ups_monitor_wh_delivered_this_outage,22.4479103088379,2026-05-06T11:54:31.659Z
sensor.ups_monitor_wh_delivered_this_outage,22.4686012268066,2026-05-06T11:54:36.662Z
sensor.ups_monitor_wh_delivered_this_outage,22.4890365600586,2026-05-06T11:54:41.666Z
sensor.ups_monitor_wh_delivered_this_outage,22.5097599029541,2026-05-06T11:54:46.663Z
sensor.ups_monitor_wh_delivered_this_outage,22.5306968688965,2026-05-06T11:54:51.663Z
sensor.ups_monitor_wh_delivered_this_outage,22.5514106750488,2026-05-06T11:54:56.664Z
sensor.ups_monitor_wh_delivered_this_outage,22.5719184875488,2026-05-06T11:55:01.664Z
sensor.ups_monitor_wh_delivered_this_outage,22.5923519134521,2026-05-06T11:55:06.666Z
sensor.ups_monitor_wh_delivered_this_outage,22.6128273010254,2026-05-06T11:55:11.670Z
sensor.ups_monitor_wh_delivered_this_outage,22.6336650848389,2026-05-06T11:55:16.666Z
sensor.ups_monitor_wh_delivered_this_outage,22.6546192169189,2026-05-06T11:55:21.667Z
sensor.ups_monitor_wh_delivered_this_outage,22.6754093170166,2026-05-06T11:55:26.668Z
sensor.ups_monitor_wh_delivered_this_outage,22.6962642669678,2026-05-06T11:55:31.668Z
sensor.ups_monitor_wh_delivered_this_outage,22.7172584533691,2026-05-06T11:55:36.668Z
sensor.ups_monitor_wh_delivered_this_outage,22.73828125,2026-05-06T11:55:41.671Z
sensor.ups_monitor_wh_delivered_this_outage,22.7586727142334,2026-05-06T11:55:46.669Z
sensor.ups_monitor_wh_delivered_this_outage,22.7792472839355,2026-05-06T11:55:51.670Z
sensor.ups_monitor_wh_delivered_this_outage,22.8000202178955,2026-05-06T11:55:56.671Z
sensor.ups_monitor_wh_delivered_this_outage,22.8209571838379,2026-05-06T11:56:01.670Z
sensor.ups_monitor_wh_delivered_this_outage,22.8419246673584,2026-05-06T11:56:06.671Z
sensor.ups_monitor_wh_delivered_this_outage,22.8625602722168,2026-05-06T11:56:11.675Z
sensor.ups_monitor_wh_delivered_this_outage,22.8831157684326,2026-05-06T11:56:16.672Z
sensor.ups_monitor_wh_delivered_this_outage,22.9037475585938,2026-05-06T11:56:21.672Z
sensor.ups_monitor_wh_delivered_this_outage,22.9245948791504,2026-05-06T11:56:26.672Z
sensor.ups_monitor_wh_delivered_this_outage,22.9453029632568,2026-05-06T11:56:31.677Z
sensor.ups_monitor_wh_delivered_this_outage,22.9663314819336,2026-05-06T11:56:36.680Z
sensor.ups_monitor_wh_delivered_this_outage,22.9874210357666,2026-05-06T11:56:41.687Z
sensor.ups_monitor_wh_delivered_this_outage,23.0079612731934,2026-05-06T11:56:46.680Z
sensor.ups_monitor_wh_delivered_this_outage,23.0281391143799,2026-05-06T11:56:51.680Z
sensor.ups_monitor_wh_delivered_this_outage,23.0486087799072,2026-05-06T11:56:56.680Z
sensor.ups_monitor_wh_delivered_this_outage,23.0698356628418,2026-05-06T11:57:01.680Z
sensor.ups_monitor_wh_delivered_this_outage,23.0908813476562,2026-05-06T11:57:06.680Z
sensor.ups_monitor_wh_delivered_this_outage,23.111213684082,2026-05-06T11:57:11.690Z
sensor.ups_monitor_wh_delivered_this_outage,23.1317462921143,2026-05-06T11:57:16.693Z
sensor.ups_monitor_wh_delivered_this_outage,23.1525192260742,2026-05-06T11:57:21.682Z
sensor.ups_monitor_wh_delivered_this_outage,23.1734981536865,2026-05-06T11:57:26.683Z
sensor.ups_monitor_wh_delivered_this_outage,23.1944751739502,2026-05-06T11:57:31.683Z
sensor.ups_monitor_wh_delivered_this_outage,23.2152252197266,2026-05-06T11:57:36.683Z
sensor.ups_monitor_wh_delivered_this_outage,23.2369346618652,2026-05-06T11:57:41.689Z
sensor.ups_monitor_wh_delivered_this_outage,23.2585430145264,2026-05-06T11:57:46.683Z
sensor.ups_monitor_wh_delivered_this_outage,23.2798366546631,2026-05-06T11:57:51.685Z
sensor.ups_monitor_wh_delivered_this_outage,23.302885055542,2026-05-06T11:57:56.684Z
sensor.ups_monitor_wh_delivered_this_outage,23.3277435302734,2026-05-06T11:58:01.685Z
sensor.ups_monitor_wh_delivered_this_outage,23.3527526855469,2026-05-06T11:58:06.683Z
sensor.ups_monitor_wh_delivered_this_outage,23.377010345459,2026-05-06T11:58:11.687Z
sensor.ups_monitor_wh_delivered_this_outage,23.4010696411133,2026-05-06T11:58:16.684Z
sensor.ups_monitor_wh_delivered_this_outage,23.4249458312988,2026-05-06T11:58:21.683Z
sensor.ups_monitor_wh_delivered_this_outage,23.4483680725098,2026-05-06T11:58:26.698Z
sensor.ups_monitor_wh_delivered_this_outage,23.4719352722168,2026-05-06T11:58:31.685Z
sensor.ups_monitor_wh_delivered_this_outage,23.4957542419434,2026-05-06T11:58:36.684Z
sensor.ups_monitor_wh_delivered_this_outage,23.5191459655762,2026-05-06T11:58:41.691Z
sensor.ups_monitor_wh_delivered_this_outage,23.5428581237793,2026-05-06T11:58:46.688Z
sensor.ups_monitor_wh_delivered_this_outage,23.5671005249023,2026-05-06T11:58:51.703Z
sensor.ups_monitor_wh_delivered_this_outage,23.5912094116211,2026-05-06T11:58:56.691Z
sensor.ups_monitor_wh_delivered_this_outage,23.6143417358398,2026-05-06T11:59:01.694Z
sensor.ups_monitor_wh_delivered_this_outage,23.6364784240723,2026-05-06T11:59:06.694Z
sensor.ups_monitor_wh_delivered_this_outage,23.6578712463379,2026-05-06T11:59:11.696Z
sensor.ups_monitor_wh_delivered_this_outage,23.6791610717773,2026-05-06T11:59:16.694Z
sensor.ups_monitor_wh_delivered_this_outage,23.7003879547119,2026-05-06T11:59:21.694Z
sensor.ups_monitor_wh_delivered_this_outage,23.7211284637451,2026-05-06T11:59:26.707Z
sensor.ups_monitor_wh_delivered_this_outage,23.7421970367432,2026-05-06T11:59:31.694Z
sensor.ups_monitor_wh_delivered_this_outage,23.7632656097412,2026-05-06T11:59:36.694Z
sensor.ups_monitor_wh_delivered_this_outage,23.7836494445801,2026-05-06T11:59:41.694Z
sensor.ups_monitor_wh_delivered_this_outage,23.8043766021729,2026-05-06T11:59:46.694Z
sensor.ups_monitor_wh_delivered_this_outage,23.825252532959,2026-05-06T11:59:51.694Z
sensor.ups_monitor_wh_delivered_this_outage,23.846097946167,2026-05-06T11:59:56.709Z
sensor.ups_monitor_wh_delivered_this_outage,23.8674964904785,2026-05-06T12:00:01.695Z
sensor.ups_monitor_wh_delivered_this_outage,23.8895034790039,2026-05-06T12:00:06.695Z
sensor.ups_monitor_wh_delivered_this_outage,23.9110240936279,2026-05-06T12:00:11.696Z
sensor.ups_monitor_wh_delivered_this_outage,23.9316825866699,2026-05-06T12:00:16.695Z
sensor.ups_monitor_wh_delivered_this_outage,23.9526214599609,2026-05-06T12:00:21.695Z
sensor.ups_monitor_wh_delivered_this_outage,23.9733867645264,2026-05-06T12:00:26.709Z
sensor.ups_monitor_wh_delivered_this_outage,23.9942398071289,2026-05-06T12:00:31.697Z
sensor.ups_monitor_wh_delivered_this_outage,24.0152988433838,2026-05-06T12:00:36.709Z
sensor.ups_monitor_wh_delivered_this_outage,24.0366077423096,2026-05-06T12:00:41.697Z
sensor.ups_monitor_wh_delivered_this_outage,24.0577201843262,2026-05-06T12:00:46.696Z
sensor.ups_monitor_wh_delivered_this_outage,24.0782165527344,2026-05-06T12:00:51.710Z
sensor.ups_monitor_wh_delivered_this_outage,24.0984878540039,2026-05-06T12:00:56.711Z
sensor.ups_monitor_wh_delivered_this_outage,24.1202011108398,2026-05-06T12:01:01.698Z
sensor.ups_monitor_wh_delivered_this_outage,24.1419506072998,2026-05-06T12:01:06.698Z
sensor.ups_monitor_wh_delivered_this_outage,24.1629829406738,2026-05-06T12:01:11.701Z
sensor.ups_monitor_wh_delivered_this_outage,24.1840572357178,2026-05-06T12:01:16.699Z
sensor.ups_monitor_wh_delivered_this_outage,24.2046775817871,2026-05-06T12:01:21.713Z
sensor.ups_monitor_wh_delivered_this_outage,24.2256412506104,2026-05-06T12:01:26.713Z
sensor.ups_monitor_wh_delivered_this_outage,24.2463912963867,2026-05-06T12:01:31.700Z
sensor.ups_monitor_wh_delivered_this_outage,24.2670478820801,2026-05-06T12:01:36.699Z
sensor.ups_monitor_wh_delivered_this_outage,24.2880878448486,2026-05-06T12:01:41.701Z
sensor.ups_monitor_wh_delivered_this_outage,24.3090667724609,2026-05-06T12:01:46.699Z
sensor.ups_monitor_wh_delivered_this_outage,24.3297119140625,2026-05-06T12:01:51.704Z
sensor.ups_monitor_wh_delivered_this_outage,24.3503284454346,2026-05-06T12:01:56.717Z
sensor.ups_monitor_wh_delivered_this_outage,24.3717060089111,2026-05-06T12:02:01.705Z
sensor.ups_monitor_wh_delivered_this_outage,24.3928050994873,2026-05-06T12:02:06.704Z
sensor.ups_monitor_wh_delivered_this_outage,24.4133491516113,2026-05-06T12:02:11.713Z
sensor.ups_monitor_wh_delivered_this_outage,24.4339389801025,2026-05-06T12:02:16.707Z
sensor.ups_monitor_wh_delivered_this_outage,24.4544868469238,2026-05-06T12:02:21.707Z
sensor.ups_monitor_wh_delivered_this_outage,24.4751358032227,2026-05-06T12:02:26.711Z
sensor.ups_monitor_wh_delivered_this_outage,24.4956741333008,2026-05-06T12:02:31.711Z
sensor.ups_monitor_wh_delivered_this_outage,24.5162544250488,2026-05-06T12:02:36.725Z
sensor.ups_monitor_wh_delivered_this_outage,24.5371017456055,2026-05-06T12:02:41.718Z
sensor.ups_monitor_wh_delivered_this_outage,24.5582866668701,2026-05-06T12:02:46.712Z
sensor.ups_monitor_wh_delivered_this_outage,24.5788822174072,2026-05-06T12:02:51.711Z
sensor.ups_monitor_wh_delivered_this_outage,24.5994186401367,2026-05-06T12:02:56.726Z
sensor.ups_monitor_wh_delivered_this_outage,24.6206893920898,2026-05-06T12:03:01.713Z
sensor.ups_monitor_wh_delivered_this_outage,24.6422691345215,2026-05-06T12:03:06.716Z
sensor.ups_monitor_wh_delivered_this_outage,24.6640911102295,2026-05-06T12:03:11.715Z
sensor.ups_monitor_wh_delivered_this_outage,24.6851654052734,2026-05-06T12:03:16.622Z
sensor.ups_monitor_wh_delivered_this_outage,24.7056331634521,2026-05-06T12:03:21.719Z
sensor.ups_monitor_wh_delivered_this_outage,24.7265224456787,2026-05-06T12:03:26.733Z
sensor.ups_monitor_wh_delivered_this_outage,24.7472076416016,2026-05-06T12:03:31.719Z
sensor.ups_monitor_wh_delivered_this_outage,24.7676830291748,2026-05-06T12:03:36.734Z
sensor.ups_monitor_wh_delivered_this_outage,24.7880878448486,2026-05-06T12:03:41.726Z
sensor.ups_monitor_wh_delivered_this_outage,24.8085308074951,2026-05-06T12:03:46.721Z
sensor.ups_monitor_wh_delivered_this_outage,24.8291530609131,2026-05-06T12:03:51.721Z
sensor.ups_monitor_wh_delivered_this_outage,24.8500633239746,2026-05-06T12:03:56.721Z
sensor.ups_monitor_wh_delivered_this_outage,24.8706569671631,2026-05-06T12:04:01.721Z
sensor.ups_monitor_wh_delivered_this_outage,24.8912315368652,2026-05-06T12:04:06.738Z
sensor.ups_monitor_wh_delivered_this_outage,24.9118709564209,2026-05-06T12:04:11.732Z
sensor.ups_monitor_wh_delivered_this_outage,24.9320392608643,2026-05-06T12:04:16.724Z
sensor.ups_monitor_wh_delivered_this_outage,24.9526958465576,2026-05-06T12:04:21.724Z
sensor.ups_monitor_wh_delivered_this_outage,24.9738330841064,2026-05-06T12:04:26.724Z
sensor.ups_monitor_wh_delivered_this_outage,24.9950580596924,2026-05-06T12:04:31.724Z
sensor.ups_monitor_wh_delivered_this_outage,25.0161743164062,2026-05-06T12:04:36.725Z
sensor.ups_monitor_wh_delivered_this_outage,25.0369205474854,2026-05-06T12:04:41.725Z
sensor.ups_monitor_wh_delivered_this_outage,25.0575752258301,2026-05-06T12:04:46.724Z
sensor.ups_monitor_wh_delivered_this_outage,25.077974319458,2026-05-06T12:04:51.724Z
sensor.ups_monitor_wh_delivered_this_outage,25.0981750488281,2026-05-06T12:04:56.738Z
sensor.ups_monitor_wh_delivered_this_outage,25.1191558837891,2026-05-06T12:05:01.725Z
sensor.ups_monitor_wh_delivered_this_outage,25.1408805847168,2026-05-06T12:05:06.726Z
sensor.ups_monitor_wh_delivered_this_outage,25.1618537902832,2026-05-06T12:05:11.734Z
sensor.ups_monitor_wh_delivered_this_outage,25.1826152801514,2026-05-06T12:05:16.740Z
sensor.ups_monitor_wh_delivered_this_outage,25.2034130096436,2026-05-06T12:05:21.742Z
sensor.ups_monitor_wh_delivered_this_outage,25.2241744995117,2026-05-06T12:05:26.729Z
sensor.ups_monitor_wh_delivered_this_outage,25.2452011108398,2026-05-06T12:05:31.728Z
sensor.ups_monitor_wh_delivered_this_outage,25.26589012146,2026-05-06T12:05:36.742Z
sensor.ups_monitor_wh_delivered_this_outage,25.2865695953369,2026-05-06T12:05:41.735Z
sensor.ups_monitor_wh_delivered_this_outage,25.3076305389404,2026-05-06T12:05:46.738Z
sensor.ups_monitor_wh_delivered_this_outage,25.3285903930664,2026-05-06T12:05:51.737Z
sensor.ups_monitor_wh_delivered_this_outage,25.349401473999,2026-05-06T12:05:56.738Z
sensor.ups_monitor_wh_delivered_this_outage,25.3701133728027,2026-05-06T12:06:01.737Z
sensor.ups_monitor_wh_delivered_this_outage,25.3906059265137,2026-05-06T12:06:06.742Z
sensor.ups_monitor_wh_delivered_this_outage,25.4113025665283,2026-05-06T12:06:11.752Z
sensor.ups_monitor_wh_delivered_this_outage,25.431978225708,2026-05-06T12:06:16.757Z
sensor.ups_monitor_wh_delivered_this_outage,25.452543258667,2026-05-06T12:06:21.756Z
sensor.ups_monitor_wh_delivered_this_outage,25.473669052124,2026-05-06T12:06:26.757Z
sensor.ups_monitor_wh_delivered_this_outage,25.4947872161865,2026-05-06T12:06:31.757Z
sensor.ups_monitor_wh_delivered_this_outage,25.5151443481445,2026-05-06T12:06:36.757Z
sensor.ups_monitor_wh_delivered_this_outage,25.5355892181396,2026-05-06T12:06:41.754Z
sensor.ups_monitor_wh_delivered_this_outage,25.5561141967773,2026-05-06T12:06:46.745Z
sensor.ups_monitor_wh_delivered_this_outage,25.5765571594238,2026-05-06T12:06:51.745Z
sensor.ups_monitor_wh_delivered_this_outage,25.5974082946777,2026-05-06T12:06:56.745Z
sensor.ups_monitor_wh_delivered_this_outage,25.6182079315186,2026-05-06T12:07:01.746Z
sensor.ups_monitor_wh_delivered_this_outage,25.6391315460205,2026-05-06T12:07:06.745Z
sensor.ups_monitor_wh_delivered_this_outage,25.6603775024414,2026-05-06T12:07:11.753Z
sensor.ups_monitor_wh_delivered_this_outage,25.6810626983643,2026-05-06T12:07:16.750Z
sensor.ups_monitor_wh_delivered_this_outage,25.7015590667725,2026-05-06T12:07:21.753Z
sensor.ups_monitor_wh_delivered_this_outage,25.7222232818604,2026-05-06T12:07:26.766Z
sensor.ups_monitor_wh_delivered_this_outage,25.7429599761963,2026-05-06T12:07:31.752Z
sensor.ups_monitor_wh_delivered_this_outage,25.7636260986328,2026-05-06T12:07:36.753Z
sensor.ups_monitor_wh_delivered_this_outage,25.7839393615723,2026-05-06T12:07:41.756Z
sensor.ups_monitor_wh_delivered_this_outage,25.8043193817139,2026-05-06T12:07:46.755Z
sensor.ups_monitor_wh_delivered_this_outage,25.8246536254883,2026-05-06T12:07:51.754Z
sensor.ups_monitor_wh_delivered_this_outage,25.8452835083008,2026-05-06T12:07:56.756Z
sensor.ups_monitor_wh_delivered_this_outage,25.866325378418,2026-05-06T12:08:01.755Z
sensor.ups_monitor_wh_delivered_this_outage,25.8872013092041,2026-05-06T12:08:06.756Z
sensor.ups_monitor_wh_delivered_this_outage,25.9082260131836,2026-05-06T12:08:11.755Z
sensor.ups_monitor_wh_delivered_this_outage,25.929443359375,2026-05-06T12:08:16.755Z
sensor.ups_monitor_wh_delivered_this_outage,25.9502220153809,2026-05-06T12:08:21.755Z
sensor.ups_monitor_wh_delivered_this_outage,25.9707489013672,2026-05-06T12:08:26.756Z
sensor.ups_monitor_wh_delivered_this_outage,25.991849899292,2026-05-06T12:08:31.756Z
sensor.ups_monitor_wh_delivered_this_outage,26.0129928588867,2026-05-06T12:08:36.756Z
sensor.ups_monitor_wh_delivered_this_outage,26.0336265563965,2026-05-06T12:08:41.763Z
sensor.ups_monitor_wh_delivered_this_outage,26.0543346405029,2026-05-06T12:08:46.756Z
sensor.ups_monitor_wh_delivered_this_outage,26.0748558044434,2026-05-06T12:08:51.760Z
sensor.ups_monitor_wh_delivered_this_outage,26.0960178375244,2026-05-06T12:08:56.760Z
sensor.ups_monitor_wh_delivered_this_outage,26.1178569793701,2026-05-06T12:09:01.773Z
sensor.ups_monitor_wh_delivered_this_outage,26.1388645172119,2026-05-06T12:09:06.763Z
sensor.ups_monitor_wh_delivered_this_outage,26.1591663360596,2026-05-06T12:09:11.755Z
sensor.ups_monitor_wh_delivered_this_outage,26.1799716949463,2026-05-06T12:09:16.761Z
sensor.ups_monitor_wh_delivered_this_outage,26.2012119293213,2026-05-06T12:09:21.777Z
sensor.ups_monitor_wh_delivered_this_outage,26.2226428985596,2026-05-06T12:09:26.765Z
sensor.ups_monitor_wh_delivered_this_outage,26.2441291809082,2026-05-06T12:09:31.765Z
sensor.ups_monitor_wh_delivered_this_outage,26.2650089263916,2026-05-06T12:09:36.762Z
sensor.ups_monitor_wh_delivered_this_outage,26.2862854003906,2026-05-06T12:09:41.770Z
sensor.ups_monitor_wh_delivered_this_outage,26.3077011108398,2026-05-06T12:09:46.764Z
sensor.ups_monitor_wh_delivered_this_outage,26.328275680542,2026-05-06T12:09:51.769Z
sensor.ups_monitor_wh_delivered_this_outage,26.3495216369629,2026-05-06T12:09:56.770Z
sensor.ups_monitor_wh_delivered_this_outage,26.3710479736328,2026-05-06T12:10:01.766Z
sensor.ups_monitor_wh_delivered_this_outage,26.3916664123535,2026-05-06T12:10:06.767Z
sensor.ups_monitor_wh_delivered_this_outage,26.4123916625977,2026-05-06T12:10:11.771Z
sensor.ups_monitor_wh_delivered_this_outage,26.433874130249,2026-05-06T12:10:16.772Z
sensor.ups_monitor_wh_delivered_this_outage,26.4551792144775,2026-05-06T12:10:21.770Z
sensor.ups_monitor_wh_delivered_this_outage,26.4755954742432,2026-05-06T12:10:26.774Z
sensor.ups_monitor_wh_delivered_this_outage,26.4961719512939,2026-05-06T12:10:31.773Z
sensor.ups_monitor_wh_delivered_this_outage,26.5172176361084,2026-05-06T12:10:36.785Z
sensor.ups_monitor_wh_delivered_this_outage,26.5385322570801,2026-05-06T12:10:41.774Z
sensor.ups_monitor_wh_delivered_this_outage,26.5595836639404,2026-05-06T12:10:46.775Z
sensor.ups_monitor_wh_delivered_this_outage,26.580774307251,2026-05-06T12:10:51.775Z
sensor.ups_monitor_wh_delivered_this_outage,26.6020259857178,2026-05-06T12:10:56.791Z
sensor.ups_monitor_wh_delivered_this_outage,26.6235847473145,2026-05-06T12:11:01.777Z
sensor.ups_monitor_wh_delivered_this_outage,26.6452140808105,2026-05-06T12:11:06.777Z
sensor.ups_monitor_wh_delivered_this_outage,26.666841506958,2026-05-06T12:11:11.776Z
sensor.ups_monitor_wh_delivered_this_outage,26.6881694793701,2026-05-06T12:11:16.776Z
sensor.ups_monitor_wh_delivered_this_outage,26.7094821929932,2026-05-06T12:11:21.779Z
sensor.ups_monitor_wh_delivered_this_outage,26.73095703125,2026-05-06T12:11:26.781Z
sensor.ups_monitor_wh_delivered_this_outage,26.7514228820801,2026-05-06T12:11:31.784Z
sensor.ups_monitor_wh_delivered_this_outage,26.77174949646,2026-05-06T12:11:36.799Z
sensor.ups_monitor_wh_delivered_this_outage,26.7926216125488,2026-05-06T12:11:41.786Z
sensor.ups_monitor_wh_delivered_this_outage,26.8139381408691,2026-05-06T12:11:46.794Z
sensor.ups_monitor_wh_delivered_this_outage,26.8349418640137,2026-05-06T12:11:51.794Z
sensor.ups_monitor_wh_delivered_this_outage,26.8561725616455,2026-05-06T12:11:56.794Z
sensor.ups_monitor_wh_delivered_this_outage,26.8773956298828,2026-05-06T12:12:01.794Z
sensor.ups_monitor_wh_delivered_this_outage,26.8980312347412,2026-05-06T12:12:06.795Z
sensor.ups_monitor_wh_delivered_this_outage,26.9189529418945,2026-05-06T12:12:11.777Z
sensor.ups_monitor_wh_delivered_this_outage,26.9396648406982,2026-05-06T12:12:16.801Z
sensor.ups_monitor_wh_delivered_this_outage,26.9601039886475,2026-05-06T12:12:21.801Z
sensor.ups_monitor_wh_delivered_this_outage,26.981086730957,2026-05-06T12:12:26.801Z
sensor.ups_monitor_wh_delivered_this_outage,27.0021095275879,2026-05-06T12:12:31.801Z
sensor.ups_monitor_wh_delivered_this_outage,27.0229873657227,2026-05-06T12:12:36.803Z
sensor.ups_monitor_wh_delivered_this_outage,27.0450305938721,2026-05-06T12:12:41.778Z
sensor.ups_monitor_wh_delivered_this_outage,27.0677757263184,2026-05-06T12:12:46.803Z
sensor.ups_monitor_wh_delivered_this_outage,27.0892124176025,2026-05-06T12:12:51.803Z
sensor.ups_monitor_wh_delivered_this_outage,27.1103343963623,2026-05-06T12:12:56.803Z
sensor.ups_monitor_wh_delivered_this_outage,27.1316299438477,2026-05-06T12:13:01.804Z
sensor.ups_monitor_wh_delivered_this_outage,27.1525249481201,2026-05-06T12:13:06.804Z
sensor.ups_monitor_wh_delivered_this_outage,27.1736965179443,2026-05-06T12:13:11.773Z
sensor.ups_monitor_wh_delivered_this_outage,27.1951465606689,2026-05-06T12:13:16.804Z
sensor.ups_monitor_wh_delivered_this_outage,27.2161159515381,2026-05-06T12:13:21.805Z
sensor.ups_monitor_wh_delivered_this_outage,27.2371425628662,2026-05-06T12:13:26.806Z
sensor.ups_monitor_wh_delivered_this_outage,27.2582397460938,2026-05-06T12:13:31.808Z
sensor.ups_monitor_wh_delivered_this_outage,27.2791919708252,2026-05-06T12:13:36.808Z
sensor.ups_monitor_wh_delivered_this_outage,27.3007202148438,2026-05-06T12:13:41.779Z
sensor.ups_monitor_wh_delivered_this_outage,27.3225593566895,2026-05-06T12:13:46.810Z
sensor.ups_monitor_wh_delivered_this_outage,27.343656539917,2026-05-06T12:13:51.810Z
sensor.ups_monitor_wh_delivered_this_outage,27.3640823364258,2026-05-06T12:13:56.812Z
sensor.ups_monitor_wh_delivered_this_outage,27.3847599029541,2026-05-06T12:14:01.813Z
sensor.ups_monitor_wh_delivered_this_outage,27.4054775238037,2026-05-06T12:14:06.825Z
sensor.ups_monitor_wh_delivered_this_outage,27.4259757995605,2026-05-06T12:14:11.813Z
sensor.ups_monitor_wh_delivered_this_outage,27.4464931488037,2026-05-06T12:14:16.825Z
sensor.ups_monitor_wh_delivered_this_outage,27.4671421051025,2026-05-06T12:14:21.825Z
sensor.ups_monitor_wh_delivered_this_outage,27.4879417419434,2026-05-06T12:14:26.825Z
sensor.ups_monitor_wh_delivered_this_outage,27.508617401123,2026-05-06T12:14:31.826Z
sensor.ups_monitor_wh_delivered_this_outage,27.5299701690674,2026-05-06T12:14:36.829Z
sensor.ups_monitor_wh_delivered_this_outage,27.5514030456543,2026-05-06T12:14:41.800Z
sensor.ups_monitor_wh_delivered_this_outage,27.5726013183594,2026-05-06T12:14:46.817Z
sensor.ups_monitor_wh_delivered_this_outage,27.5938911437988,2026-05-06T12:14:51.816Z
sensor.ups_monitor_wh_delivered_this_outage,27.6144886016846,2026-05-06T12:14:56.816Z
sensor.ups_monitor_wh_delivered_this_outage,27.6349544525146,2026-05-06T12:15:01.816Z
sensor.ups_monitor_wh_delivered_this_outage,27.6554508209229,2026-05-06T12:15:06.818Z
sensor.ups_monitor_wh_delivered_this_outage,27.6762504577637,2026-05-06T12:15:11.819Z
sensor.ups_monitor_wh_delivered_this_outage,27.6972370147705,2026-05-06T12:15:16.821Z
sensor.ups_monitor_wh_delivered_this_outage,27.7182655334473,2026-05-06T12:15:21.836Z
sensor.ups_monitor_wh_delivered_this_outage,27.739725112915,2026-05-06T12:15:26.838Z
sensor.ups_monitor_wh_delivered_this_outage,27.7610111236572,2026-05-06T12:15:31.825Z
sensor.ups_monitor_wh_delivered_this_outage,27.7815418243408,2026-05-06T12:15:36.825Z
sensor.ups_monitor_wh_delivered_this_outage,27.8019409179688,2026-05-06T12:15:41.818Z
sensor.ups_monitor_wh_delivered_this_outage,27.8232841491699,2026-05-06T12:15:46.827Z
sensor.ups_monitor_wh_delivered_this_outage,27.8444995880127,2026-05-06T12:15:51.826Z
sensor.ups_monitor_wh_delivered_this_outage,27.8659992218018,2026-05-06T12:15:56.828Z
sensor.ups_monitor_wh_delivered_this_outage,27.8879470825195,2026-05-06T12:16:01.828Z
sensor.ups_monitor_wh_delivered_this_outage,27.9087600708008,2026-05-06T12:16:06.829Z
sensor.ups_monitor_wh_delivered_this_outage,27.9298076629639,2026-05-06T12:16:11.833Z
sensor.ups_monitor_wh_delivered_this_outage,27.9509887695312,2026-05-06T12:16:16.833Z
sensor.ups_monitor_wh_delivered_this_outage,27.972282409668,2026-05-06T12:16:21.847Z
sensor.ups_monitor_wh_delivered_this_outage,27.9940605163574,2026-05-06T12:16:26.836Z
sensor.ups_monitor_wh_delivered_this_outage,28.0152359008789,2026-05-06T12:16:31.834Z
sensor.ups_monitor_wh_delivered_this_outage,28.0355739593506,2026-05-06T12:16:36.847Z
sensor.ups_monitor_wh_delivered_this_outage,28.0563526153564,2026-05-06T12:16:41.811Z
sensor.ups_monitor_wh_delivered_this_outage,28.0774917602539,2026-05-06T12:16:46.847Z
sensor.ups_monitor_wh_delivered_this_outage,28.0980548858643,2026-05-06T12:16:51.834Z
sensor.ups_monitor_wh_delivered_this_outage,28.1183815002441,2026-05-06T12:16:56.834Z
sensor.ups_monitor_wh_delivered_this_outage,28.1387672424316,2026-05-06T12:17:01.847Z
sensor.ups_monitor_wh_delivered_this_outage,28.1595706939697,2026-05-06T12:17:06.834Z
sensor.ups_monitor_wh_delivered_this_outage,28.180534362793,2026-05-06T12:17:11.835Z
sensor.ups_monitor_wh_delivered_this_outage,28.2012157440186,2026-05-06T12:17:16.834Z
sensor.ups_monitor_wh_delivered_this_outage,28.2218227386475,2026-05-06T12:17:21.837Z
sensor.ups_monitor_wh_delivered_this_outage,28.2425079345703,2026-05-06T12:17:26.851Z
sensor.ups_monitor_wh_delivered_this_outage,28.2633762359619,2026-05-06T12:17:31.838Z
sensor.ups_monitor_wh_delivered_this_outage,28.2843933105469,2026-05-06T12:17:36.852Z
sensor.ups_monitor_wh_delivered_this_outage,28.3050727844238,2026-05-06T12:17:41.844Z
sensor.ups_monitor_wh_delivered_this_outage,28.3254299163818,2026-05-06T12:17:46.842Z
sensor.ups_monitor_wh_delivered_this_outage,28.3467998504639,2026-05-06T12:17:51.857Z
sensor.ups_monitor_wh_delivered_this_outage,28.3686542510986,2026-05-06T12:17:56.857Z
sensor.ups_monitor_wh_delivered_this_outage,28.3902263641357,2026-05-06T12:18:01.858Z
sensor.ups_monitor_wh_delivered_this_outage,28.4118728637695,2026-05-06T12:18:06.869Z
sensor.ups_monitor_wh_delivered_this_outage,28.4334526062012,2026-05-06T12:18:11.850Z
sensor.ups_monitor_wh_delivered_this_outage,28.4554424285889,2026-05-06T12:18:16.866Z
sensor.ups_monitor_wh_delivered_this_outage,28.4771862030029,2026-05-06T12:18:21.862Z
sensor.ups_monitor_wh_delivered_this_outage,28.4983081817627,2026-05-06T12:18:26.868Z
sensor.ups_monitor_wh_delivered_this_outage,28.5198078155518,2026-05-06T12:18:31.870Z
sensor.ups_monitor_wh_delivered_this_outage,28.5411548614502,2026-05-06T12:18:36.849Z
sensor.ups_monitor_wh_delivered_this_outage,28.5622291564941,2026-05-06T12:18:41.844Z
sensor.ups_monitor_wh_delivered_this_outage,28.5831413269043,2026-05-06T12:18:46.864Z
sensor.ups_monitor_wh_delivered_this_outage,28.6040515899658,2026-05-06T12:18:51.850Z
sensor.ups_monitor_wh_delivered_this_outage,28.6248626708984,2026-05-06T12:18:56.850Z
sensor.ups_monitor_wh_delivered_this_outage,28.6452140808105,2026-05-06T12:19:01.864Z
sensor.ups_monitor_wh_delivered_this_outage,28.6660919189453,2026-05-06T12:19:06.850Z
sensor.ups_monitor_wh_delivered_this_outage,28.6877899169922,2026-05-06T12:19:11.851Z
sensor.ups_monitor_wh_delivered_this_outage,28.709171295166,2026-05-06T12:19:16.852Z
sensor.ups_monitor_wh_delivered_this_outage,28.7301921844482,2026-05-06T12:19:21.865Z
sensor.ups_monitor_wh_delivered_this_outage,28.7512226104736,2026-05-06T12:19:26.867Z
sensor.ups_monitor_wh_delivered_this_outage,28.7717113494873,2026-05-06T12:19:31.854Z
sensor.ups_monitor_wh_delivered_this_outage,28.7923221588135,2026-05-06T12:19:36.869Z
sensor.ups_monitor_wh_delivered_this_outage,28.8133983612061,2026-05-06T12:19:41.854Z
sensor.ups_monitor_wh_delivered_this_outage,28.8341636657715,2026-05-06T12:19:46.856Z
sensor.ups_monitor_wh_delivered_this_outage,28.8548984527588,2026-05-06T12:19:51.860Z
sensor.ups_monitor_wh_delivered_this_outage,28.876049041748,2026-05-06T12:19:56.856Z
sensor.ups_monitor_wh_delivered_this_outage,28.8972244262695,2026-05-06T12:20:01.856Z
sensor.ups_monitor_wh_delivered_this_outage,28.9178924560547,2026-05-06T12:20:06.871Z
sensor.ups_monitor_wh_delivered_this_outage,28.9386196136475,2026-05-06T12:20:11.866Z
sensor.ups_monitor_wh_delivered_this_outage,28.9595890045166,2026-05-06T12:20:16.863Z
sensor.ups_monitor_wh_delivered_this_outage,28.9807758331299,2026-05-06T12:20:21.864Z
sensor.ups_monitor_wh_delivered_this_outage,29.0021514892578,2026-05-06T12:20:26.865Z
sensor.ups_monitor_wh_delivered_this_outage,29.023229598999,2026-05-06T12:20:31.865Z
sensor.ups_monitor_wh_delivered_this_outage,29.0439510345459,2026-05-06T12:20:36.869Z
sensor.ups_monitor_wh_delivered_this_outage,29.0644149780273,2026-05-06T12:20:41.838Z
sensor.ups_monitor_wh_delivered_this_outage,29.0850448608398,2026-05-06T12:20:46.876Z
sensor.ups_monitor_wh_delivered_this_outage,29.1060314178467,2026-05-06T12:20:51.874Z
sensor.ups_monitor_wh_delivered_this_outage,29.1267185211182,2026-05-06T12:20:56.876Z
sensor.ups_monitor_wh_delivered_this_outage,29.1475028991699,2026-05-06T12:21:01.874Z
sensor.ups_monitor_wh_delivered_this_outage,29.16872215271,2026-05-06T12:21:06.875Z
sensor.ups_monitor_wh_delivered_this_outage,29.189847946167,2026-05-06T12:21:11.878Z
sensor.ups_monitor_wh_delivered_this_outage,29.2104530334473,2026-05-06T12:21:16.879Z
sensor.ups_monitor_wh_delivered_this_outage,29.2307929992676,2026-05-06T12:21:21.879Z
sensor.ups_monitor_wh_delivered_this_outage,29.2513732910156,2026-05-06T12:21:26.879Z
sensor.ups_monitor_wh_delivered_this_outage,29.2718105316162,2026-05-06T12:21:31.881Z
sensor.ups_monitor_wh_delivered_this_outage,29.2922954559326,2026-05-06T12:21:36.882Z
sensor.ups_monitor_wh_delivered_this_outage,29.3130359649658,2026-05-06T12:21:41.896Z
sensor.ups_monitor_wh_delivered_this_outage,29.3340969085693,2026-05-06T12:21:46.882Z
sensor.ups_monitor_wh_delivered_this_outage,29.3551006317139,2026-05-06T12:21:51.884Z
sensor.ups_monitor_wh_delivered_this_outage,29.3758182525635,2026-05-06T12:21:56.886Z
sensor.ups_monitor_wh_delivered_this_outage,29.3967628479004,2026-05-06T12:22:01.885Z
sensor.ups_monitor_wh_delivered_this_outage,29.4175777435303,2026-05-06T12:22:06.886Z
sensor.ups_monitor_wh_delivered_this_outage,29.4381656646729,2026-05-06T12:22:11.886Z
sensor.ups_monitor_wh_delivered_this_outage,29.4590072631836,2026-05-06T12:22:16.893Z
sensor.ups_monitor_wh_delivered_this_outage,29.4799900054932,2026-05-06T12:22:21.893Z
sensor.ups_monitor_wh_delivered_this_outage,29.5006790161133,2026-05-06T12:22:26.895Z
sensor.ups_monitor_wh_delivered_this_outage,29.521068572998,2026-05-06T12:22:31.894Z
sensor.ups_monitor_wh_delivered_this_outage,29.5418930053711,2026-05-06T12:22:36.895Z
sensor.ups_monitor_wh_delivered_this_outage,29.5627956390381,2026-05-06T12:22:41.896Z
sensor.ups_monitor_wh_delivered_this_outage,29.5831260681152,2026-05-06T12:22:46.897Z
sensor.ups_monitor_wh_delivered_this_outage,29.6032981872559,2026-05-06T12:22:51.896Z
sensor.ups_monitor_wh_delivered_this_outage,29.6240615844727,2026-05-06T12:22:56.897Z
sensor.ups_monitor_wh_delivered_this_outage,29.6451854705811,2026-05-06T12:23:01.897Z
sensor.ups_monitor_wh_delivered_this_outage,29.6657867431641,2026-05-06T12:23:06.899Z
sensor.ups_monitor_wh_delivered_this_outage,29.6861686706543,2026-05-06T12:23:11.901Z
sensor.ups_monitor_wh_delivered_this_outage,29.7069454193115,2026-05-06T12:23:16.904Z
sensor.ups_monitor_wh_delivered_this_outage,29.7277584075928,2026-05-06T12:23:21.904Z
sensor.ups_monitor_wh_delivered_this_outage,29.7481384277344,2026-05-06T12:23:26.904Z
sensor.ups_monitor_wh_delivered_this_outage,29.7682247161865,2026-05-06T12:23:31.906Z
sensor.ups_monitor_wh_delivered_this_outage,29.788402557373,2026-05-06T12:23:36.906Z
sensor.ups_monitor_wh_delivered_this_outage,29.8089733123779,2026-05-06T12:23:41.906Z
sensor.ups_monitor_wh_delivered_this_outage,29.8303375244141,2026-05-06T12:23:46.906Z
sensor.ups_monitor_wh_delivered_this_outage,29.8517322540283,2026-05-06T12:23:51.908Z
sensor.ups_monitor_wh_delivered_this_outage,29.8722972869873,2026-05-06T12:23:56.908Z
sensor.ups_monitor_wh_delivered_this_outage,29.8931560516357,2026-05-06T12:24:01.911Z
sensor.ups_monitor_wh_delivered_this_outage,29.914192199707,2026-05-06T12:24:06.911Z
sensor.ups_monitor_wh_delivered_this_outage,29.9349803924561,2026-05-06T12:24:11.918Z
sensor.ups_monitor_wh_delivered_this_outage,29.9560432434082,2026-05-06T12:24:16.917Z
sensor.ups_monitor_wh_delivered_this_outage,29.9778003692627,2026-05-06T12:24:21.917Z
sensor.ups_monitor_wh_delivered_this_outage,29.9996395111084,2026-05-06T12:24:26.917Z
sensor.ups_monitor_wh_delivered_this_outage,30.0205268859863,2026-05-06T12:24:31.917Z
sensor.ups_monitor_wh_delivered_this_outage,30.0409107208252,2026-05-06T12:24:36.918Z
sensor.ups_monitor_wh_delivered_this_outage,30.0616893768311,2026-05-06T12:24:41.918Z
sensor.ups_monitor_wh_delivered_this_outage,30.0830307006836,2026-05-06T12:24:46.921Z
sensor.ups_monitor_wh_delivered_this_outage,30.103853225708,2026-05-06T12:24:51.923Z
sensor.ups_monitor_wh_delivered_this_outage,30.1244297027588,2026-05-06T12:24:56.938Z
sensor.ups_monitor_wh_delivered_this_outage,30.1458282470703,2026-05-06T12:25:01.926Z
sensor.ups_monitor_wh_delivered_this_outage,30.1673946380615,2026-05-06T12:25:06.925Z
sensor.ups_monitor_wh_delivered_this_outage,30.1886501312256,2026-05-06T12:25:11.933Z
sensor.ups_monitor_wh_delivered_this_outage,30.2100582122803,2026-05-06T12:25:16.932Z
sensor.ups_monitor_wh_delivered_this_outage,30.2318286895752,2026-05-06T12:25:21.933Z
sensor.ups_monitor_wh_delivered_this_outage,30.2533550262451,2026-05-06T12:25:26.933Z
sensor.ups_monitor_wh_delivered_this_outage,30.2750587463379,2026-05-06T12:25:31.933Z
sensor.ups_monitor_wh_delivered_this_outage,30.2967491149902,2026-05-06T12:25:36.935Z
sensor.ups_monitor_wh_delivered_this_outage,30.3182468414307,2026-05-06T12:25:41.936Z
sensor.ups_monitor_wh_delivered_this_outage,30.3400135040283,2026-05-06T12:25:46.935Z
sensor.ups_monitor_wh_delivered_this_outage,30.3618679046631,2026-05-06T12:25:51.935Z
sensor.ups_monitor_wh_delivered_this_outage,30.3833599090576,2026-05-06T12:25:56.936Z
sensor.ups_monitor_wh_delivered_this_outage,30.4048290252686,2026-05-06T12:26:01.936Z
sensor.ups_monitor_wh_delivered_this_outage,30.4262924194336,2026-05-06T12:26:06.941Z
sensor.ups_monitor_wh_delivered_this_outage,30.4477863311768,2026-05-06T12:26:11.939Z
sensor.ups_monitor_wh_delivered_this_outage,30.4695320129395,2026-05-06T12:26:16.939Z
sensor.ups_monitor_wh_delivered_this_outage,30.4909000396729,2026-05-06T12:26:21.941Z
sensor.ups_monitor_wh_delivered_this_outage,30.5127849578857,2026-05-06T12:26:26.940Z
sensor.ups_monitor_wh_delivered_this_outage,30.5341739654541,2026-05-06T12:26:31.943Z
sensor.ups_monitor_wh_delivered_this_outage,30.5549564361572,2026-05-06T12:26:36.944Z
sensor.ups_monitor_wh_delivered_this_outage,30.5765171051025,2026-05-06T12:26:41.956Z
sensor.ups_monitor_wh_delivered_this_outage,30.5980091094971,2026-05-06T12:26:46.943Z
sensor.ups_monitor_wh_delivered_this_outage,30.619535446167,2026-05-06T12:26:51.943Z
sensor.ups_monitor_wh_delivered_this_outage,30.6407337188721,2026-05-06T12:26:56.944Z
sensor.ups_monitor_wh_delivered_this_outage,30.6620292663574,2026-05-06T12:27:01.945Z
sensor.ups_monitor_wh_delivered_this_outage,30.6835460662842,2026-05-06T12:27:06.948Z
sensor.ups_monitor_wh_delivered_this_outage,30.7042961120605,2026-05-06T12:27:11.947Z
sensor.ups_monitor_wh_delivered_this_outage,30.7248840332031,2026-05-06T12:27:16.947Z
sensor.ups_monitor_wh_delivered_this_outage,30.7459049224854,2026-05-06T12:27:21.947Z
sensor.ups_monitor_wh_delivered_this_outage,30.7671165466309,2026-05-06T12:27:26.961Z
sensor.ups_monitor_wh_delivered_this_outage,30.7882347106934,2026-05-06T12:27:31.948Z
sensor.ups_monitor_wh_delivered_this_outage,30.8088474273682,2026-05-06T12:27:36.949Z
sensor.ups_monitor_wh_delivered_this_outage,30.8291606903076,2026-05-06T12:27:41.955Z
sensor.ups_monitor_wh_delivered_this_outage,30.8500938415527,2026-05-06T12:27:46.956Z
sensor.ups_monitor_wh_delivered_this_outage,30.8709449768066,2026-05-06T12:27:51.970Z
sensor.ups_monitor_wh_delivered_this_outage,30.891975402832,2026-05-06T12:27:56.957Z
sensor.ups_monitor_wh_delivered_this_outage,30.9129657745361,2026-05-06T12:28:01.957Z
sensor.ups_monitor_wh_delivered_this_outage,30.9336986541748,2026-05-06T12:28:06.971Z
sensor.ups_monitor_wh_delivered_this_outage,30.9544506072998,2026-05-06T12:28:11.958Z
sensor.ups_monitor_wh_delivered_this_outage,30.9754981994629,2026-05-06T12:28:16.958Z
sensor.ups_monitor_wh_delivered_this_outage,30.9965152740479,2026-05-06T12:28:21.972Z
sensor.ups_monitor_wh_delivered_this_outage,31.017053604126,2026-05-06T12:28:26.972Z
sensor.ups_monitor_wh_delivered_this_outage,31.0378093719482,2026-05-06T12:28:31.959Z
sensor.ups_monitor_wh_delivered_this_outage,31.0582714080811,2026-05-06T12:28:36.972Z
sensor.ups_monitor_wh_delivered_this_outage,31.0787239074707,2026-05-06T12:28:41.972Z
sensor.ups_monitor_wh_delivered_this_outage,31.099588394165,2026-05-06T12:28:46.959Z
sensor.ups_monitor_wh_delivered_this_outage,31.1203746795654,2026-05-06T12:28:51.959Z
sensor.ups_monitor_wh_delivered_this_outage,31.1413459777832,2026-05-06T12:28:56.962Z
sensor.ups_monitor_wh_delivered_this_outage,31.1620407104492,2026-05-06T12:29:01.976Z
sensor.ups_monitor_wh_delivered_this_outage,31.1826591491699,2026-05-06T12:29:06.976Z
sensor.ups_monitor_wh_delivered_this_outage,31.2032451629639,2026-05-06T12:29:11.963Z
sensor.ups_monitor_wh_delivered_this_outage,31.2236099243164,2026-05-06T12:29:16.976Z
sensor.ups_monitor_wh_delivered_this_outage,31.244010925293,2026-05-06T12:29:21.976Z
sensor.ups_monitor_wh_delivered_this_outage,31.2641983032227,2026-05-06T12:29:26.976Z
sensor.ups_monitor_wh_delivered_this_outage,31.2850532531738,2026-05-06T12:29:31.976Z
sensor.ups_monitor_wh_delivered_this_outage,31.3059577941895,2026-05-06T12:29:36.977Z
sensor.ups_monitor_wh_delivered_this_outage,31.3266048431396,2026-05-06T12:29:41.979Z
sensor.ups_monitor_wh_delivered_this_outage,31.3477058410645,2026-05-06T12:29:46.965Z
sensor.ups_monitor_wh_delivered_this_outage,31.3690948486328,2026-05-06T12:29:51.966Z
sensor.ups_monitor_wh_delivered_this_outage,31.3909950256348,2026-05-06T12:29:56.965Z
sensor.ups_monitor_wh_delivered_this_outage,31.4130706787109,2026-05-06T12:30:01.964Z
sensor.ups_monitor_wh_delivered_this_outage,31.4342231750488,2026-05-06T12:30:06.965Z
sensor.ups_monitor_wh_delivered_this_outage,31.4548072814941,2026-05-06T12:30:11.965Z
sensor.ups_monitor_wh_delivered_this_outage,31.4759769439697,2026-05-06T12:30:16.965Z
sensor.ups_monitor_wh_delivered_this_outage,31.4979209899902,2026-05-06T12:30:21.965Z
sensor.ups_monitor_wh_delivered_this_outage,31.5198364257812,2026-05-06T12:30:26.966Z
sensor.ups_monitor_wh_delivered_this_outage,31.5411071777344,2026-05-06T12:30:31.966Z
sensor.ups_monitor_wh_delivered_this_outage,31.5619926452637,2026-05-06T12:30:36.968Z
sensor.ups_monitor_wh_delivered_this_outage,31.5826206207275,2026-05-06T12:30:41.967Z
sensor.ups_monitor_wh_delivered_this_outage,31.6033134460449,2026-05-06T12:30:46.968Z
sensor.ups_monitor_wh_delivered_this_outage,31.6239414215088,2026-05-06T12:30:51.968Z
sensor.ups_monitor_wh_delivered_this_outage,31.6441707611084,2026-05-06T12:30:56.967Z
sensor.ups_monitor_wh_delivered_this_outage,31.6652774810791,2026-05-06T12:31:01.967Z
sensor.ups_monitor_wh_delivered_this_outage,31.6870975494385,2026-05-06T12:31:06.981Z
sensor.ups_monitor_wh_delivered_this_outage,31.7086791992188,2026-05-06T12:31:11.970Z
sensor.ups_monitor_wh_delivered_this_outage,31.7302665710449,2026-05-06T12:31:16.973Z
sensor.ups_monitor_wh_delivered_this_outage,31.7511577606201,2026-05-06T12:31:21.977Z
sensor.ups_monitor_wh_delivered_this_outage,31.7719192504883,2026-05-06T12:31:26.991Z
sensor.ups_monitor_wh_delivered_this_outage,31.7928104400635,2026-05-06T12:31:31.978Z
sensor.ups_monitor_wh_delivered_this_outage,31.814754486084,2026-05-06T12:31:36.991Z
sensor.ups_monitor_wh_delivered_this_outage,31.8371562957764,2026-05-06T12:31:41.978Z
sensor.ups_monitor_wh_delivered_this_outage,31.8580265045166,2026-05-06T12:31:46.978Z
sensor.ups_monitor_wh_delivered_this_outage,31.8782215118408,2026-05-06T12:31:51.979Z
sensor.ups_monitor_wh_delivered_this_outage,31.8989276885986,2026-05-06T12:31:56.980Z
sensor.ups_monitor_wh_delivered_this_outage,31.9196796417236,2026-05-06T12:32:01.981Z
sensor.ups_monitor_wh_delivered_this_outage,31.940242767334,2026-05-06T12:32:06.980Z
sensor.ups_monitor_wh_delivered_this_outage,31.9613552093506,2026-05-06T12:32:11.980Z
sensor.ups_monitor_wh_delivered_this_outage,31.9827556610107,2026-05-06T12:32:16.980Z
sensor.ups_monitor_wh_delivered_this_outage,32.0039024353027,2026-05-06T12:32:21.981Z
sensor.ups_monitor_wh_delivered_this_outage,32.024845123291,2026-05-06T12:32:26.996Z
sensor.ups_monitor_wh_delivered_this_outage,32.0456809997559,2026-05-06T12:32:31.994Z
sensor.ups_monitor_wh_delivered_this_outage,32.0662879943848,2026-05-06T12:32:36.982Z
sensor.ups_monitor_wh_delivered_this_outage,32.0868034362793,2026-05-06T12:32:41.994Z
sensor.ups_monitor_wh_delivered_this_outage,32.1072692871094,2026-05-06T12:32:46.997Z
sensor.ups_monitor_wh_delivered_this_outage,32.128116607666,2026-05-06T12:32:51.983Z
sensor.ups_monitor_wh_delivered_this_outage,32.1492500305176,2026-05-06T12:32:56.999Z
sensor.ups_monitor_wh_delivered_this_outage,32.170482635498,2026-05-06T12:33:01.985Z
sensor.ups_monitor_wh_delivered_this_outage,32.1916160583496,2026-05-06T12:33:06.988Z
sensor.ups_monitor_wh_delivered_this_outage,32.2123985290527,2026-05-06T12:33:11.988Z
sensor.ups_monitor_wh_delivered_this_outage,32.2333221435547,2026-05-06T12:33:17.005Z
sensor.ups_monitor_wh_delivered_this_outage,32.2544364929199,2026-05-06T12:33:22.004Z
sensor.ups_monitor_wh_delivered_this_outage,32.2751388549805,2026-05-06T12:33:27.006Z
sensor.ups_monitor_wh_delivered_this_outage,32.2953147888184,2026-05-06T12:33:31.991Z
sensor.ups_monitor_wh_delivered_this_outage,32.3156585693359,2026-05-06T12:33:36.991Z
sensor.ups_monitor_wh_delivered_this_outage,32.3363304138184,2026-05-06T12:33:42.004Z
sensor.ups_monitor_wh_delivered_this_outage,32.356803894043,2026-05-06T12:33:46.898Z
sensor.ups_monitor_wh_delivered_this_outage,32.3769569396973,2026-05-06T12:33:51.996Z
sensor.ups_monitor_wh_delivered_this_outage,32.3970489501953,2026-05-06T12:33:56.997Z
sensor.ups_monitor_wh_delivered_this_outage,32.4176788330078,2026-05-06T12:34:02.011Z
sensor.ups_monitor_wh_delivered_this_outage,32.4387512207031,2026-05-06T12:34:07.011Z
sensor.ups_monitor_wh_delivered_this_outage,32.4594497680664,2026-05-06T12:34:11.998Z
sensor.ups_monitor_wh_delivered_this_outage,32.4798240661621,2026-05-06T12:34:17.014Z
sensor.ups_monitor_wh_delivered_this_outage,32.5007934570312,2026-05-06T12:34:21.999Z
sensor.ups_monitor_wh_delivered_this_outage,32.5225982666016,2026-05-06T12:34:26.905Z
sensor.ups_monitor_wh_delivered_this_outage,32.544261932373,2026-05-06T12:34:31.999Z
sensor.ups_monitor_wh_delivered_this_outage,32.5654220581055,2026-05-06T12:34:37.013Z
sensor.ups_monitor_wh_delivered_this_outage,32.5867118835449,2026-05-06T12:34:42.000Z
sensor.ups_monitor_wh_delivered_this_outage,32.6079139709473,2026-05-06T12:34:47.015Z
sensor.ups_monitor_wh_delivered_this_outage,32.628360748291,2026-05-06T12:34:52.013Z
sensor.ups_monitor_wh_delivered_this_outage,32.649112701416,2026-05-06T12:34:57.018Z
sensor.ups_monitor_wh_delivered_this_outage,32.6702728271484,2026-05-06T12:35:02.002Z
sensor.ups_monitor_wh_delivered_this_outage,32.691104888916,2026-05-06T12:35:07.016Z
sensor.ups_monitor_wh_delivered_this_outage,32.7116889953613,2026-05-06T12:35:12.002Z
sensor.ups_monitor_wh_delivered_this_outage,32.731990814209,2026-05-06T12:35:17.006Z
sensor.ups_monitor_wh_delivered_this_outage,32.7528266906738,2026-05-06T12:35:22.009Z
sensor.ups_monitor_wh_delivered_this_outage,32.7745246887207,2026-05-06T12:35:27.024Z
sensor.ups_monitor_wh_delivered_this_outage,32.7958564758301,2026-05-06T12:35:32.010Z
sensor.ups_monitor_wh_delivered_this_outage,32.8163719177246,2026-05-06T12:35:37.024Z
sensor.ups_monitor_wh_delivered_this_outage,32.8366775512695,2026-05-06T12:35:42.010Z
sensor.ups_monitor_wh_delivered_this_outage,32.8572654724121,2026-05-06T12:35:47.010Z
sensor.ups_monitor_wh_delivered_this_outage,32.8780136108398,2026-05-06T12:35:52.014Z
sensor.ups_monitor_wh_delivered_this_outage,32.8990707397461,2026-05-06T12:35:57.028Z
sensor.ups_monitor_wh_delivered_this_outage,32.9206161499023,2026-05-06T12:36:02.014Z
sensor.ups_monitor_wh_delivered_this_outage,32.9422645568848,2026-05-06T12:36:07.014Z
sensor.ups_monitor_wh_delivered_this_outage,32.963451385498,2026-05-06T12:36:12.019Z
sensor.ups_monitor_wh_delivered_this_outage,32.9843292236328,2026-05-06T12:36:17.019Z
sensor.ups_monitor_wh_delivered_this_outage,33.0054512023926,2026-05-06T12:36:22.018Z
sensor.ups_monitor_wh_delivered_this_outage,33.0267143249512,2026-05-06T12:36:27.033Z
sensor.ups_monitor_wh_delivered_this_outage,33.0481147766113,2026-05-06T12:36:31.926Z
sensor.ups_monitor_wh_delivered_this_outage,33.0697059631348,2026-05-06T12:36:37.023Z
sensor.ups_monitor_wh_delivered_this_outage,33.090950012207,2026-05-06T12:36:42.039Z
sensor.ups_monitor_wh_delivered_this_outage,33.1119728088379,2026-05-06T12:36:47.041Z
sensor.ups_monitor_wh_delivered_this_outage,33.1333122253418,2026-05-06T12:36:52.026Z
sensor.ups_monitor_wh_delivered_this_outage,33.154426574707,2026-05-06T12:36:57.030Z
sensor.ups_monitor_wh_delivered_this_outage,33.1752014160156,2026-05-06T12:37:02.028Z
sensor.ups_monitor_wh_delivered_this_outage,33.1957893371582,2026-05-06T12:37:07.028Z
sensor.ups_monitor_wh_delivered_this_outage,33.2164154052734,2026-05-06T12:37:12.028Z
sensor.ups_monitor_wh_delivered_this_outage,33.2372627258301,2026-05-06T12:37:17.028Z
sensor.ups_monitor_wh_delivered_this_outage,33.2583274841309,2026-05-06T12:37:22.044Z
sensor.ups_monitor_wh_delivered_this_outage,33.279727935791,2026-05-06T12:37:27.031Z
sensor.ups_monitor_wh_delivered_this_outage,33.3009910583496,2026-05-06T12:37:32.031Z
sensor.ups_monitor_wh_delivered_this_outage,33.3221855163574,2026-05-06T12:37:37.030Z
sensor.ups_monitor_wh_delivered_this_outage,33.3433647155762,2026-05-06T12:37:42.033Z
sensor.ups_monitor_wh_delivered_this_outage,33.363899230957,2026-05-06T12:37:47.032Z
sensor.ups_monitor_wh_delivered_this_outage,33.3848304748535,2026-05-06T12:37:52.036Z
sensor.ups_monitor_wh_delivered_this_outage,33.4058647155762,2026-05-06T12:37:57.036Z
sensor.ups_monitor_wh_delivered_this_outage,33.426383972168,2026-05-06T12:38:02.036Z
sensor.ups_monitor_wh_delivered_this_outage,33.4470100402832,2026-05-06T12:38:07.036Z
sensor.ups_monitor_wh_delivered_this_outage,33.468132019043,2026-05-06T12:38:12.036Z
sensor.ups_monitor_wh_delivered_this_outage,33.4892082214355,2026-05-06T12:38:17.036Z
sensor.ups_monitor_wh_delivered_this_outage,33.510066986084,2026-05-06T12:38:22.036Z
sensor.ups_monitor_wh_delivered_this_outage,33.5306243896484,2026-05-06T12:38:27.037Z
sensor.ups_monitor_wh_delivered_this_outage,33.5506477355957,2026-05-06T12:38:32.037Z
sensor.ups_monitor_wh_delivered_this_outage,33.5716781616211,2026-05-06T12:38:37.042Z
sensor.ups_monitor_wh_delivered_this_outage,33.592845916748,2026-05-06T12:38:42.041Z
sensor.ups_monitor_wh_delivered_this_outage,33.6132698059082,2026-05-06T12:38:47.037Z
sensor.ups_monitor_wh_delivered_this_outage,33.6335792541504,2026-05-06T12:38:52.042Z
sensor.ups_monitor_wh_delivered_this_outage,33.6548347473145,2026-05-06T12:38:57.041Z
sensor.ups_monitor_wh_delivered_this_outage,33.6761360168457,2026-05-06T12:39:02.039Z
sensor.ups_monitor_wh_delivered_this_outage,33.696704864502,2026-05-06T12:39:07.042Z
sensor.ups_monitor_wh_delivered_this_outage,33.7173309326172,2026-05-06T12:39:12.035Z
sensor.ups_monitor_wh_delivered_this_outage,33.7379417419434,2026-05-06T12:39:17.041Z
sensor.ups_monitor_wh_delivered_this_outage,33.7586936950684,2026-05-06T12:39:22.041Z
sensor.ups_monitor_wh_delivered_this_outage,33.7791137695312,2026-05-06T12:39:27.042Z
sensor.ups_monitor_wh_delivered_this_outage,33.7996864318848,2026-05-06T12:39:32.041Z
sensor.ups_monitor_wh_delivered_this_outage,33.8207244873047,2026-05-06T12:39:37.043Z
sensor.ups_monitor_wh_delivered_this_outage,33.8413162231445,2026-05-06T12:39:42.038Z
sensor.ups_monitor_wh_delivered_this_outage,33.8615455627441,2026-05-06T12:39:47.058Z
sensor.ups_monitor_wh_delivered_this_outage,33.8818283081055,2026-05-06T12:39:52.056Z
sensor.ups_monitor_wh_delivered_this_outage,33.9027481079102,2026-05-06T12:39:57.042Z
sensor.ups_monitor_wh_delivered_this_outage,33.9236640930176,2026-05-06T12:40:02.042Z
sensor.ups_monitor_wh_delivered_this_outage,33.943920135498,2026-05-06T12:40:07.045Z
sensor.ups_monitor_wh_delivered_this_outage,33.964241027832,2026-05-06T12:40:12.049Z
sensor.ups_monitor_wh_delivered_this_outage,33.9846115112305,2026-05-06T12:40:17.051Z
sensor.ups_monitor_wh_delivered_this_outage,34.0061836242676,2026-05-06T12:40:22.054Z
sensor.ups_monitor_wh_delivered_this_outage,34.0277824401855,2026-05-06T12:40:27.057Z
sensor.ups_monitor_wh_delivered_this_outage,34.048713684082,2026-05-06T12:40:31.963Z
sensor.ups_monitor_wh_delivered_this_outage,34.0701141357422,2026-05-06T12:40:37.057Z
sensor.ups_monitor_wh_delivered_this_outage,34.0909004211426,2026-05-06T12:40:42.057Z
sensor.ups_monitor_wh_delivered_this_outage,34.110954284668,2026-05-06T12:40:47.071Z
sensor.ups_monitor_wh_delivered_this_outage,34.1315040588379,2026-05-06T12:40:52.061Z
sensor.ups_monitor_wh_delivered_this_outage,34.152473449707,2026-05-06T12:40:57.069Z
sensor.ups_monitor_wh_delivered_this_outage,34.1730079650879,2026-05-06T12:41:02.062Z
sensor.ups_monitor_wh_delivered_this_outage,34.1936874389648,2026-05-06T12:41:07.070Z
sensor.ups_monitor_wh_delivered_this_outage,34.2147064208984,2026-05-06T12:41:12.065Z
sensor.ups_monitor_wh_delivered_this_outage,34.2355422973633,2026-05-06T12:41:17.068Z
sensor.ups_monitor_wh_delivered_this_outage,34.2565727233887,2026-05-06T12:41:22.068Z
sensor.ups_monitor_wh_delivered_this_outage,34.277904510498,2026-05-06T12:41:27.081Z
sensor.ups_monitor_wh_delivered_this_outage,34.2988166809082,2026-05-06T12:41:32.082Z
sensor.ups_monitor_wh_delivered_this_outage,34.3190956115723,2026-05-06T12:41:37.085Z
sensor.ups_monitor_wh_delivered_this_outage,34.3397521972656,2026-05-06T12:41:42.071Z
sensor.ups_monitor_wh_delivered_this_outage,34.3604927062988,2026-05-06T12:41:47.068Z
sensor.ups_monitor_wh_delivered_this_outage,34.3810768127441,2026-05-06T12:41:52.086Z
sensor.ups_monitor_wh_delivered_this_outage,34.4025611877441,2026-05-06T12:41:57.075Z
sensor.ups_monitor_wh_delivered_this_outage,34.4245567321777,2026-05-06T12:42:02.074Z
sensor.ups_monitor_wh_delivered_this_outage,34.4459037780762,2026-05-06T12:42:07.074Z
sensor.ups_monitor_wh_delivered_this_outage,34.4663505554199,2026-05-06T12:42:12.074Z
sensor.ups_monitor_wh_delivered_this_outage,34.4865341186523,2026-05-06T12:42:17.073Z
sensor.ups_monitor_wh_delivered_this_outage,34.5072937011719,2026-05-06T12:42:22.076Z
sensor.ups_monitor_wh_delivered_this_outage,34.5278701782227,2026-05-06T12:42:27.076Z
sensor.ups_monitor_wh_delivered_this_outage,34.5486526489258,2026-05-06T12:42:32.094Z
sensor.ups_monitor_wh_delivered_this_outage,34.5698699951172,2026-05-06T12:42:37.093Z
sensor.ups_monitor_wh_delivered_this_outage,34.5911560058594,2026-05-06T12:42:42.088Z
sensor.ups_monitor_wh_delivered_this_outage,34.613224029541,2026-05-06T12:42:47.097Z
sensor.ups_monitor_wh_delivered_this_outage,34.6367454528809,2026-05-06T12:42:52.089Z
sensor.ups_monitor_wh_delivered_this_outage,34.6601028442383,2026-05-06T12:42:57.089Z
sensor.ups_monitor_wh_delivered_this_outage,34.6817817687988,2026-05-06T12:43:01.987Z
sensor.ups_monitor_wh_delivered_this_outage,34.7031555175781,2026-05-06T12:43:07.103Z
sensor.ups_monitor_wh_delivered_this_outage,34.7243232727051,2026-05-06T12:43:12.091Z
sensor.ups_monitor_wh_delivered_this_outage,34.7458992004395,2026-05-06T12:43:17.092Z
sensor.ups_monitor_wh_delivered_this_outage,34.7680282592773,2026-05-06T12:43:22.095Z
sensor.ups_monitor_wh_delivered_this_outage,34.789363861084,2026-05-06T12:43:27.099Z
sensor.ups_monitor_wh_delivered_this_outage,34.8100242614746,2026-05-06T12:43:32.098Z
sensor.ups_monitor_wh_delivered_this_outage,34.8308525085449,2026-05-06T12:43:37.100Z
sensor.ups_monitor_wh_delivered_this_outage,34.8514060974121,2026-05-06T12:43:42.086Z
sensor.ups_monitor_wh_delivered_this_outage,34.8717460632324,2026-05-06T12:43:47.086Z
sensor.ups_monitor_wh_delivered_this_outage,34.8920745849609,2026-05-06T12:43:52.101Z
sensor.ups_monitor_wh_delivered_this_outage,34.9126052856445,2026-05-06T12:43:57.102Z
sensor.ups_monitor_wh_delivered_this_outage,34.9330787658691,2026-05-06T12:44:02.089Z
sensor.ups_monitor_wh_delivered_this_outage,34.9533729553223,2026-05-06T12:44:07.103Z
sensor.ups_monitor_wh_delivered_this_outage,34.9738807678223,2026-05-06T12:44:12.090Z
sensor.ups_monitor_wh_delivered_this_outage,34.9943428039551,2026-05-06T12:44:17.093Z
sensor.ups_monitor_wh_delivered_this_outage,35.0146102905273,2026-05-06T12:44:22.111Z
sensor.ups_monitor_wh_delivered_this_outage,35.0352325439453,2026-05-06T12:44:27.094Z
sensor.ups_monitor_wh_delivered_this_outage,35.056022644043,2026-05-06T12:44:32.093Z
sensor.ups_monitor_wh_delivered_this_outage,35.0766296386719,2026-05-06T12:44:37.108Z
sensor.ups_monitor_wh_delivered_this_outage,35.0975723266602,2026-05-06T12:44:42.095Z
sensor.ups_monitor_wh_delivered_this_outage,35.118408203125,2026-05-06T12:44:47.095Z
sensor.ups_monitor_wh_delivered_this_outage,35.1389083862305,2026-05-06T12:44:52.098Z
sensor.ups_monitor_wh_delivered_this_outage,35.1599998474121,2026-05-06T12:44:57.109Z
sensor.ups_monitor_wh_delivered_this_outage,35.1809883117676,2026-05-06T12:45:02.097Z
sensor.ups_monitor_wh_delivered_this_outage,35.2011337280273,2026-05-06T12:45:07.113Z
sensor.ups_monitor_wh_delivered_this_outage,35.2217712402344,2026-05-06T12:45:12.103Z
sensor.ups_monitor_wh_delivered_this_outage,35.2432746887207,2026-05-06T12:45:17.007Z
sensor.ups_monitor_wh_delivered_this_outage,35.2645645141602,2026-05-06T12:45:22.105Z
sensor.ups_monitor_wh_delivered_this_outage,35.2850494384766,2026-05-06T12:45:27.120Z
sensor.ups_monitor_wh_delivered_this_outage,35.3058738708496,2026-05-06T12:45:32.106Z
sensor.ups_monitor_wh_delivered_this_outage,35.3268432617188,2026-05-06T12:45:37.126Z
sensor.ups_monitor_wh_delivered_this_outage,35.3471488952637,2026-05-06T12:45:42.124Z
sensor.ups_monitor_wh_delivered_this_outage,35.3671836853027,2026-05-06T12:45:47.110Z
sensor.ups_monitor_wh_delivered_this_outage,35.3874931335449,2026-05-06T12:45:52.110Z
sensor.ups_monitor_wh_delivered_this_outage,35.4085273742676,2026-05-06T12:45:57.124Z
sensor.ups_monitor_wh_delivered_this_outage,35.4306411743164,2026-05-06T12:46:02.123Z
sensor.ups_monitor_wh_delivered_this_outage,35.4523735046387,2026-05-06T12:46:07.113Z
sensor.ups_monitor_wh_delivered_this_outage,35.4739036560059,2026-05-06T12:46:12.117Z
sensor.ups_monitor_wh_delivered_this_outage,35.4955749511719,2026-05-06T12:46:17.117Z
sensor.ups_monitor_wh_delivered_this_outage,35.5167999267578,2026-05-06T12:46:22.125Z
sensor.ups_monitor_wh_delivered_this_outage,35.538459777832,2026-05-06T12:46:27.121Z
sensor.ups_monitor_wh_delivered_this_outage,35.5603485107422,2026-05-06T12:46:32.120Z
sensor.ups_monitor_wh_delivered_this_outage,35.5815124511719,2026-05-06T12:46:37.123Z
sensor.ups_monitor_wh_delivered_this_outage,35.6016883850098,2026-05-06T12:46:42.137Z
sensor.ups_monitor_wh_delivered_this_outage,35.6222076416016,2026-05-06T12:46:47.124Z
sensor.ups_monitor_wh_delivered_this_outage,35.6429214477539,2026-05-06T12:46:52.126Z
sensor.ups_monitor_wh_delivered_this_outage,35.6631011962891,2026-05-06T12:46:57.125Z
sensor.ups_monitor_wh_delivered_this_outage,35.683723449707,2026-05-06T12:47:02.124Z
sensor.ups_monitor_wh_delivered_this_outage,35.7048645019531,2026-05-06T12:47:07.140Z
sensor.ups_monitor_wh_delivered_this_outage,35.726375579834,2026-05-06T12:47:12.125Z
sensor.ups_monitor_wh_delivered_this_outage,35.7476615905762,2026-05-06T12:47:17.125Z
sensor.ups_monitor_wh_delivered_this_outage,35.7684898376465,2026-05-06T12:47:22.138Z
sensor.ups_monitor_wh_delivered_this_outage,35.7894592285156,2026-05-06T12:47:27.125Z
sensor.ups_monitor_wh_delivered_this_outage,35.8103904724121,2026-05-06T12:47:32.127Z
sensor.ups_monitor_wh_delivered_this_outage,35.8309326171875,2026-05-06T12:47:37.138Z
sensor.ups_monitor_wh_delivered_this_outage,35.8513984680176,2026-05-06T12:47:42.143Z
sensor.ups_monitor_wh_delivered_this_outage,35.8724784851074,2026-05-06T12:47:47.126Z
sensor.ups_monitor_wh_delivered_this_outage,35.8933982849121,2026-05-06T12:47:52.126Z
sensor.ups_monitor_wh_delivered_this_outage,35.9142265319824,2026-05-06T12:47:57.126Z
sensor.ups_monitor_wh_delivered_this_outage,35.9349250793457,2026-05-06T12:48:02.127Z
sensor.ups_monitor_wh_delivered_this_outage,35.9556541442871,2026-05-06T12:48:07.141Z
sensor.ups_monitor_wh_delivered_this_outage,35.9767837524414,2026-05-06T12:48:12.128Z
sensor.ups_monitor_wh_delivered_this_outage,35.9974250793457,2026-05-06T12:48:17.128Z
sensor.ups_monitor_wh_delivered_this_outage,36.0178756713867,2026-05-06T12:48:22.128Z
sensor.ups_monitor_wh_delivered_this_outage,36.0387916564941,2026-05-06T12:48:27.143Z
sensor.ups_monitor_wh_delivered_this_outage,36.0597038269043,2026-05-06T12:48:32.131Z
sensor.ups_monitor_wh_delivered_this_outage,36.0801467895508,2026-05-06T12:48:37.145Z
sensor.ups_monitor_wh_delivered_this_outage,36.1006889343262,2026-05-06T12:48:42.133Z
sensor.ups_monitor_wh_delivered_this_outage,36.1213607788086,2026-05-06T12:48:47.136Z
sensor.ups_monitor_wh_delivered_this_outage,36.1423645019531,2026-05-06T12:48:52.144Z
sensor.ups_monitor_wh_delivered_this_outage,36.1633377075195,2026-05-06T12:48:57.150Z
sensor.ups_monitor_wh_delivered_this_outage,36.1838645935059,2026-05-06T12:49:02.139Z
sensor.ups_monitor_wh_delivered_this_outage,36.2043380737305,2026-05-06T12:49:07.151Z
sensor.ups_monitor_wh_delivered_this_outage,36.2249488830566,2026-05-06T12:49:12.138Z
sensor.ups_monitor_wh_delivered_this_outage,36.2456169128418,2026-05-06T12:49:17.139Z
sensor.ups_monitor_wh_delivered_this_outage,36.2659378051758,2026-05-06T12:49:22.152Z
sensor.ups_monitor_wh_delivered_this_outage,36.286434173584,2026-05-06T12:49:27.139Z
sensor.ups_monitor_wh_delivered_this_outage,36.3069763183594,2026-05-06T12:49:32.139Z
sensor.ups_monitor_wh_delivered_this_outage,36.3278846740723,2026-05-06T12:49:37.153Z
sensor.ups_monitor_wh_delivered_this_outage,36.3487396240234,2026-05-06T12:49:42.141Z
sensor.ups_monitor_wh_delivered_this_outage,36.3695487976074,2026-05-06T12:49:47.144Z
sensor.ups_monitor_wh_delivered_this_outage,36.3902359008789,2026-05-06T12:49:52.154Z
sensor.ups_monitor_wh_delivered_this_outage,36.4109001159668,2026-05-06T12:49:57.157Z
sensor.ups_monitor_wh_delivered_this_outage,36.4319343566895,2026-05-06T12:50:02.144Z
sensor.ups_monitor_wh_delivered_this_outage,36.4523696899414,2026-05-06T12:50:07.158Z
sensor.ups_monitor_wh_delivered_this_outage,36.4730262756348,2026-05-06T12:50:12.050Z
sensor.ups_monitor_wh_delivered_this_outage,36.494068145752,2026-05-06T12:50:17.050Z
sensor.ups_monitor_wh_delivered_this_outage,36.514965057373,2026-05-06T12:50:22.145Z
sensor.ups_monitor_wh_delivered_this_outage,36.5354270935059,2026-05-06T12:50:27.146Z
sensor.ups_monitor_wh_delivered_this_outage,36.5560417175293,2026-05-06T12:50:32.146Z
sensor.ups_monitor_wh_delivered_this_outage,36.5766716003418,2026-05-06T12:50:37.145Z
sensor.ups_monitor_wh_delivered_this_outage,36.5970153808594,2026-05-06T12:50:42.148Z
sensor.ups_monitor_wh_delivered_this_outage,36.617847442627,2026-05-06T12:50:47.147Z
sensor.ups_monitor_wh_delivered_this_outage,36.6384544372559,2026-05-06T12:50:52.151Z
sensor.ups_monitor_wh_delivered_this_outage,36.6589965820312,2026-05-06T12:50:57.151Z
sensor.ups_monitor_wh_delivered_this_outage,36.6798248291016,2026-05-06T12:51:02.153Z
sensor.ups_monitor_wh_delivered_this_outage,36.700252532959,2026-05-06T12:51:07.164Z
sensor.ups_monitor_wh_delivered_this_outage,36.7203598022461,2026-05-06T12:51:12.151Z
sensor.ups_monitor_wh_delivered_this_outage,36.7408828735352,2026-05-06T12:51:17.155Z
sensor.ups_monitor_wh_delivered_this_outage,36.7613143920898,2026-05-06T12:51:22.154Z
sensor.ups_monitor_wh_delivered_this_outage,36.7815551757812,2026-05-06T12:51:27.169Z
sensor.ups_monitor_wh_delivered_this_outage,36.802116394043,2026-05-06T12:51:32.156Z
sensor.ups_monitor_wh_delivered_this_outage,36.8233795166016,2026-05-06T12:51:37.175Z
sensor.ups_monitor_wh_delivered_this_outage,36.8447265625,2026-05-06T12:51:42.158Z
sensor.ups_monitor_wh_delivered_this_outage,36.8654823303223,2026-05-06T12:51:47.158Z
sensor.ups_monitor_wh_delivered_this_outage,36.8858604431152,2026-05-06T12:51:52.158Z
sensor.ups_monitor_wh_delivered_this_outage,36.9062232971191,2026-05-06T12:51:57.172Z
sensor.ups_monitor_wh_delivered_this_outage,36.9267044067383,2026-05-06T12:52:02.161Z
sensor.ups_monitor_wh_delivered_this_outage,36.9469909667969,2026-05-06T12:52:07.179Z
sensor.ups_monitor_wh_delivered_this_outage,36.9677467346191,2026-05-06T12:52:12.066Z
sensor.ups_monitor_wh_delivered_this_outage,36.9890937805176,2026-05-06T12:52:17.173Z
sensor.ups_monitor_wh_delivered_this_outage,37.0104217529297,2026-05-06T12:52:22.161Z
sensor.ups_monitor_wh_delivered_this_outage,37.0310821533203,2026-05-06T12:52:27.162Z
sensor.ups_monitor_wh_delivered_this_outage,37.0515823364258,2026-05-06T12:52:32.162Z
sensor.ups_monitor_wh_delivered_this_outage,37.0720558166504,2026-05-06T12:52:37.176Z
sensor.ups_monitor_wh_delivered_this_outage,37.0928344726562,2026-05-06T12:52:42.177Z
sensor.ups_monitor_wh_delivered_this_outage,37.1144790649414,2026-05-06T12:52:47.165Z
sensor.ups_monitor_wh_delivered_this_outage,37.1354370117188,2026-05-06T12:52:52.165Z
sensor.ups_monitor_wh_delivered_this_outage,37.1566619873047,2026-05-06T12:52:57.179Z
sensor.ups_monitor_wh_delivered_this_outage,37.1782913208008,2026-05-06T12:53:02.167Z
sensor.ups_monitor_wh_delivered_this_outage,37.1989212036133,2026-05-06T12:53:07.167Z
sensor.ups_monitor_wh_delivered_this_outage,37.219352722168,2026-05-06T12:53:12.172Z
sensor.ups_monitor_wh_delivered_this_outage,37.2395248413086,2026-05-06T12:53:17.174Z
sensor.ups_monitor_wh_delivered_this_outage,37.2602233886719,2026-05-06T12:53:22.175Z
sensor.ups_monitor_wh_delivered_this_outage,37.281608581543,2026-05-06T12:53:27.187Z
sensor.ups_monitor_wh_delivered_this_outage,37.3022308349609,2026-05-06T12:53:32.175Z
sensor.ups_monitor_wh_delivered_this_outage,37.3224945068359,2026-05-06T12:53:37.180Z
sensor.ups_monitor_wh_delivered_this_outage,37.3430061340332,2026-05-06T12:53:42.183Z
sensor.ups_monitor_wh_delivered_this_outage,37.363712310791,2026-05-06T12:53:47.184Z
sensor.ups_monitor_wh_delivered_this_outage,37.3843421936035,2026-05-06T12:53:52.183Z
sensor.ups_monitor_wh_delivered_this_outage,37.4047889709473,2026-05-06T12:53:57.183Z
sensor.ups_monitor_wh_delivered_this_outage,37.4263572692871,2026-05-06T12:54:02.187Z
sensor.ups_monitor_wh_delivered_this_outage,37.4477653503418,2026-05-06T12:54:07.187Z
sensor.ups_monitor_wh_delivered_this_outage,37.4681282043457,2026-05-06T12:54:12.192Z
sensor.ups_monitor_wh_delivered_this_outage,37.4883689880371,2026-05-06T12:54:17.193Z
sensor.ups_monitor_wh_delivered_this_outage,37.5087661743164,2026-05-06T12:54:22.194Z
sensor.ups_monitor_wh_delivered_this_outage,37.5295219421387,2026-05-06T12:54:27.194Z
sensor.ups_monitor_wh_delivered_this_outage,37.5500869750977,2026-05-06T12:54:32.194Z
sensor.ups_monitor_wh_delivered_this_outage,37.5706520080566,2026-05-06T12:54:37.196Z
sensor.ups_monitor_wh_delivered_this_outage,37.5913543701172,2026-05-06T12:54:42.194Z
sensor.ups_monitor_wh_delivered_this_outage,37.6121978759766,2026-05-06T12:54:47.194Z
sensor.ups_monitor_wh_delivered_this_outage,37.6327667236328,2026-05-06T12:54:52.194Z
sensor.ups_monitor_wh_delivered_this_outage,37.6531600952148,2026-05-06T12:54:57.195Z
sensor.ups_monitor_wh_delivered_this_outage,37.6737327575684,2026-05-06T12:55:02.195Z
sensor.ups_monitor_wh_delivered_this_outage,37.6942710876465,2026-05-06T12:55:07.195Z
sensor.ups_monitor_wh_delivered_this_outage,37.7145881652832,2026-05-06T12:55:12.209Z
sensor.ups_monitor_wh_delivered_this_outage,37.734806060791,2026-05-06T12:55:17.198Z
sensor.ups_monitor_wh_delivered_this_outage,37.7555122375488,2026-05-06T12:55:22.199Z
sensor.ups_monitor_wh_delivered_this_outage,37.7763481140137,2026-05-06T12:55:27.200Z
sensor.ups_monitor_wh_delivered_this_outage,37.7966728210449,2026-05-06T12:55:32.201Z
sensor.ups_monitor_wh_delivered_this_outage,37.8167533874512,2026-05-06T12:55:37.201Z
sensor.ups_monitor_wh_delivered_this_outage,37.8375091552734,2026-05-06T12:55:42.201Z
sensor.ups_monitor_wh_delivered_this_outage,37.8581504821777,2026-05-06T12:55:47.201Z
sensor.ups_monitor_wh_delivered_this_outage,37.8787841796875,2026-05-06T12:55:52.203Z
sensor.ups_monitor_wh_delivered_this_outage,37.8996047973633,2026-05-06T12:55:57.204Z
sensor.ups_monitor_wh_delivered_this_outage,37.9205551147461,2026-05-06T12:56:02.204Z
sensor.ups_monitor_wh_delivered_this_outage,37.9413719177246,2026-05-06T12:56:07.204Z
sensor.ups_monitor_wh_delivered_this_outage,37.9615745544434,2026-05-06T12:56:12.207Z
sensor.ups_monitor_wh_delivered_this_outage,37.9819641113281,2026-05-06T12:56:17.207Z
sensor.ups_monitor_wh_delivered_this_outage,38.0024871826172,2026-05-06T12:56:22.207Z
sensor.ups_monitor_wh_delivered_this_outage,38.0233039855957,2026-05-06T12:56:27.209Z
sensor.ups_monitor_wh_delivered_this_outage,38.0441665649414,2026-05-06T12:56:32.210Z
sensor.ups_monitor_wh_delivered_this_outage,38.064640045166,2026-05-06T12:56:37.211Z
sensor.ups_monitor_wh_delivered_this_outage,38.0851593017578,2026-05-06T12:56:42.223Z
sensor.ups_monitor_wh_delivered_this_outage,38.1063117980957,2026-05-06T12:56:47.213Z
sensor.ups_monitor_wh_delivered_this_outage,38.1273078918457,2026-05-06T12:56:52.213Z
sensor.ups_monitor_wh_delivered_this_outage,38.1481552124023,2026-05-06T12:56:57.213Z
sensor.ups_monitor_wh_delivered_this_outage,38.1692771911621,2026-05-06T12:57:02.213Z
sensor.ups_monitor_wh_delivered_this_outage,38.1908416748047,2026-05-06T12:57:07.214Z
sensor.ups_monitor_wh_delivered_this_outage,38.2123565673828,2026-05-06T12:57:12.228Z
sensor.ups_monitor_wh_delivered_this_outage,38.2330894470215,2026-05-06T12:57:17.215Z
sensor.ups_monitor_wh_delivered_this_outage,38.2537384033203,2026-05-06T12:57:22.228Z
sensor.ups_monitor_wh_delivered_this_outage,38.2745780944824,2026-05-06T12:57:27.215Z
sensor.ups_monitor_wh_delivered_this_outage,38.2951354980469,2026-05-06T12:57:32.215Z
sensor.ups_monitor_wh_delivered_this_outage,38.3154945373535,2026-05-06T12:57:37.219Z
sensor.ups_monitor_wh_delivered_this_outage,38.3358612060547,2026-05-06T12:57:42.219Z
sensor.ups_monitor_wh_delivered_this_outage,38.3568000793457,2026-05-06T12:57:47.219Z
sensor.ups_monitor_wh_delivered_this_outage,38.3780822753906,2026-05-06T12:57:52.233Z
sensor.ups_monitor_wh_delivered_this_outage,38.3988990783691,2026-05-06T12:57:57.220Z
sensor.ups_monitor_wh_delivered_this_outage,38.4193496704102,2026-05-06T12:58:02.220Z
sensor.ups_monitor_wh_delivered_this_outage,38.4402160644531,2026-05-06T12:58:07.235Z
sensor.ups_monitor_wh_delivered_this_outage,38.4613647460938,2026-05-06T12:58:12.223Z
sensor.ups_monitor_wh_delivered_this_outage,38.4823379516602,2026-05-06T12:58:17.222Z
sensor.ups_monitor_wh_delivered_this_outage,38.5033950805664,2026-05-06T12:58:22.222Z
sensor.ups_monitor_wh_delivered_this_outage,38.5243225097656,2026-05-06T12:58:27.239Z
sensor.ups_monitor_wh_delivered_this_outage,38.5453605651855,2026-05-06T12:58:32.224Z
sensor.ups_monitor_wh_delivered_this_outage,38.5662841796875,2026-05-06T12:58:37.225Z
sensor.ups_monitor_wh_delivered_this_outage,38.5869979858398,2026-05-06T12:58:42.242Z
sensor.ups_monitor_wh_delivered_this_outage,38.6073837280273,2026-05-06T12:58:47.241Z
sensor.ups_monitor_wh_delivered_this_outage,38.6280670166016,2026-05-06T12:58:52.225Z
sensor.ups_monitor_wh_delivered_this_outage,38.6493034362793,2026-05-06T12:58:57.225Z
sensor.ups_monitor_wh_delivered_this_outage,38.670093536377,2026-05-06T12:59:02.242Z
sensor.ups_monitor_wh_delivered_this_outage,38.6907043457031,2026-05-06T12:59:07.239Z
sensor.ups_monitor_wh_delivered_this_outage,38.7114906311035,2026-05-06T12:59:12.241Z
sensor.ups_monitor_wh_delivered_this_outage,38.7326927185059,2026-05-06T12:59:17.227Z
sensor.ups_monitor_wh_delivered_this_outage,38.7542190551758,2026-05-06T12:59:22.228Z
sensor.ups_monitor_wh_delivered_this_outage,38.7756462097168,2026-05-06T12:59:27.242Z
sensor.ups_monitor_wh_delivered_this_outage,38.7972297668457,2026-05-06T12:59:32.134Z
sensor.ups_monitor_wh_delivered_this_outage,38.8184432983398,2026-05-06T12:59:37.230Z
sensor.ups_monitor_wh_delivered_this_outage,38.839225769043,2026-05-06T12:59:42.230Z
sensor.ups_monitor_wh_delivered_this_outage,38.8598175048828,2026-05-06T12:59:47.229Z
sensor.ups_monitor_wh_delivered_this_outage,38.8800163269043,2026-05-06T12:59:52.229Z
sensor.ups_monitor_wh_delivered_this_outage,38.9006462097168,2026-05-06T12:59:57.243Z
sensor.ups_monitor_wh_delivered_this_outage,38.9216270446777,2026-05-06T13:00:02.244Z
sensor.ups_monitor_wh_delivered_this_outage,38.9424018859863,2026-05-06T13:00:07.243Z
sensor.ups_monitor_wh_delivered_this_outage,38.9629211425781,2026-05-06T13:00:12.246Z
sensor.ups_monitor_wh_delivered_this_outage,38.9837493896484,2026-05-06T13:00:17.232Z
sensor.ups_monitor_wh_delivered_this_outage,39.0048637390137,2026-05-06T13:00:22.232Z
sensor.ups_monitor_wh_delivered_this_outage,39.0256996154785,2026-05-06T13:00:27.232Z
sensor.ups_monitor_wh_delivered_this_outage,39.0461959838867,2026-05-06T13:00:32.231Z
sensor.ups_monitor_wh_delivered_this_outage,39.0666999816895,2026-05-06T13:00:37.246Z
sensor.ups_monitor_wh_delivered_this_outage,39.0874137878418,2026-05-06T13:00:42.138Z
sensor.ups_monitor_wh_delivered_this_outage,39.107723236084,2026-05-06T13:00:47.234Z
sensor.ups_monitor_wh_delivered_this_outage,39.127857208252,2026-05-06T13:00:52.236Z
sensor.ups_monitor_wh_delivered_this_outage,39.1481132507324,2026-05-06T13:00:57.252Z
sensor.ups_monitor_wh_delivered_this_outage,39.1689033508301,2026-05-06T13:01:02.251Z
sensor.ups_monitor_wh_delivered_this_outage,39.1898727416992,2026-05-06T13:01:07.253Z
sensor.ups_monitor_wh_delivered_this_outage,39.2104148864746,2026-05-06T13:01:12.252Z
sensor.ups_monitor_wh_delivered_this_outage,39.2309761047363,2026-05-06T13:01:17.255Z
sensor.ups_monitor_wh_delivered_this_outage,39.2513656616211,2026-05-06T13:01:22.256Z
sensor.ups_monitor_wh_delivered_this_outage,39.2728462219238,2026-05-06T13:01:27.243Z
sensor.ups_monitor_wh_delivered_this_outage,39.2949562072754,2026-05-06T13:01:32.244Z
sensor.ups_monitor_wh_delivered_this_outage,39.3158950805664,2026-05-06T13:01:37.259Z
sensor.ups_monitor_wh_delivered_this_outage,39.3367195129395,2026-05-06T13:01:42.260Z
sensor.ups_monitor_wh_delivered_this_outage,39.3579254150391,2026-05-06T13:01:47.247Z
sensor.ups_monitor_wh_delivered_this_outage,39.3792152404785,2026-05-06T13:01:52.248Z
sensor.ups_monitor_wh_delivered_this_outage,39.4009857177734,2026-05-06T13:01:57.247Z
sensor.ups_monitor_wh_delivered_this_outage,39.4230766296387,2026-05-06T13:02:02.241Z
sensor.ups_monitor_wh_delivered_this_outage,39.444164276123,2026-05-06T13:02:07.252Z
sensor.ups_monitor_wh_delivered_this_outage,39.4647636413574,2026-05-06T13:02:12.256Z
sensor.ups_monitor_wh_delivered_this_outage,39.4856185913086,2026-05-06T13:02:17.255Z
sensor.ups_monitor_wh_delivered_this_outage,39.5064964294434,2026-05-06T13:02:22.255Z
sensor.ups_monitor_wh_delivered_this_outage,39.5273590087891,2026-05-06T13:02:27.256Z
sensor.ups_monitor_wh_delivered_this_outage,39.5479278564453,2026-05-06T13:02:32.259Z
sensor.ups_monitor_wh_delivered_this_outage,39.5685348510742,2026-05-06T13:02:37.274Z
sensor.ups_monitor_wh_delivered_this_outage,39.5892105102539,2026-05-06T13:02:42.261Z
sensor.ups_monitor_wh_delivered_this_outage,39.6098709106445,2026-05-06T13:02:47.262Z
sensor.ups_monitor_wh_delivered_this_outage,39.6307945251465,2026-05-06T13:02:52.275Z
sensor.ups_monitor_wh_delivered_this_outage,39.652271270752,2026-05-06T13:02:57.168Z
sensor.ups_monitor_wh_delivered_this_outage,39.6734390258789,2026-05-06T13:03:02.265Z
sensor.ups_monitor_wh_delivered_this_outage,39.6940689086914,2026-05-06T13:03:07.268Z
sensor.ups_monitor_wh_delivered_this_outage,39.7146530151367,2026-05-06T13:03:12.271Z
sensor.ups_monitor_wh_delivered_this_outage,39.7350692749023,2026-05-06T13:03:17.177Z
sensor.ups_monitor_wh_delivered_this_outage,39.7558441162109,2026-05-06T13:03:22.271Z
sensor.ups_monitor_wh_delivered_this_outage,39.777229309082,2026-05-06T13:03:27.272Z
sensor.ups_monitor_wh_delivered_this_outage,39.7997665405273,2026-05-06T13:03:32.290Z
sensor.ups_monitor_wh_delivered_this_outage,39.8221435546875,2026-05-06T13:03:37.273Z
sensor.ups_monitor_wh_delivered_this_outage,39.8435020446777,2026-05-06T13:03:42.291Z
sensor.ups_monitor_wh_delivered_this_outage,39.864501953125,2026-05-06T13:03:47.292Z
sensor.ups_monitor_wh_delivered_this_outage,39.8857231140137,2026-05-06T13:03:52.278Z
sensor.ups_monitor_wh_delivered_this_outage,39.9069442749023,2026-05-06T13:03:57.275Z
sensor.ups_monitor_wh_delivered_this_outage,39.9276313781738,2026-05-06T13:04:02.276Z
sensor.ups_monitor_wh_delivered_this_outage,39.9482231140137,2026-05-06T13:04:07.290Z
sensor.ups_monitor_wh_delivered_this_outage,39.9689331054688,2026-05-06T13:04:12.276Z
sensor.ups_monitor_wh_delivered_this_outage,39.989803314209,2026-05-06T13:04:17.276Z
sensor.ups_monitor_wh_delivered_this_outage,40.0105895996094,2026-05-06T13:04:22.276Z
sensor.ups_monitor_wh_delivered_this_outage,40.0315589904785,2026-05-06T13:04:27.290Z
sensor.ups_monitor_wh_delivered_this_outage,40.0525016784668,2026-05-06T13:04:32.278Z
sensor.ups_monitor_wh_delivered_this_outage,40.0732879638672,2026-05-06T13:04:37.281Z
sensor.ups_monitor_wh_delivered_this_outage,40.0939331054688,2026-05-06T13:04:42.282Z
sensor.ups_monitor_wh_delivered_this_outage,40.1143798828125,2026-05-06T13:04:47.298Z
sensor.ups_monitor_wh_delivered_this_outage,40.1346588134766,2026-05-06T13:04:52.287Z
sensor.ups_monitor_wh_delivered_this_outage,40.1549034118652,2026-05-06T13:04:57.286Z
sensor.ups_monitor_wh_delivered_this_outage,40.1753196716309,2026-05-06T13:05:02.287Z
sensor.ups_monitor_wh_delivered_this_outage,40.195915222168,2026-05-06T13:05:07.287Z
sensor.ups_monitor_wh_delivered_this_outage,40.2165794372559,2026-05-06T13:05:12.292Z
sensor.ups_monitor_wh_delivered_this_outage,40.237678527832,2026-05-06T13:05:17.287Z
sensor.ups_monitor_wh_delivered_this_outage,40.2592086791992,2026-05-06T13:05:22.301Z
sensor.ups_monitor_wh_delivered_this_outage,40.2809295654297,2026-05-06T13:05:27.289Z
sensor.ups_monitor_wh_delivered_this_outage,40.3031692504883,2026-05-06T13:05:32.289Z
sensor.ups_monitor_wh_delivered_this_outage,40.3246917724609,2026-05-06T13:05:37.301Z
sensor.ups_monitor_wh_delivered_this_outage,40.3451156616211,2026-05-06T13:05:42.295Z
sensor.ups_monitor_wh_delivered_this_outage,40.3655662536621,2026-05-06T13:05:47.289Z
sensor.ups_monitor_wh_delivered_this_outage,40.3862800598145,2026-05-06T13:05:52.296Z
sensor.ups_monitor_wh_delivered_this_outage,40.4068984985352,2026-05-06T13:05:57.298Z
sensor.ups_monitor_wh_delivered_this_outage,40.4274482727051,2026-05-06T13:06:02.305Z
sensor.ups_monitor_wh_delivered_this_outage,40.4482231140137,2026-05-06T13:06:07.307Z
sensor.ups_monitor_wh_delivered_this_outage,40.4687881469727,2026-05-06T13:06:12.300Z
sensor.ups_monitor_wh_delivered_this_outage,40.4890556335449,2026-05-06T13:06:17.300Z
sensor.ups_monitor_wh_delivered_this_outage,40.509220123291,2026-05-06T13:06:22.300Z
sensor.ups_monitor_wh_delivered_this_outage,40.529670715332,2026-05-06T13:06:27.298Z
sensor.ups_monitor_wh_delivered_this_outage,40.5500602722168,2026-05-06T13:06:32.301Z
sensor.ups_monitor_wh_delivered_this_outage,40.5700950622559,2026-05-06T13:06:37.309Z
sensor.ups_monitor_wh_delivered_this_outage,40.5902938842773,2026-05-06T13:06:42.301Z
sensor.ups_monitor_wh_delivered_this_outage,40.6108589172363,2026-05-06T13:06:47.300Z
sensor.ups_monitor_wh_delivered_this_outage,40.631721496582,2026-05-06T13:06:52.304Z
sensor.ups_monitor_wh_delivered_this_outage,40.6530570983887,2026-05-06T13:06:57.309Z
sensor.ups_monitor_wh_delivered_this_outage,40.6742973327637,2026-05-06T13:07:02.296Z
sensor.ups_monitor_wh_delivered_this_outage,40.6948127746582,2026-05-06T13:07:07.299Z
sensor.ups_monitor_wh_delivered_this_outage,40.7149925231934,2026-05-06T13:07:12.299Z
sensor.ups_monitor_wh_delivered_this_outage,40.7352333068848,2026-05-06T13:07:17.304Z
sensor.ups_monitor_wh_delivered_this_outage,40.7557106018066,2026-05-06T13:07:22.321Z
sensor.ups_monitor_wh_delivered_this_outage,40.7760963439941,2026-05-06T13:07:27.307Z
sensor.ups_monitor_wh_delivered_this_outage,40.7969703674316,2026-05-06T13:07:32.307Z
sensor.ups_monitor_wh_delivered_this_outage,40.8178863525391,2026-05-06T13:07:37.315Z
sensor.ups_monitor_wh_delivered_this_outage,40.8380546569824,2026-05-06T13:07:42.310Z
sensor.ups_monitor_wh_delivered_this_outage,40.858699798584,2026-05-06T13:07:47.310Z
sensor.ups_monitor_wh_delivered_this_outage,40.879753112793,2026-05-06T13:07:52.310Z
sensor.ups_monitor_wh_delivered_this_outage,40.9008293151855,2026-05-06T13:07:57.310Z
sensor.ups_monitor_wh_delivered_this_outage,40.9218406677246,2026-05-06T13:08:02.310Z
sensor.ups_monitor_wh_delivered_this_outage,40.9422607421875,2026-05-06T13:08:07.309Z
sensor.ups_monitor_wh_delivered_this_outage,40.962718963623,2026-05-06T13:08:12.311Z
sensor.ups_monitor_wh_delivered_this_outage,40.9832458496094,2026-05-06T13:08:17.311Z
sensor.ups_monitor_wh_delivered_this_outage,41.0044250488281,2026-05-06T13:08:22.326Z
sensor.ups_monitor_wh_delivered_this_outage,41.0255470275879,2026-05-06T13:08:27.312Z
sensor.ups_monitor_wh_delivered_this_outage,41.0459899902344,2026-05-06T13:08:32.312Z
sensor.ups_monitor_wh_delivered_this_outage,41.0663070678711,2026-05-06T13:08:37.326Z
sensor.ups_monitor_wh_delivered_this_outage,41.0864906311035,2026-05-06T13:08:42.313Z
sensor.ups_monitor_wh_delivered_this_outage,41.106861114502,2026-05-06T13:08:47.328Z
sensor.ups_monitor_wh_delivered_this_outage,41.1272239685059,2026-05-06T13:08:52.315Z
sensor.ups_monitor_wh_delivered_this_outage,41.1476974487305,2026-05-06T13:08:57.329Z
sensor.ups_monitor_wh_delivered_this_outage,41.1681747436523,2026-05-06T13:09:02.319Z
sensor.ups_monitor_wh_delivered_this_outage,41.1885032653809,2026-05-06T13:09:07.316Z
sensor.ups_monitor_wh_delivered_this_outage,41.2088775634766,2026-05-06T13:09:12.315Z
sensor.ups_monitor_wh_delivered_this_outage,41.2298889160156,2026-05-06T13:09:17.315Z
sensor.ups_monitor_wh_delivered_this_outage,41.2507629394531,2026-05-06T13:09:22.315Z
sensor.ups_monitor_wh_delivered_this_outage,41.2709007263184,2026-05-06T13:09:27.335Z
sensor.ups_monitor_wh_delivered_this_outage,41.2917213439941,2026-05-06T13:09:32.317Z
sensor.ups_monitor_wh_delivered_this_outage,41.3125877380371,2026-05-06T13:09:37.317Z
sensor.ups_monitor_wh_delivered_this_outage,41.3330993652344,2026-05-06T13:09:42.316Z
sensor.ups_monitor_wh_delivered_this_outage,41.3537254333496,2026-05-06T13:09:47.316Z
sensor.ups_monitor_wh_delivered_this_outage,41.3741836547852,2026-05-06T13:09:52.317Z
sensor.ups_monitor_wh_delivered_this_outage,41.3946914672852,2026-05-06T13:09:57.317Z
sensor.ups_monitor_wh_delivered_this_outage,41.4150199890137,2026-05-06T13:10:02.317Z
sensor.ups_monitor_wh_delivered_this_outage,41.4353942871094,2026-05-06T13:10:07.318Z
sensor.ups_monitor_wh_delivered_this_outage,41.4561233520508,2026-05-06T13:10:12.319Z
sensor.ups_monitor_wh_delivered_this_outage,41.4770851135254,2026-05-06T13:10:17.322Z
sensor.ups_monitor_wh_delivered_this_outage,41.4977149963379,2026-05-06T13:10:22.336Z
sensor.ups_monitor_wh_delivered_this_outage,41.5184745788574,2026-05-06T13:10:27.338Z
sensor.ups_monitor_wh_delivered_this_outage,41.5396690368652,2026-05-06T13:10:32.327Z
sensor.ups_monitor_wh_delivered_this_outage,41.560245513916,2026-05-06T13:10:37.325Z
sensor.ups_monitor_wh_delivered_this_outage,41.5806732177734,2026-05-06T13:10:42.325Z
sensor.ups_monitor_wh_delivered_this_outage,41.6011695861816,2026-05-06T13:10:47.326Z
sensor.ups_monitor_wh_delivered_this_outage,41.6215171813965,2026-05-06T13:10:52.327Z
sensor.ups_monitor_wh_delivered_this_outage,41.6421585083008,2026-05-06T13:10:57.325Z
sensor.ups_monitor_wh_delivered_this_outage,41.6631240844727,2026-05-06T13:11:02.325Z
sensor.ups_monitor_wh_delivered_this_outage,41.683837890625,2026-05-06T13:11:07.325Z
sensor.ups_monitor_wh_delivered_this_outage,41.7039604187012,2026-05-06T13:11:12.326Z
sensor.ups_monitor_wh_delivered_this_outage,41.7242393493652,2026-05-06T13:11:17.325Z
sensor.ups_monitor_wh_delivered_this_outage,41.7447242736816,2026-05-06T13:11:22.326Z
sensor.ups_monitor_wh_delivered_this_outage,41.7650527954102,2026-05-06T13:11:27.328Z
sensor.ups_monitor_wh_delivered_this_outage,41.7853050231934,2026-05-06T13:11:32.331Z
sensor.ups_monitor_wh_delivered_this_outage,41.8059501647949,2026-05-06T13:11:37.331Z
sensor.ups_monitor_wh_delivered_this_outage,41.8265914916992,2026-05-06T13:11:42.347Z
sensor.ups_monitor_wh_delivered_this_outage,41.8467788696289,2026-05-06T13:11:47.336Z
sensor.ups_monitor_wh_delivered_this_outage,41.8670463562012,2026-05-06T13:11:52.338Z
sensor.ups_monitor_wh_delivered_this_outage,41.887638092041,2026-05-06T13:11:57.338Z
sensor.ups_monitor_wh_delivered_this_outage,41.9088745117188,2026-05-06T13:12:02.341Z
sensor.ups_monitor_wh_delivered_this_outage,41.9299774169922,2026-05-06T13:12:07.340Z
sensor.ups_monitor_wh_delivered_this_outage,41.9510650634766,2026-05-06T13:12:12.346Z
sensor.ups_monitor_wh_delivered_this_outage,41.972412109375,2026-05-06T13:12:17.346Z
sensor.ups_monitor_wh_delivered_this_outage,41.993221282959,2026-05-06T13:12:22.347Z
sensor.ups_monitor_wh_delivered_this_outage,42.0137252807617,2026-05-06T13:12:27.348Z
sensor.ups_monitor_wh_delivered_this_outage,42.0343742370605,2026-05-06T13:12:32.349Z
sensor.ups_monitor_wh_delivered_this_outage,42.0551109313965,2026-05-06T13:12:37.364Z
sensor.ups_monitor_wh_delivered_this_outage,42.0754890441895,2026-05-06T13:12:42.352Z
sensor.ups_monitor_wh_delivered_this_outage,42.0957908630371,2026-05-06T13:12:47.352Z
sensor.ups_monitor_wh_delivered_this_outage,42.1162796020508,2026-05-06T13:12:52.352Z
sensor.ups_monitor_wh_delivered_this_outage,42.1370391845703,2026-05-06T13:12:57.365Z
sensor.ups_monitor_wh_delivered_this_outage,42.1577033996582,2026-05-06T13:13:02.353Z
sensor.ups_monitor_wh_delivered_this_outage,42.1785202026367,2026-05-06T13:13:07.354Z
sensor.ups_monitor_wh_delivered_this_outage,42.1992034912109,2026-05-06T13:13:12.355Z
sensor.ups_monitor_wh_delivered_this_outage,42.220573425293,2026-05-06T13:13:17.354Z
sensor.ups_monitor_wh_delivered_this_outage,42.2423934936523,2026-05-06T13:13:22.368Z
sensor.ups_monitor_wh_delivered_this_outage,42.263313293457,2026-05-06T13:13:27.356Z
sensor.ups_monitor_wh_delivered_this_outage,42.2840690612793,2026-05-06T13:13:32.356Z
sensor.ups_monitor_wh_delivered_this_outage,42.3045654296875,2026-05-06T13:13:37.355Z
sensor.ups_monitor_wh_delivered_this_outage,42.3250923156738,2026-05-06T13:13:42.356Z
sensor.ups_monitor_wh_delivered_this_outage,42.3456192016602,2026-05-06T13:13:47.357Z
sensor.ups_monitor_wh_delivered_this_outage,42.3670043945312,2026-05-06T13:13:52.357Z
sensor.ups_monitor_wh_delivered_this_outage,42.3883857727051,2026-05-06T13:13:57.372Z
sensor.ups_monitor_wh_delivered_this_outage,42.4085845947266,2026-05-06T13:14:02.358Z
sensor.ups_monitor_wh_delivered_this_outage,42.4286041259766,2026-05-06T13:14:07.372Z
sensor.ups_monitor_wh_delivered_this_outage,42.4489097595215,2026-05-06T13:14:12.363Z
sensor.ups_monitor_wh_delivered_this_outage,42.4693183898926,2026-05-06T13:14:17.364Z
sensor.ups_monitor_wh_delivered_this_outage,42.4897766113281,2026-05-06T13:14:22.378Z
sensor.ups_monitor_wh_delivered_this_outage,42.5100517272949,2026-05-06T13:14:27.365Z
sensor.ups_monitor_wh_delivered_this_outage,42.5306816101074,2026-05-06T13:14:32.378Z
sensor.ups_monitor_wh_delivered_this_outage,42.5516662597656,2026-05-06T13:14:37.365Z
sensor.ups_monitor_wh_delivered_this_outage,42.5721588134766,2026-05-06T13:14:42.380Z
sensor.ups_monitor_wh_delivered_this_outage,42.5923538208008,2026-05-06T13:14:47.367Z
sensor.ups_monitor_wh_delivered_this_outage,42.612964630127,2026-05-06T13:14:52.367Z
sensor.ups_monitor_wh_delivered_this_outage,42.6336669921875,2026-05-06T13:14:57.368Z
sensor.ups_monitor_wh_delivered_this_outage,42.6546173095703,2026-05-06T13:15:02.370Z
sensor.ups_monitor_wh_delivered_this_outage,42.676383972168,2026-05-06T13:15:07.370Z
sensor.ups_monitor_wh_delivered_this_outage,42.697868347168,2026-05-06T13:15:12.370Z
sensor.ups_monitor_wh_delivered_this_outage,42.7193298339844,2026-05-06T13:15:17.383Z
sensor.ups_monitor_wh_delivered_this_outage,42.741081237793,2026-05-06T13:15:22.385Z
sensor.ups_monitor_wh_delivered_this_outage,42.7622756958008,2026-05-06T13:15:27.387Z
sensor.ups_monitor_wh_delivered_this_outage,42.782829284668,2026-05-06T13:15:32.374Z
sensor.ups_monitor_wh_delivered_this_outage,42.8030204772949,2026-05-06T13:15:37.374Z
sensor.ups_monitor_wh_delivered_this_outage,42.8234634399414,2026-05-06T13:15:42.376Z
sensor.ups_monitor_wh_delivered_this_outage,42.8442001342773,2026-05-06T13:15:47.376Z
sensor.ups_monitor_wh_delivered_this_outage,42.864875793457,2026-05-06T13:15:52.376Z
sensor.ups_monitor_wh_delivered_this_outage,42.8861274719238,2026-05-06T13:15:57.378Z
sensor.ups_monitor_wh_delivered_this_outage,42.9073944091797,2026-05-06T13:16:02.376Z
sensor.ups_monitor_wh_delivered_this_outage,42.928092956543,2026-05-06T13:16:07.376Z
sensor.ups_monitor_wh_delivered_this_outage,42.9483833312988,2026-05-06T13:16:12.380Z
sensor.ups_monitor_wh_delivered_this_outage,42.9684944152832,2026-05-06T13:16:17.382Z
sensor.ups_monitor_wh_delivered_this_outage,42.9894981384277,2026-05-06T13:16:22.385Z
sensor.ups_monitor_wh_delivered_this_outage,43.0106964111328,2026-05-06T13:16:27.382Z
sensor.ups_monitor_wh_delivered_this_outage,43.0311737060547,2026-05-06T13:16:32.383Z
sensor.ups_monitor_wh_delivered_this_outage,43.0516052246094,2026-05-06T13:16:37.382Z
sensor.ups_monitor_wh_delivered_this_outage,43.0721817016602,2026-05-06T13:16:42.381Z
sensor.ups_monitor_wh_delivered_this_outage,43.0927085876465,2026-05-06T13:16:47.383Z
sensor.ups_monitor_wh_delivered_this_outage,43.1131362915039,2026-05-06T13:16:52.398Z
sensor.ups_monitor_wh_delivered_this_outage,43.1340484619141,2026-05-06T13:16:57.399Z
sensor.ups_monitor_wh_delivered_this_outage,43.1554985046387,2026-05-06T13:17:02.387Z
sensor.ups_monitor_wh_delivered_this_outage,43.1771850585938,2026-05-06T13:17:07.388Z
sensor.ups_monitor_wh_delivered_this_outage,43.1980514526367,2026-05-06T13:17:12.388Z
sensor.ups_monitor_wh_delivered_this_outage,43.2179985046387,2026-05-06T13:17:17.389Z
sensor.ups_monitor_wh_delivered_this_outage,43.2385559082031,2026-05-06T13:17:22.390Z
sensor.ups_monitor_wh_delivered_this_outage,43.2591171264648,2026-05-06T13:17:27.404Z
sensor.ups_monitor_wh_delivered_this_outage,43.2793579101562,2026-05-06T13:17:32.390Z
sensor.ups_monitor_wh_delivered_this_outage,43.2999153137207,2026-05-06T13:17:37.389Z
sensor.ups_monitor_wh_delivered_this_outage,43.3208770751953,2026-05-06T13:17:42.390Z
sensor.ups_monitor_wh_delivered_this_outage,43.3425941467285,2026-05-06T13:17:47.405Z
sensor.ups_monitor_wh_delivered_this_outage,43.3638534545898,2026-05-06T13:17:52.391Z
sensor.ups_monitor_wh_delivered_this_outage,43.3850288391113,2026-05-06T13:17:57.405Z
sensor.ups_monitor_wh_delivered_this_outage,43.4072875976562,2026-05-06T13:18:02.397Z
sensor.ups_monitor_wh_delivered_this_outage,43.4286155700684,2026-05-06T13:18:07.396Z
sensor.ups_monitor_wh_delivered_this_outage,43.4489479064941,2026-05-06T13:18:12.409Z
sensor.ups_monitor_wh_delivered_this_outage,43.4696998596191,2026-05-06T13:18:17.396Z
sensor.ups_monitor_wh_delivered_this_outage,43.4909248352051,2026-05-06T13:18:22.411Z
sensor.ups_monitor_wh_delivered_this_outage,43.5118637084961,2026-05-06T13:18:27.398Z
sensor.ups_monitor_wh_delivered_this_outage,43.5324630737305,2026-05-06T13:18:32.397Z
sensor.ups_monitor_wh_delivered_this_outage,43.5534934997559,2026-05-06T13:18:37.397Z
sensor.ups_monitor_wh_delivered_this_outage,43.5747451782227,2026-05-06T13:18:42.396Z
sensor.ups_monitor_wh_delivered_this_outage,43.5960807800293,2026-05-06T13:18:47.397Z
sensor.ups_monitor_wh_delivered_this_outage,43.6172828674316,2026-05-06T13:18:52.398Z
sensor.ups_monitor_wh_delivered_this_outage,43.638427734375,2026-05-06T13:18:57.397Z
sensor.ups_monitor_wh_delivered_this_outage,43.6596031188965,2026-05-06T13:19:02.397Z
sensor.ups_monitor_wh_delivered_this_outage,43.6804389953613,2026-05-06T13:19:07.412Z
sensor.ups_monitor_wh_delivered_this_outage,43.7010879516602,2026-05-06T13:19:12.400Z
sensor.ups_monitor_wh_delivered_this_outage,43.7217216491699,2026-05-06T13:19:17.401Z
sensor.ups_monitor_wh_delivered_this_outage,43.7422027587891,2026-05-06T13:19:22.401Z
sensor.ups_monitor_wh_delivered_this_outage,43.7628517150879,2026-05-06T13:19:27.401Z
sensor.ups_monitor_wh_delivered_this_outage,43.7836456298828,2026-05-06T13:19:32.401Z
sensor.ups_monitor_wh_delivered_this_outage,43.8044738769531,2026-05-06T13:19:37.401Z
sensor.ups_monitor_wh_delivered_this_outage,43.8253211975098,2026-05-06T13:19:42.402Z
sensor.ups_monitor_wh_delivered_this_outage,43.8464431762695,2026-05-06T13:19:47.402Z
sensor.ups_monitor_wh_delivered_this_outage,43.8674278259277,2026-05-06T13:19:52.402Z
sensor.ups_monitor_wh_delivered_this_outage,43.8878326416016,2026-05-06T13:19:57.403Z
sensor.ups_monitor_wh_delivered_this_outage,43.9080429077148,2026-05-06T13:20:02.403Z
sensor.ups_monitor_wh_delivered_this_outage,43.9291343688965,2026-05-06T13:20:07.405Z
sensor.ups_monitor_wh_delivered_this_outage,43.9504776000977,2026-05-06T13:20:12.407Z
sensor.ups_monitor_wh_delivered_this_outage,43.9709815979004,2026-05-06T13:20:17.409Z
sensor.ups_monitor_wh_delivered_this_outage,43.9920349121094,2026-05-06T13:20:22.413Z
sensor.ups_monitor_wh_delivered_this_outage,44.0136947631836,2026-05-06T13:20:27.414Z
sensor.ups_monitor_wh_delivered_this_outage,44.034740447998,2026-05-06T13:20:32.412Z
sensor.ups_monitor_wh_delivered_this_outage,44.0552253723145,2026-05-06T13:20:37.412Z
sensor.ups_monitor_wh_delivered_this_outage,44.0758399963379,2026-05-06T13:20:42.412Z
sensor.ups_monitor_wh_delivered_this_outage,44.0972900390625,2026-05-06T13:20:47.412Z
sensor.ups_monitor_wh_delivered_this_outage,44.118766784668,2026-05-06T13:20:52.425Z
sensor.ups_monitor_wh_delivered_this_outage,44.139404296875,2026-05-06T13:20:57.413Z
sensor.ups_monitor_wh_delivered_this_outage,44.1596527099609,2026-05-06T13:21:02.414Z
sensor.ups_monitor_wh_delivered_this_outage,44.1799201965332,2026-05-06T13:21:07.414Z
sensor.ups_monitor_wh_delivered_this_outage,44.2008514404297,2026-05-06T13:21:12.413Z
sensor.ups_monitor_wh_delivered_this_outage,44.2222900390625,2026-05-06T13:21:17.415Z
sensor.ups_monitor_wh_delivered_this_outage,44.2433052062988,2026-05-06T13:21:22.426Z
sensor.ups_monitor_wh_delivered_this_outage,44.264347076416,2026-05-06T13:21:27.406Z
sensor.ups_monitor_wh_delivered_this_outage,44.2853775024414,2026-05-06T13:21:32.319Z
sensor.ups_monitor_wh_delivered_this_outage,44.306022644043,2026-05-06T13:21:37.418Z
sensor.ups_monitor_wh_delivered_this_outage,44.3264961242676,2026-05-06T13:21:42.433Z
sensor.ups_monitor_wh_delivered_this_outage,44.346736907959,2026-05-06T13:21:47.438Z
sensor.ups_monitor_wh_delivered_this_outage,44.3677978515625,2026-05-06T13:21:52.421Z
sensor.ups_monitor_wh_delivered_this_outage,44.3887557983398,2026-05-06T13:21:57.327Z
sensor.ups_monitor_wh_delivered_this_outage,44.4099082946777,2026-05-06T13:22:02.421Z
sensor.ups_monitor_wh_delivered_this_outage,44.431209564209,2026-05-06T13:22:07.425Z
sensor.ups_monitor_wh_delivered_this_outage,44.451847076416,2026-05-06T13:22:12.423Z
sensor.ups_monitor_wh_delivered_this_outage,44.4724464416504,2026-05-06T13:22:17.436Z
sensor.ups_monitor_wh_delivered_this_outage,44.4934196472168,2026-05-06T13:22:22.423Z
sensor.ups_monitor_wh_delivered_this_outage,44.5142669677734,2026-05-06T13:22:27.423Z
sensor.ups_monitor_wh_delivered_this_outage,44.5348434448242,2026-05-06T13:22:32.424Z
sensor.ups_monitor_wh_delivered_this_outage,44.555549621582,2026-05-06T13:22:37.425Z
sensor.ups_monitor_wh_delivered_this_outage,44.5766334533691,2026-05-06T13:22:42.428Z
sensor.ups_monitor_wh_delivered_this_outage,44.5981788635254,2026-05-06T13:22:47.429Z
sensor.ups_monitor_wh_delivered_this_outage,44.619384765625,2026-05-06T13:22:52.429Z
sensor.ups_monitor_wh_delivered_this_outage,44.6408042907715,2026-05-06T13:22:57.444Z
sensor.ups_monitor_wh_delivered_this_outage,44.6619033813477,2026-05-06T13:23:02.431Z
sensor.ups_monitor_wh_delivered_this_outage,44.6822738647461,2026-05-06T13:23:07.445Z
sensor.ups_monitor_wh_delivered_this_outage,44.7030944824219,2026-05-06T13:23:12.432Z
sensor.ups_monitor_wh_delivered_this_outage,44.7240829467773,2026-05-06T13:23:17.433Z
sensor.ups_monitor_wh_delivered_this_outage,44.7447776794434,2026-05-06T13:23:22.446Z
sensor.ups_monitor_wh_delivered_this_outage,44.765754699707,2026-05-06T13:23:27.448Z
sensor.ups_monitor_wh_delivered_this_outage,44.7863349914551,2026-05-06T13:23:32.435Z
sensor.ups_monitor_wh_delivered_this_outage,44.8069915771484,2026-05-06T13:23:37.448Z
sensor.ups_monitor_wh_delivered_this_outage,44.8278884887695,2026-05-06T13:23:42.435Z
sensor.ups_monitor_wh_delivered_this_outage,44.8484420776367,2026-05-06T13:23:47.439Z
sensor.ups_monitor_wh_delivered_this_outage,44.8688125610352,2026-05-06T13:23:52.437Z
sensor.ups_monitor_wh_delivered_this_outage,44.8896446228027,2026-05-06T13:23:57.438Z
sensor.ups_monitor_wh_delivered_this_outage,44.9107322692871,2026-05-06T13:24:02.343Z
sensor.ups_monitor_wh_delivered_this_outage,44.9316291809082,2026-05-06T13:24:07.441Z
sensor.ups_monitor_wh_delivered_this_outage,44.9522094726562,2026-05-06T13:24:12.454Z
sensor.ups_monitor_wh_delivered_this_outage,44.9724273681641,2026-05-06T13:24:17.442Z
sensor.ups_monitor_wh_delivered_this_outage,44.9926147460938,2026-05-06T13:24:22.444Z
sensor.ups_monitor_wh_delivered_this_outage,45.012767791748,2026-05-06T13:24:27.448Z
sensor.ups_monitor_wh_delivered_this_outage,45.0329513549805,2026-05-06T13:24:32.461Z
sensor.ups_monitor_wh_delivered_this_outage,45.0530052185059,2026-05-06T13:24:37.462Z
sensor.ups_monitor_wh_delivered_this_outage,45.0732955932617,2026-05-06T13:24:42.465Z
sensor.ups_monitor_wh_delivered_this_outage,45.0935211181641,2026-05-06T13:24:47.449Z
sensor.ups_monitor_wh_delivered_this_outage,45.1137886047363,2026-05-06T13:24:52.449Z
sensor.ups_monitor_wh_delivered_this_outage,45.1351890563965,2026-05-06T13:24:57.462Z
sensor.ups_monitor_wh_delivered_this_outage,45.1568946838379,2026-05-06T13:25:02.462Z
sensor.ups_monitor_wh_delivered_this_outage,45.177677154541,2026-05-06T13:25:07.449Z
sensor.ups_monitor_wh_delivered_this_outage,45.1982116699219,2026-05-06T13:25:12.449Z
sensor.ups_monitor_wh_delivered_this_outage,45.219123840332,2026-05-06T13:25:17.462Z
sensor.ups_monitor_wh_delivered_this_outage,45.2404823303223,2026-05-06T13:25:22.464Z
sensor.ups_monitor_wh_delivered_this_outage,45.2615203857422,2026-05-06T13:25:27.451Z
sensor.ups_monitor_wh_delivered_this_outage,45.2817878723145,2026-05-06T13:25:32.451Z
sensor.ups_monitor_wh_delivered_this_outage,45.302375793457,2026-05-06T13:25:37.464Z
sensor.ups_monitor_wh_delivered_this_outage,45.3232536315918,2026-05-06T13:25:42.452Z
sensor.ups_monitor_wh_delivered_this_outage,45.3440742492676,2026-05-06T13:25:47.452Z
sensor.ups_monitor_wh_delivered_this_outage,45.3646583557129,2026-05-06T13:25:52.453Z
sensor.ups_monitor_wh_delivered_this_outage,45.3853416442871,2026-05-06T13:25:57.456Z
sensor.ups_monitor_wh_delivered_this_outage,45.4067611694336,2026-05-06T13:26:02.455Z
sensor.ups_monitor_wh_delivered_this_outage,45.4281120300293,2026-05-06T13:26:07.456Z
sensor.ups_monitor_wh_delivered_this_outage,45.4487838745117,2026-05-06T13:26:12.470Z
sensor.ups_monitor_wh_delivered_this_outage,45.4698219299316,2026-05-06T13:26:17.473Z
sensor.ups_monitor_wh_delivered_this_outage,45.4907112121582,2026-05-06T13:26:22.458Z
sensor.ups_monitor_wh_delivered_this_outage,45.5111274719238,2026-05-06T13:26:27.463Z
sensor.ups_monitor_wh_delivered_this_outage,45.5324363708496,2026-05-06T13:26:32.459Z
sensor.ups_monitor_wh_delivered_this_outage,45.5533905029297,2026-05-06T13:26:37.474Z
sensor.ups_monitor_wh_delivered_this_outage,45.5743598937988,2026-05-06T13:26:42.368Z
sensor.ups_monitor_wh_delivered_this_outage,45.5955619812012,2026-05-06T13:26:47.463Z
sensor.ups_monitor_wh_delivered_this_outage,45.6164245605469,2026-05-06T13:26:52.463Z
sensor.ups_monitor_wh_delivered_this_outage,45.6371994018555,2026-05-06T13:26:57.477Z
sensor.ups_monitor_wh_delivered_this_outage,45.6590919494629,2026-05-06T13:27:02.478Z
sensor.ups_monitor_wh_delivered_this_outage,45.6819305419922,2026-05-06T13:27:07.464Z
sensor.ups_monitor_wh_delivered_this_outage,45.703125,2026-05-06T13:27:12.478Z
sensor.ups_monitor_wh_delivered_this_outage,45.7236251831055,2026-05-06T13:27:17.467Z
sensor.ups_monitor_wh_delivered_this_outage,45.7448997497559,2026-05-06T13:27:22.481Z
sensor.ups_monitor_wh_delivered_this_outage,45.7659111022949,2026-05-06T13:27:27.481Z
sensor.ups_monitor_wh_delivered_this_outage,45.7863655090332,2026-05-06T13:27:32.467Z
sensor.ups_monitor_wh_delivered_this_outage,45.8080596923828,2026-05-06T13:27:37.481Z
sensor.ups_monitor_wh_delivered_this_outage,45.8306083679199,2026-05-06T13:27:42.373Z
sensor.ups_monitor_wh_delivered_this_outage,45.8522491455078,2026-05-06T13:27:47.468Z
sensor.ups_monitor_wh_delivered_this_outage,45.8728828430176,2026-05-06T13:27:52.472Z
sensor.ups_monitor_wh_delivered_this_outage,45.893310546875,2026-05-06T13:27:57.486Z
sensor.ups_monitor_wh_delivered_this_outage,45.9141006469727,2026-05-06T13:28:02.473Z
sensor.ups_monitor_wh_delivered_this_outage,45.9346618652344,2026-05-06T13:28:07.473Z
sensor.ups_monitor_wh_delivered_this_outage,45.9549293518066,2026-05-06T13:28:12.486Z
sensor.ups_monitor_wh_delivered_this_outage,45.9751396179199,2026-05-06T13:28:17.479Z
sensor.ups_monitor_wh_delivered_this_outage,45.9955787658691,2026-05-06T13:28:22.491Z
sensor.ups_monitor_wh_delivered_this_outage,46.016414642334,2026-05-06T13:28:27.487Z
sensor.ups_monitor_wh_delivered_this_outage,46.0371894836426,2026-05-06T13:28:32.473Z
sensor.ups_monitor_wh_delivered_this_outage,46.0575561523438,2026-05-06T13:28:37.486Z
sensor.ups_monitor_wh_delivered_this_outage,46.0781211853027,2026-05-06T13:28:42.473Z
sensor.ups_monitor_wh_delivered_this_outage,46.0988883972168,2026-05-06T13:28:47.473Z
sensor.ups_monitor_wh_delivered_this_outage,46.1193695068359,2026-05-06T13:28:52.487Z
sensor.ups_monitor_wh_delivered_this_outage,46.1399955749512,2026-05-06T13:28:57.379Z
sensor.ups_monitor_wh_delivered_this_outage,46.1603507995605,2026-05-06T13:29:02.473Z
sensor.ups_monitor_wh_delivered_this_outage,46.1809730529785,2026-05-06T13:29:07.488Z
sensor.ups_monitor_wh_delivered_this_outage,46.2016105651855,2026-05-06T13:29:12.475Z
sensor.ups_monitor_wh_delivered_this_outage,46.2219696044922,2026-05-06T13:29:17.475Z
sensor.ups_monitor_wh_delivered_this_outage,46.2425956726074,2026-05-06T13:29:22.475Z
sensor.ups_monitor_wh_delivered_this_outage,46.2632598876953,2026-05-06T13:29:27.488Z
sensor.ups_monitor_wh_delivered_this_outage,46.2841682434082,2026-05-06T13:29:32.475Z
sensor.ups_monitor_wh_delivered_this_outage,46.3046379089355,2026-05-06T13:29:37.489Z
sensor.ups_monitor_wh_delivered_this_outage,46.3246002197266,2026-05-06T13:29:42.382Z
sensor.ups_monitor_wh_delivered_this_outage,46.3454246520996,2026-05-06T13:29:47.479Z
sensor.ups_monitor_wh_delivered_this_outage,46.3663673400879,2026-05-06T13:29:52.382Z
sensor.ups_monitor_wh_delivered_this_outage,46.3865814208984,2026-05-06T13:29:57.477Z
sensor.ups_monitor_wh_delivered_this_outage,46.4079399108887,2026-05-06T13:30:02.479Z
sensor.ups_monitor_wh_delivered_this_outage,46.4298057556152,2026-05-06T13:30:07.493Z
sensor.ups_monitor_wh_delivered_this_outage,46.4504318237305,2026-05-06T13:30:12.480Z
sensor.ups_monitor_wh_delivered_this_outage,46.4707450866699,2026-05-06T13:30:17.484Z
sensor.ups_monitor_wh_delivered_this_outage,46.4910469055176,2026-05-06T13:30:22.489Z
sensor.ups_monitor_wh_delivered_this_outage,46.5118217468262,2026-05-06T13:30:27.493Z
sensor.ups_monitor_wh_delivered_this_outage,46.5328102111816,2026-05-06T13:30:32.489Z
sensor.ups_monitor_wh_delivered_this_outage,46.5537719726562,2026-05-06T13:30:37.489Z
sensor.ups_monitor_wh_delivered_this_outage,46.5747756958008,2026-05-06T13:30:42.395Z
sensor.ups_monitor_wh_delivered_this_outage,46.5957489013672,2026-05-06T13:30:47.489Z
sensor.ups_monitor_wh_delivered_this_outage,46.6170234680176,2026-05-06T13:30:52.489Z
sensor.ups_monitor_wh_delivered_this_outage,46.6379814147949,2026-05-06T13:30:57.395Z
sensor.ups_monitor_wh_delivered_this_outage,46.6596565246582,2026-05-06T13:31:02.493Z
sensor.ups_monitor_wh_delivered_this_outage,46.6816558837891,2026-05-06T13:31:07.490Z
sensor.ups_monitor_wh_delivered_this_outage,46.7023811340332,2026-05-06T13:31:12.490Z
sensor.ups_monitor_wh_delivered_this_outage,46.7226181030273,2026-05-06T13:31:17.490Z
sensor.ups_monitor_wh_delivered_this_outage,46.7430534362793,2026-05-06T13:31:22.490Z
sensor.ups_monitor_wh_delivered_this_outage,46.7643432617188,2026-05-06T13:31:27.490Z
sensor.ups_monitor_wh_delivered_this_outage,46.7857666015625,2026-05-06T13:31:32.492Z
sensor.ups_monitor_wh_delivered_this_outage,46.8068199157715,2026-05-06T13:31:37.492Z
sensor.ups_monitor_wh_delivered_this_outage,46.827938079834,2026-05-06T13:31:42.504Z
sensor.ups_monitor_wh_delivered_this_outage,46.849437713623,2026-05-06T13:31:47.401Z
sensor.ups_monitor_wh_delivered_this_outage,46.8706588745117,2026-05-06T13:31:52.497Z
sensor.ups_monitor_wh_delivered_this_outage,46.8908195495605,2026-05-06T13:31:57.499Z
sensor.ups_monitor_wh_delivered_this_outage,46.9113960266113,2026-05-06T13:32:02.516Z
sensor.ups_monitor_wh_delivered_this_outage,46.9322395324707,2026-05-06T13:32:07.505Z
sensor.ups_monitor_wh_delivered_this_outage,46.9529113769531,2026-05-06T13:32:12.505Z
sensor.ups_monitor_wh_delivered_this_outage,46.9734916687012,2026-05-06T13:32:17.509Z
sensor.ups_monitor_wh_delivered_this_outage,46.9939384460449,2026-05-06T13:32:22.512Z
sensor.ups_monitor_wh_delivered_this_outage,47.0145988464355,2026-05-06T13:32:27.514Z
sensor.ups_monitor_wh_delivered_this_outage,47.0355911254883,2026-05-06T13:32:32.515Z
sensor.ups_monitor_wh_delivered_this_outage,47.0565643310547,2026-05-06T13:32:37.516Z
sensor.ups_monitor_wh_delivered_this_outage,47.0775604248047,2026-05-06T13:32:42.529Z
sensor.ups_monitor_wh_delivered_this_outage,47.0983352661133,2026-05-06T13:32:47.516Z
sensor.ups_monitor_wh_delivered_this_outage,47.1192588806152,2026-05-06T13:32:52.516Z
sensor.ups_monitor_wh_delivered_this_outage,47.1401443481445,2026-05-06T13:32:57.519Z
sensor.ups_monitor_wh_delivered_this_outage,47.1603736877441,2026-05-06T13:33:02.519Z
sensor.ups_monitor_wh_delivered_this_outage,47.1808891296387,2026-05-06T13:33:07.519Z
sensor.ups_monitor_wh_delivered_this_outage,47.2019119262695,2026-05-06T13:33:12.520Z
sensor.ups_monitor_wh_delivered_this_outage,47.223030090332,2026-05-06T13:33:17.524Z
sensor.ups_monitor_wh_delivered_this_outage,47.2439079284668,2026-05-06T13:33:22.527Z
sensor.ups_monitor_wh_delivered_this_outage,47.2646484375,2026-05-06T13:33:27.530Z
sensor.ups_monitor_wh_delivered_this_outage,47.2856979370117,2026-05-06T13:33:32.435Z
sensor.ups_monitor_wh_delivered_this_outage,47.3072662353516,2026-05-06T13:33:37.531Z
sensor.ups_monitor_wh_delivered_this_outage,47.3286666870117,2026-05-06T13:33:42.529Z
sensor.ups_monitor_wh_delivered_this_outage,47.349739074707,2026-05-06T13:33:47.546Z
sensor.ups_monitor_wh_delivered_this_outage,47.370777130127,2026-05-06T13:33:52.533Z
sensor.ups_monitor_wh_delivered_this_outage,47.3919296264648,2026-05-06T13:33:57.541Z
sensor.ups_monitor_wh_delivered_this_outage,47.4127006530762,2026-05-06T13:34:02.530Z
sensor.ups_monitor_wh_delivered_this_outage,47.4336433410645,2026-05-06T13:34:07.541Z
sensor.ups_monitor_wh_delivered_this_outage,47.4552726745605,2026-05-06T13:34:12.527Z
sensor.ups_monitor_wh_delivered_this_outage,47.4765663146973,2026-05-06T13:34:17.533Z
sensor.ups_monitor_wh_delivered_this_outage,47.4974899291992,2026-05-06T13:34:22.542Z
sensor.ups_monitor_wh_delivered_this_outage,47.5182418823242,2026-05-06T13:34:27.544Z
sensor.ups_monitor_wh_delivered_this_outage,47.5387916564941,2026-05-06T13:34:32.442Z
sensor.ups_monitor_wh_delivered_this_outage,47.5597915649414,2026-05-06T13:34:37.553Z
sensor.ups_monitor_wh_delivered_this_outage,47.5809135437012,2026-05-06T13:34:42.538Z
sensor.ups_monitor_wh_delivered_this_outage,47.6017303466797,2026-05-06T13:34:47.550Z
sensor.ups_monitor_wh_delivered_this_outage,47.6228523254395,2026-05-06T13:34:52.539Z
sensor.ups_monitor_wh_delivered_this_outage,47.6442794799805,2026-05-06T13:34:57.542Z
sensor.ups_monitor_wh_delivered_this_outage,47.6655311584473,2026-05-06T13:35:02.551Z
sensor.ups_monitor_wh_delivered_this_outage,47.6862525939941,2026-05-06T13:35:07.542Z
sensor.ups_monitor_wh_delivered_this_outage,47.7070045471191,2026-05-06T13:35:12.543Z
sensor.ups_monitor_wh_delivered_this_outage,47.7279777526855,2026-05-06T13:35:17.546Z
sensor.ups_monitor_wh_delivered_this_outage,47.7490272521973,2026-05-06T13:35:22.549Z
sensor.ups_monitor_wh_delivered_this_outage,47.770263671875,2026-05-06T13:35:27.550Z
sensor.ups_monitor_wh_delivered_this_outage,47.7913780212402,2026-05-06T13:35:32.551Z
sensor.ups_monitor_wh_delivered_this_outage,47.8124809265137,2026-05-06T13:35:37.564Z
sensor.ups_monitor_wh_delivered_this_outage,47.8331680297852,2026-05-06T13:35:42.553Z
sensor.ups_monitor_wh_delivered_this_outage,47.8534927368164,2026-05-06T13:35:47.556Z
sensor.ups_monitor_wh_delivered_this_outage,47.8738708496094,2026-05-06T13:35:52.556Z
sensor.ups_monitor_wh_delivered_this_outage,47.894603729248,2026-05-06T13:35:57.559Z
sensor.ups_monitor_wh_delivered_this_outage,47.9158592224121,2026-05-06T13:36:02.558Z
sensor.ups_monitor_wh_delivered_this_outage,47.937385559082,2026-05-06T13:36:07.572Z
sensor.ups_monitor_wh_delivered_this_outage,47.9583892822266,2026-05-06T13:36:12.560Z
sensor.ups_monitor_wh_delivered_this_outage,47.9792213439941,2026-05-06T13:36:17.559Z
sensor.ups_monitor_wh_delivered_this_outage,48.0008506774902,2026-05-06T13:36:22.573Z
sensor.ups_monitor_wh_delivered_this_outage,48.0219955444336,2026-05-06T13:36:27.562Z
sensor.ups_monitor_wh_delivered_this_outage,48.0430946350098,2026-05-06T13:36:32.560Z
sensor.ups_monitor_wh_delivered_this_outage,48.0647468566895,2026-05-06T13:36:37.573Z
sensor.ups_monitor_wh_delivered_this_outage,48.0859985351562,2026-05-06T13:36:42.575Z
sensor.ups_monitor_wh_delivered_this_outage,48.1069641113281,2026-05-06T13:36:47.565Z
sensor.ups_monitor_wh_delivered_this_outage,48.1278839111328,2026-05-06T13:36:52.566Z
sensor.ups_monitor_wh_delivered_this_outage,48.1484832763672,2026-05-06T13:36:57.578Z
sensor.ups_monitor_wh_delivered_this_outage,48.1695861816406,2026-05-06T13:37:02.565Z
sensor.ups_monitor_wh_delivered_this_outage,48.1910972595215,2026-05-06T13:37:07.471Z
sensor.ups_monitor_wh_delivered_this_outage,48.2122650146484,2026-05-06T13:37:12.565Z
sensor.ups_monitor_wh_delivered_this_outage,48.2333564758301,2026-05-06T13:37:17.567Z
sensor.ups_monitor_wh_delivered_this_outage,48.2548599243164,2026-05-06T13:37:22.566Z
sensor.ups_monitor_wh_delivered_this_outage,48.276309967041,2026-05-06T13:37:27.472Z
sensor.ups_monitor_wh_delivered_this_outage,48.2976875305176,2026-05-06T13:37:32.567Z
sensor.ups_monitor_wh_delivered_this_outage,48.318775177002,2026-05-06T13:37:37.566Z
sensor.ups_monitor_wh_delivered_this_outage,48.3393630981445,2026-05-06T13:37:42.569Z
sensor.ups_monitor_wh_delivered_this_outage,48.3600769042969,2026-05-06T13:37:47.570Z
sensor.ups_monitor_wh_delivered_this_outage,48.3811111450195,2026-05-06T13:37:52.584Z
sensor.ups_monitor_wh_delivered_this_outage,48.4030342102051,2026-05-06T13:37:57.572Z
sensor.ups_monitor_wh_delivered_this_outage,48.4251823425293,2026-05-06T13:38:02.576Z
sensor.ups_monitor_wh_delivered_this_outage,48.4465980529785,2026-05-06T13:38:07.577Z
sensor.ups_monitor_wh_delivered_this_outage,48.4673767089844,2026-05-06T13:38:12.577Z
sensor.ups_monitor_wh_delivered_this_outage,48.4883308410645,2026-05-06T13:38:17.579Z
sensor.ups_monitor_wh_delivered_this_outage,48.5095748901367,2026-05-06T13:38:22.578Z
sensor.ups_monitor_wh_delivered_this_outage,48.5308227539062,2026-05-06T13:38:27.595Z
sensor.ups_monitor_wh_delivered_this_outage,48.551929473877,2026-05-06T13:38:32.579Z
sensor.ups_monitor_wh_delivered_this_outage,48.5725975036621,2026-05-06T13:38:37.592Z
sensor.ups_monitor_wh_delivered_this_outage,48.593635559082,2026-05-06T13:38:42.580Z
sensor.ups_monitor_wh_delivered_this_outage,48.6145820617676,2026-05-06T13:38:47.582Z
sensor.ups_monitor_wh_delivered_this_outage,48.6358642578125,2026-05-06T13:38:52.583Z
sensor.ups_monitor_wh_delivered_this_outage,48.6571006774902,2026-05-06T13:38:57.597Z
sensor.ups_monitor_wh_delivered_this_outage,48.6777114868164,2026-05-06T13:39:02.585Z
sensor.ups_monitor_wh_delivered_this_outage,48.6984672546387,2026-05-06T13:39:07.586Z
sensor.ups_monitor_wh_delivered_this_outage,48.7186584472656,2026-05-06T13:39:12.586Z
sensor.ups_monitor_wh_delivered_this_outage,48.7388000488281,2026-05-06T13:39:17.585Z
sensor.ups_monitor_wh_delivered_this_outage,48.7595977783203,2026-05-06T13:39:22.585Z
sensor.ups_monitor_wh_delivered_this_outage,48.7802658081055,2026-05-06T13:39:27.588Z
sensor.ups_monitor_wh_delivered_this_outage,48.8004302978516,2026-05-06T13:39:32.588Z
sensor.ups_monitor_wh_delivered_this_outage,48.8211555480957,2026-05-06T13:39:37.588Z
sensor.ups_monitor_wh_delivered_this_outage,48.8421325683594,2026-05-06T13:39:42.588Z
sensor.ups_monitor_wh_delivered_this_outage,48.8632774353027,2026-05-06T13:39:47.588Z
sensor.ups_monitor_wh_delivered_this_outage,48.8841934204102,2026-05-06T13:39:52.591Z
sensor.ups_monitor_wh_delivered_this_outage,48.9050903320312,2026-05-06T13:39:57.606Z
sensor.ups_monitor_wh_delivered_this_outage,48.9264335632324,2026-05-06T13:40:02.593Z
sensor.ups_monitor_wh_delivered_this_outage,48.9473876953125,2026-05-06T13:40:07.594Z
sensor.ups_monitor_wh_delivered_this_outage,48.9679107666016,2026-05-06T13:40:12.594Z
sensor.ups_monitor_wh_delivered_this_outage,48.9885063171387,2026-05-06T13:40:17.594Z
sensor.ups_monitor_wh_delivered_this_outage,unavailable,2026-05-06T14:05:29.488Z
sensor.ups_monitor_wh_delivered_this_outage,53.270751953125,2026-05-06T14:05:32.387Z
sensor.ups_monitor_wh_delivered_this_outage,unavailable,2026-05-06T14:08:44.232Z
sensor.ups_monitor_wh_delivered_this_outage,53.270751953125,2026-05-06T14:08:44.382Z
sensor.ups_monitor_wh_delivered_this_outage,unavailable,2026-05-06T14:14:35.751Z
sensor.ups_monitor_wh_delivered_this_outage,53.270751953125,2026-05-06T14:14:35.880Z
sensor.ups_monitor_wh_delivered_this_outage,unavailable,2026-05-06T14:19:55.851Z
sensor.ups_monitor_wh_delivered_this_outage,53.270751953125,2026-05-06T14:20:18.412Z
sensor.ups_monitor_wh_delivered_this_outage,unavailable,2026-05-06T14:34:20.048Z
sensor.ups_monitor_wh_delivered_this_outage,53.270751953125,2026-05-06T14:34:22.011Z
sensor.ups_monitor_wh_delivered_this_outage,unavailable,2026-05-06T16:47:22.191Z
sensor.ups_monitor_wh_delivered_this_outage,53.270751953125,2026-05-06T16:47:25.103Z
sensor.ups_monitor_wh_delivered_this_outage,unavailable,2026-05-06T18:29:50.977Z
sensor.ups_monitor_wh_delivered_this_outage,53.270751953125,2026-05-06T18:29:53.090Z
